{
    "Total-Time-Stats-Collected": [
        90.0,
        810.0
    ],
    "time": {
        "120.002": {
            "instructions": 942643899013,
            "LLC-loads": 15088122407,
            "LLC-load-misses": 1332952158,
            "LLC-stores": 4690308705,
            "LLC-store-misses": 1922652566,
            "CPU-utilization": 83.96,
            "user-CPU-utilization": 8.32,
            "sys-CPU-utilization": 75.07,
            "LLC-loads-PKI": 16.006174147838962,
            "LLC-load-misses-PKI": 1.4140569513001402,
            "LLC-stores-PKI": 4.975695180238275,
            "LLC-store-misses-PKI": 2.039638264261958
        },
        "150.003": {
            "instructions": 898552200659,
            "LLC-loads": 13875330789,
            "LLC-load-misses": 1188945608,
            "LLC-stores": 4583919464,
            "LLC-store-misses": 1832349713,
            "CPU-utilization": 81.16,
            "user-CPU-utilization": 8.94,
            "sys-CPU-utilization": 71.61,
            "LLC-loads-PKI": 15.441875028322011,
            "LLC-load-misses-PKI": 1.3231792289062616,
            "LLC-stores-PKI": 5.1014503783287655,
            "LLC-store-misses-PKI": 2.039224556632493
        },
        "180.004": {
            "instructions": 950330441640,
            "LLC-loads": 15349624748,
            "LLC-load-misses": 1334648732,
            "LLC-stores": 4773759496,
            "LLC-store-misses": 1953192824,
            "CPU-utilization": 84.92,
            "user-CPU-utilization": 8.07,
            "sys-CPU-utilization": 76.34,
            "LLC-loads-PKI": 16.1518815723833,
            "LLC-load-misses-PKI": 1.4044049033058186,
            "LLC-stores-PKI": 5.023262737708211,
            "LLC-store-misses-PKI": 2.0552775523315288
        },
        "210.005": {
            "instructions": 893899866119,
            "LLC-loads": 13703036780,
            "LLC-load-misses": 1180702340,
            "LLC-stores": 4517391545,
            "LLC-store-misses": 1818122804,
            "CPU-utilization": 80.36,
            "user-CPU-utilization": 9.21,
            "sys-CPU-utilization": 70.51,
            "LLC-loads-PKI": 15.32949863779909,
            "LLC-load-misses-PKI": 1.3208440729789968,
            "LLC-stores-PKI": 5.053576710569307,
            "LLC-store-misses-PKI": 2.0339222243019814
        },
        "240.006": {
            "instructions": 950882882755,
            "LLC-loads": 15382040877,
            "LLC-load-misses": 1324473388,
            "LLC-stores": 4751784199,
            "LLC-store-misses": 1954698516,
            "CPU-utilization": 85.07,
            "user-CPU-utilization": 7.98,
            "sys-CPU-utilization": 76.55,
            "LLC-loads-PKI": 16.176588259148698,
            "LLC-load-misses-PKI": 1.3928880328170314,
            "LLC-stores-PKI": 4.997233923522338,
            "LLC-store-misses-PKI": 2.0556669506308047
        },
        "270.007": {
            "instructions": 894471998032,
            "LLC-loads": 13752641467,
            "LLC-load-misses": 1172788372,
            "LLC-stores": 4527311047,
            "LLC-store-misses": 1818630826,
            "CPU-utilization": 80.31,
            "user-CPU-utilization": 9.33,
            "sys-CPU-utilization": 70.33,
            "LLC-loads-PKI": 15.375150364973186,
            "LLC-load-misses-PKI": 1.3111515783393402,
            "LLC-stores-PKI": 5.061434071676813,
            "LLC-store-misses-PKI": 2.0331892222465506
        },
        "300.008": {
            "instructions": 954454757791,
            "LLC-loads": 15461500281,
            "LLC-load-misses": 1318788801,
            "LLC-stores": 4755845386,
            "LLC-store-misses": 1963969624,
            "CPU-utilization": 85.31,
            "user-CPU-utilization": 8.21,
            "sys-CPU-utilization": 76.54,
            "LLC-loads-PKI": 16.199301386253506,
            "LLC-load-misses-PKI": 1.381719552692281,
            "LLC-stores-PKI": 4.982787656700437,
            "LLC-store-misses-PKI": 2.057687499557791
        },
        "330.009": {
            "instructions": 881876981965,
            "LLC-loads": 13515081519,
            "LLC-load-misses": 1178095922,
            "LLC-stores": 4470984829,
            "LLC-store-misses": 1786011582,
            "CPU-utilization": 80.11,
            "user-CPU-utilization": 9.59,
            "sys-CPU-utilization": 69.87,
            "LLC-loads-PKI": 15.32535920019782,
            "LLC-load-misses-PKI": 1.3358959878677912,
            "LLC-stores-PKI": 5.069850920746047,
            "LLC-store-misses-PKI": 2.025238914865887
        },
        "360.011": {
            "instructions": 990381057794,
            "LLC-loads": 16146085133,
            "LLC-load-misses": 1378771862,
            "LLC-stores": 4939431022,
            "LLC-store-misses": 2051322692,
            "CPU-utilization": 87.89,
            "user-CPU-utilization": 7.59,
            "sys-CPU-utilization": 79.81,
            "LLC-loads-PKI": 16.302901803235414,
            "LLC-load-misses-PKI": 1.3921629974134517,
            "LLC-stores-PKI": 4.987404578397546,
            "LLC-store-misses-PKI": 2.071245886476432
        },
        "390.012": {
            "instructions": 868520704566,
            "LLC-loads": 13201329554,
            "LLC-load-misses": 1156329509,
            "LLC-stores": 4379661276,
            "LLC-store-misses": 1745782975,
            "CPU-utilization": 78.95,
            "user-CPU-utilization": 9.89,
            "sys-CPU-utilization": 68.37,
            "LLC-loads-PKI": 15.199786815210937,
            "LLC-load-misses-PKI": 1.3313781731637797,
            "LLC-stores-PKI": 5.042667668111053,
            "LLC-store-misses-PKI": 2.0100648905916048
        },
        "420.013": {
            "instructions": 961095900933,
            "LLC-loads": 15573828987,
            "LLC-load-misses": 1319675378,
            "LLC-stores": 4839080795,
            "LLC-store-misses": 1997502716,
            "CPU-utilization": 86.31,
            "user-CPU-utilization": 7.57,
            "sys-CPU-utilization": 78.21,
            "LLC-loads-PKI": 16.204240359241407,
            "LLC-load-misses-PKI": 1.373094377698316,
            "LLC-stores-PKI": 5.0349614334036605,
            "LLC-store-misses-PKI": 2.0783594166418675
        },
        "450.015": {
            "instructions": 882774363756,
            "LLC-loads": 13546784319,
            "LLC-load-misses": 1186014908,
            "LLC-stores": 4457028184,
            "LLC-store-misses": 1779074270,
            "CPU-utilization": 79.89,
            "user-CPU-utilization": 9.75,
            "sys-CPU-utilization": 69.48,
            "LLC-loads-PKI": 15.345692937164122,
            "LLC-load-misses-PKI": 1.343508552914679,
            "LLC-stores-PKI": 5.048887198124309,
            "LLC-store-misses-PKI": 2.0153216303546153
        },
        "480.016": {
            "instructions": 955663800848,
            "LLC-loads": 15516744331,
            "LLC-load-misses": 1331480482,
            "LLC-stores": 4753652989,
            "LLC-store-misses": 1961356600,
            "CPU-utilization": 85.41,
            "user-CPU-utilization": 8.0,
            "sys-CPU-utilization": 76.88,
            "LLC-loads-PKI": 16.236614086702197,
            "LLC-load-misses-PKI": 1.3932519792195983,
            "LLC-stores-PKI": 4.974189652032322,
            "LLC-store-misses-PKI": 2.0523499982521125
        },
        "510.017": {
            "instructions": 886246044370,
            "LLC-loads": 13638866500,
            "LLC-load-misses": 1198081577,
            "LLC-stores": 4469850697,
            "LLC-store-misses": 1776659290,
            "CPU-utilization": 80.07,
            "user-CPU-utilization": 9.74,
            "sys-CPU-utilization": 69.73,
            "LLC-loads-PKI": 15.389480818157415,
            "LLC-load-misses-PKI": 1.3518611277432246,
            "LLC-stores-PKI": 5.043577599466133,