{
    "Total-Time-Stats-Collected": [
        90.0,
        810.0
    ],
    "time": {
        "120.002": {
            "instructions": 1046244203410,
            "LLC-loads": 16173626059,
            "LLC-load-misses": 1592848987,
            "LLC-stores": 5067692043,
            "LLC-store-misses": 2055371034,
            "CPU-utilization": 91.25,
            "user-CPU-utilization": 11.17,
            "sys-CPU-utilization": 79.29,
            "LLC-loads-PKI": 15.458748546740491,
            "LLC-load-misses-PKI": 1.5224447426408323,
            "LLC-stores-PKI": 4.8436990393667045,
            "LLC-store-misses-PKI": 1.9645232224952607
        },
        "150.003": {
            "instructions": 1035018380465,
            "LLC-loads": 15263427063,
            "LLC-load-misses": 1701579230,
            "LLC-stores": 4782968138,
            "LLC-store-misses": 1934464643,
            "CPU-utilization": 89.6,
            "user-CPU-utilization": 14.26,
            "sys-CPU-utilization": 74.34,
            "LLC-loads-PKI": 14.747010633900667,
            "LLC-load-misses-PKI": 1.6440087075898457,
            "LLC-stores-PKI": 4.6211431876708975,
            "LLC-store-misses-PKI": 1.8690147725984423
        },
        "180.004": {
            "instructions": 1034094847068,
            "LLC-loads": 15905865978,
            "LLC-load-misses": 1610049316,
            "LLC-stores": 4959448687,
            "LLC-store-misses": 2034270260,
            "CPU-utilization": 90.36,
            "user-CPU-utilization": 11.56,
            "sys-CPU-utilization": 78.0,
            "LLC-loads-PKI": 15.381438195053748,
            "LLC-load-misses-PKI": 1.556964837959517,
            "LLC-stores-PKI": 4.795932114990876,
            "LLC-store-misses-PKI": 1.9671989138789612
        },
        "210.005": {
            "instructions": 1021031602153,
            "LLC-loads": 15281815566,
            "LLC-load-misses": 1673915749,
            "LLC-stores": 4770343048,
            "LLC-store-misses": 1938409961,
            "CPU-utilization": 89.05,
            "user-CPU-utilization": 13.57,
            "sys-CPU-utilization": 74.55,
            "LLC-loads-PKI": 14.967034843756034,
            "LLC-load-misses-PKI": 1.6394357877565149,
            "LLC-stores-PKI": 4.6720816847794016,
            "LLC-store-misses-PKI": 1.8984818461177584
        },
        "240.006": {
            "instructions": 1032213800470,
            "LLC-loads": 15607755632,
            "LLC-load-misses": 1619109136,
            "LLC-stores": 4930453848,
            "LLC-store-misses": 1995245430,
            "CPU-utilization": 89.89,
            "user-CPU-utilization": 12.03,
            "sys-CPU-utilization": 77.06,
            "LLC-loads-PKI": 15.120661654487945,
            "LLC-load-misses-PKI": 1.568579237424231,
            "LLC-stores-PKI": 4.776581988881573,
            "LLC-store-misses-PKI": 1.9329768978979947
        },
        "270.007": {
            "instructions": 1021306433427,
            "LLC-loads": 15254959217,
            "LLC-load-misses": 1698318332,
            "LLC-stores": 4676140825,
            "LLC-store-misses": 1918183723,
            "CPU-utilization": 88.63,
            "user-CPU-utilization": 13.66,
            "sys-CPU-utilization": 73.98,
            "LLC-loads-PKI": 14.936711174737136,
            "LLC-load-misses-PKI": 1.662888117037785,
            "LLC-stores-PKI": 4.5785874561753035,
            "LLC-store-misses-PKI": 1.878166689466082
        },
        "300.008": {
            "instructions": 1017022920152,
            "LLC-loads": 15319035437,
            "LLC-load-misses": 1608332921,
            "LLC-stores": 4843778004,
            "LLC-store-misses": 1967659978,
            "CPU-utilization": 88.87,
            "user-CPU-utilization": 12.57,
            "sys-CPU-utilization": 75.4,
            "LLC-loads-PKI": 15.062625564732093,
            "LLC-load-misses-PKI": 1.5814126595687983,
            "LLC-stores-PKI": 4.762702892945686,
            "LLC-store-misses-PKI": 1.9347253036400809
        },
        "330.009": {
            "instructions": 986338380085,
            "LLC-loads": 14775947040,
            "LLC-load-misses": 1651873310,
            "LLC-stores": 4475237124,
            "LLC-store-misses": 1833198714,
            "CPU-utilization": 85.74,
            "user-CPU-utilization": 14.33,
            "sys-CPU-utilization": 70.4,
            "LLC-loads-PKI": 14.98060639060466,
            "LLC-load-misses-PKI": 1.6747531510004163,
            "LLC-stores-PKI": 4.537222939265869,
            "LLC-store-misses-PKI": 1.8585900650464597
        },
        "360.01": {
            "instructions": 1017394021400,
            "LLC-loads": 15241455885,
            "LLC-load-misses": 1578501609,
            "LLC-stores": 4824863067,
            "LLC-store-misses": 1935657202,
            "CPU-utilization": 88.63,
            "user-CPU-utilization": 12.73,
            "sys-CPU-utilization": 74.97,
            "LLC-loads-PKI": 14.98087816952843,
            "LLC-load-misses-PKI": 1.5515145320275028,
            "LLC-stores-PKI": 4.742374110239685,
            "LLC-store-misses-PKI": 1.9025639637005243
        },
        "390.011": {
            "instructions": 1008229517566,
            "LLC-loads": 15098511826,
            "LLC-load-misses": 1658950318,
            "LLC-stores": 4577795017,
            "LLC-store-misses": 1873037052,
            "CPU-utilization": 87.12,
            "user-CPU-utilization": 14.15,
            "sys-CPU-utilization": 71.99,
            "LLC-loads-PKI": 14.975272557432968,
            "LLC-load-misses-PKI": 1.6454093925011504,
            "LLC-stores-PKI": 4.540429472895622,
            "LLC-store-misses-PKI": 1.8577486766324403
        },
        "420.012": {
            "instructions": 1010717461100,
            "LLC-loads": 15071977930,
            "LLC-load-misses": 1610526487,
            "LLC-stores": 4806404365,
            "LLC-store-misses": 1924836559,
            "CPU-utilization": 88.52,
            "user-CPU-utilization": 12.92,
            "sys-CPU-utilization": 74.73,
            "LLC-loads-PKI": 14.91215746247881,
            "LLC-load-misses-PKI": 1.593448761879711,
            "LLC-stores-PKI": 4.755438141702844,
            "LLC-store-misses-PKI": 1.904425947984644
        },
        "450.013": {
            "instructions": 965114463185,
            "LLC-loads": 14491689432,
            "LLC-load-misses": 1633056247,
            "LLC-stores": 4314358586,
            "LLC-store-misses": 1773237059,
            "CPU-utilization": 84.39,
            "user-CPU-utilization": 15.13,
            "sys-CPU-utilization": 68.18,
            "LLC-loads-PKI": 15.015513687542914,
            "LLC-load-misses-PKI": 1.6920855601010347,
            "LLC-stores-PKI": 4.470307668752648,
            "LLC-store-misses-PKI": 1.837333421725018
        },
        "480.014": {
            "instructions": 991661292022,
            "LLC-loads": 14729869557,
            "LLC-load-misses": 1609355602,
            "LLC-stores": 4677136236,
            "LLC-store-misses": 1867426439,
            "CPU-utilization": 86.6,
            "user-CPU-utilization": 13.71,
            "sys-CPU-utilization": 71.95,
            "LLC-loads-PKI": 14.853730477838615,
            "LLC-load-misses-PKI": 1.6228883944018018,
            "LLC-stores-PKI": 4.716465464194238,
            "LLC-store-misses-PKI": 1.8831293043538209
        },
        "510.015": {
            "instructions": 992954947990,
            "LLC-loads": 15076256125,
            "LLC-load-misses": 1626659304,
            "LLC-stores": 4528824861,
            "LLC-store-misses": 1865596850,
            "CPU-utilization": 87.02,
            "user-CPU-utilization": 13.8,
            "sys-CPU-utilization": 72.23,
            "LLC-loads-PKI": 15.183222718732887,
            "LLC-load-misses-PKI": 1.6382005118084995,
            "LLC-stores-PKI": 4.560957040566164,