{
    "Total-Time-Stats-Collected": [
        90.0,
        810.0
    ],
    "time": {
        "120.002": {
            "instructions": 1044924881828,
            "LLC-loads": 17373976439,
            "LLC-load-misses": 1439114240,
            "LLC-stores": 5174623572,
            "LLC-store-misses": 2175533006,
            "CPU-utilization": 91.65,
            "user-CPU-utilization": 6.81,
            "sys-CPU-utilization": 84.45,
            "LLC-loads-PKI": 16.62700998047422,
            "LLC-load-misses-PKI": 1.3772418142464,
            "LLC-stores-PKI": 4.952148869254096,
            "LLC-store-misses-PKI": 2.0819994277426956
        },
        "150.007": {
            "instructions": 902296722539,
            "LLC-loads": 13506511329,
            "LLC-load-misses": 1239326930,
            "LLC-stores": 4366134804,
            "LLC-store-misses": 1763871040,
            "CPU-utilization": 79.11,
            "user-CPU-utilization": 10.95,
            "sys-CPU-utilization": 67.39,
            "LLC-loads-PKI": 14.969035120723502,
            "LLC-load-misses-PKI": 1.3735248051357436,
            "LLC-stores-PKI": 4.838912405349319,
            "LLC-store-misses-PKI": 1.9548680560831362
        },
        "180.008": {
            "instructions": 1036225812371,
            "LLC-loads": 17230293692,
            "LLC-load-misses": 1409861032,
            "LLC-stores": 5136222491,
            "LLC-store-misses": 2171251723,
            "CPU-utilization": 91.06,
            "user-CPU-utilization": 6.61,
            "sys-CPU-utilization": 84.09,
            "LLC-loads-PKI": 16.62793330015122,
            "LLC-load-misses-PKI": 1.3605731638493748,
            "LLC-stores-PKI": 4.956663335038674,
            "LLC-store-misses-PKI": 2.0953461080379134
        },
        "210.016": {
            "instructions": 882913835265,
            "LLC-loads": 13031614531,
            "LLC-load-misses": 1226477953,
            "LLC-stores": 4218026493,
            "LLC-store-misses": 1696664177,
            "CPU-utilization": 77.42,
            "user-CPU-utilization": 11.96,
            "sys-CPU-utilization": 64.66,
            "LLC-loads-PKI": 14.759780638264274,
            "LLC-load-misses-PKI": 1.389125307603637,
            "LLC-stores-PKI": 4.777393132291319,
            "LLC-store-misses-PKI": 1.9216645036384088
        },
        "240.016": {
            "instructions": 1050881740566,
            "LLC-loads": 17663866039,
            "LLC-load-misses": 1419528219,
            "LLC-stores": 5297748080,
            "LLC-store-misses": 2220206238,
            "CPU-utilization": 92.73,
            "user-CPU-utilization": 5.8,
            "sys-CPU-utilization": 86.6,
            "LLC-loads-PKI": 16.80861447786344,
            "LLC-load-misses-PKI": 1.3507973011648757,
            "LLC-stores-PKI": 5.041240965083909,
            "LLC-store-misses-PKI": 2.112707978734322
        },
        "270.017": {
            "instructions": 859030951836,
            "LLC-loads": 12559110563,
            "LLC-load-misses": 1208557347,
            "LLC-stores": 4038776700,
            "LLC-store-misses": 1632290701,
            "CPU-utilization": 75.58,
            "user-CPU-utilization": 12.42,
            "sys-CPU-utilization": 62.3,
            "LLC-loads-PKI": 14.620090854884232,
            "LLC-load-misses-PKI": 1.4068845184413437,
            "LLC-stores-PKI": 4.701549683824494,
            "LLC-store-misses-PKI": 1.9001535363904154
        },
        "300.018": {
            "instructions": 1063873703948,
            "LLC-loads": 17945343927,
            "LLC-load-misses": 1421662969,
            "LLC-stores": 5394849790,
            "LLC-store-misses": 2267153398,
            "CPU-utilization": 93.77,
            "user-CPU-utilization": 5.31,
            "sys-CPU-utilization": 88.17,
            "LLC-loads-PKI": 16.867926954492273,
            "LLC-load-misses-PKI": 1.3363080257781126,
            "LLC-stores-PKI": 5.070949465129076,
            "LLC-store-misses-PKI": 2.1310362212983263
        },
        "330.021": {
            "instructions": 843831477376,
            "LLC-loads": 12381062213,
            "LLC-load-misses": 1232188558,
            "LLC-stores": 3923126085,
            "LLC-store-misses": 1601180051,
            "CPU-utilization": 74.49,
            "user-CPU-utilization": 12.99,
            "sys-CPU-utilization": 60.57,
            "LLC-loads-PKI": 14.672434656621803,
            "LLC-load-misses-PKI": 1.4602306159893979,
            "LLC-stores-PKI": 4.649181963677693,
            "LLC-store-misses-PKI": 1.8975116405695964
        },
        "360.022": {
            "instructions": 1066853964415,
            "LLC-loads": 17971695341,
            "LLC-load-misses": 1450680620,
            "LLC-stores": 5427838532,
            "LLC-store-misses": 2266023153,
            "CPU-utilization": 94.22,
            "user-CPU-utilization": 5.28,
            "sys-CPU-utilization": 88.64,
            "LLC-loads-PKI": 16.845506452098736,
            "LLC-load-misses-PKI": 1.3597743162490548,
            "LLC-stores-PKI": 5.087705265243409,
            "LLC-store-misses-PKI": 2.1240237451266855
        },
        "390.023": {
            "instructions": 818212402233,
            "LLC-loads": 11994469916,
            "LLC-load-misses": 1223973218,
            "LLC-stores": 3756186591,
            "LLC-store-misses": 1528296075,
            "CPU-utilization": 72.56,
            "user-CPU-utilization": 13.53,
            "sys-CPU-utilization": 58.13,
            "LLC-loads-PKI": 14.6593597008132,
            "LLC-load-misses-PKI": 1.4959113485198097,
            "LLC-stores-PKI": 4.5907231187756565,
            "LLC-store-misses-PKI": 1.867847603909567
        },
        "420.025": {
            "instructions": 1060102841121,
            "LLC-loads": 17847341895,
            "LLC-load-misses": 1450353223,
            "LLC-stores": 5363310956,
            "LLC-store-misses": 2244167352,
            "CPU-utilization": 93.28,
            "user-CPU-utilization": 5.24,
            "sys-CPU-utilization": 87.74,
            "LLC-loads-PKI": 16.83548161811115,
            "LLC-load-misses-PKI": 1.3681250221594838,
            "LLC-stores-PKI": 5.059236470235846,
            "LLC-store-misses-PKI": 2.1169336265780756
        },
        "450.026": {
            "instructions": 779829741590,
            "LLC-loads": 11351737405,
            "LLC-load-misses": 1173850843,
            "LLC-stores": 3473671501,
            "LLC-store-misses": 1445901457,
            "CPU-utilization": 69.41,
            "user-CPU-utilization": 14.06,
            "sys-CPU-utilization": 54.32,
            "LLC-loads-PKI": 14.55668692739888,
            "LLC-load-misses-PKI": 1.505265547588154,
            "LLC-stores-PKI": 4.454397307183371,
            "LLC-store-misses-PKI": 1.8541245349939361
        },
        "480.027": {
            "instructions": 1054269287455,
            "LLC-loads": 17661528027,
            "LLC-load-misses": 1430933869,
            "LLC-stores": 5376068890,
            "LLC-store-misses": 2226321711,
            "CPU-utilization": 93.04,
            "user-CPU-utilization": 5.48,
            "sys-CPU-utilization": 87.26,
            "LLC-loads-PKI": 16.75238787391296,
            "LLC-load-misses-PKI": 1.3572754950058976,
            "LLC-stores-PKI": 5.09933178740111,
            "LLC-store-misses-PKI": 2.111720162477964
        },
        "510.027": {
            "instructions": 729941591623,
            "LLC-loads": 10528026381,
            "LLC-load-misses": 1169555010,
            "LLC-stores": 3104468143,
            "LLC-store-misses": 1306717235,
            "CPU-utilization": 66.13,
            "user-CPU-utilization": 15.48,
            "sys-CPU-utilization": 49.55,
            "LLC-loads-PKI": 14.423107960722303,
            "LLC-load-misses-PKI": 1.602258349739374,
            "LLC-stores-PKI": 4.2530363780166605,