{
    "Total-Time-Stats-Collected": [
        90.0,
        810.0
    ],
    "time": {
        "120.012": {
            "instructions": 1031252821291,
            "LLC-loads": 15451547941,
            "LLC-load-misses": 2246399274,
            "LLC-stores": 5636847067,
            "LLC-store-misses": 2207491914,
            "CPU-utilization": 99.4,
            "user-CPU-utilization": 6.15,
            "sys-CPU-utilization": 92.97,
            "LLC-loads-PKI": 14.983278224302541,
            "LLC-load-misses-PKI": 2.1783206092835585,
            "LLC-stores-PKI": 5.466018565596135,
            "LLC-store-misses-PKI": 2.140592363409484
        },
        "150.013": {
            "instructions": 1038916505871,
            "LLC-loads": 15226069521,
            "LLC-load-misses": 2277105556,
            "LLC-stores": 5583579852,
            "LLC-store-misses": 2178643712,
            "CPU-utilization": 99.18,
            "user-CPU-utilization": 8.14,
            "sys-CPU-utilization": 90.61,
            "LLC-loads-PKI": 14.655720103546596,
            "LLC-load-misses-PKI": 2.1918080453355926,
            "LLC-stores-PKI": 5.374425972103383,
            "LLC-store-misses-PKI": 2.097034458195929
        },
        "180.014": {
            "instructions": 712706951435,
            "LLC-loads": 7214054349,
            "LLC-load-misses": 1285273010,
            "LLC-stores": 2770755927,
            "LLC-store-misses": 1103978721,
            "CPU-utilization": 63.99,
            "user-CPU-utilization": 17.36,
            "sys-CPU-utilization": 45.93,
            "LLC-loads-PKI": 10.122048528465816,
            "LLC-load-misses-PKI": 1.8033681408777713,
            "LLC-stores-PKI": 3.8876510484726166,
            "LLC-store-misses-PKI": 1.548993901037718
        },
        "210.015": {
            "instructions": 923479866040,
            "LLC-loads": 12113603918,
            "LLC-load-misses": 2110529934,
            "LLC-stores": 5088958886,
            "LLC-store-misses": 1896570275,
            "CPU-utilization": 88.42,
            "user-CPU-utilization": 7.26,
            "sys-CPU-utilization": 80.99,
            "LLC-loads-PKI": 13.117344907523199,
            "LLC-load-misses-PKI": 2.2854097978878767,
            "LLC-stores-PKI": 5.510633283021218,
            "LLC-store-misses-PKI": 2.053721304323327
        },
        "240.016": {
            "instructions": 976974140664,
            "LLC-loads": 13465569324,
            "LLC-load-misses": 2516368138,
            "LLC-stores": 6009124693,
            "LLC-store-misses": 2257632682,
            "CPU-utilization": 99.77,
            "user-CPU-utilization": 4.15,
            "sys-CPU-utilization": 95.54,
            "LLC-loads-PKI": 13.7829332052209,
            "LLC-load-misses-PKI": 2.575675274567402,
            "LLC-stores-PKI": 6.1507510208160685,
            "LLC-store-misses-PKI": 2.310841800240077
        },
        "270.017": {
            "instructions": 1001766640535,
            "LLC-loads": 13334290023,
            "LLC-load-misses": 2610135119,
            "LLC-stores": 5778608725,
            "LLC-store-misses": 2212991308,
            "CPU-utilization": 99.79,
            "user-CPU-utilization": 5.9,
            "sys-CPU-utilization": 93.83,
            "LLC-loads-PKI": 13.31077466891764,
            "LLC-load-misses-PKI": 2.6055320804115025,
            "LLC-stores-PKI": 5.768418003931431,
            "LLC-store-misses-PKI": 2.2090886424588243
        },
        "300.018": {
            "instructions": 1005697964476,
            "LLC-loads": 13399076529,
            "LLC-load-misses": 2603923814,
            "LLC-stores": 5722700386,
            "LLC-store-misses": 2205913144,
            "CPU-utilization": 99.8,
            "user-CPU-utilization": 6.4,
            "sys-CPU-utilization": 93.28,
            "LLC-loads-PKI": 13.323161627339413,
            "LLC-load-misses-PKI": 2.5891708106983446,
            "LLC-stores-PKI": 5.690277387586943,
            "LLC-store-misses-PKI": 2.1934151424372716
        },
        "330.019": {
            "instructions": 1011353449488,
            "LLC-loads": 15145153682,
            "LLC-load-misses": 2270379371,
            "LLC-stores": 5812465511,
            "LLC-store-misses": 2244851622,
            "CPU-utilization": 99.8,
            "user-CPU-utilization": 5.2,
            "sys-CPU-utilization": 94.48,
            "LLC-loads-PKI": 14.975134251697336,
            "LLC-load-misses-PKI": 2.244892101914899,
            "LLC-stores-PKI": 5.747214798093164,
            "LLC-store-misses-PKI": 2.2196509273157288
        },
        "360.027": {
            "instructions": 1042360700849,
            "LLC-loads": 17871241820,
            "LLC-load-misses": 2229098140,
            "LLC-stores": 5645074953,
            "LLC-store-misses": 2241323131,
            "CPU-utilization": 99.89,
            "user-CPU-utilization": 3.99,
            "sys-CPU-utilization": 95.83,
            "LLC-loads-PKI": 17.14496892049357,
            "LLC-load-misses-PKI": 2.1385093837329108,
            "LLC-stores-PKI": 5.415663645417658,
            "LLC-store-misses-PKI": 2.150237560927276
        },
        "390.028": {
            "instructions": 1015850630461,
            "LLC-loads": 17085425132,
            "LLC-load-misses": 2097350201,
            "LLC-stores": 5405183337,
            "LLC-store-misses": 2111838959,
            "CPU-utilization": 95.85,
            "user-CPU-utilization": 4.65,
            "sys-CPU-utilization": 91.09,
            "LLC-loads-PKI": 16.818835978126547,
            "LLC-load-misses-PKI": 2.0646245994336865,
            "LLC-stores-PKI": 5.32084459557513,
            "LLC-store-misses-PKI": 2.0788872848773376
        },
        "420.029": {
            "instructions": 1031302737708,
            "LLC-loads": 15715587832,
            "LLC-load-misses": 2091674050,
            "LLC-stores": 5571676049,
            "LLC-store-misses": 2145348634,
            "CPU-utilization": 97.64,
            "user-CPU-utilization": 5.56,
            "sys-CPU-utilization": 91.97,
            "LLC-loads-PKI": 15.238578602949142,
            "LLC-load-misses-PKI": 2.028186267253205,
            "LLC-stores-PKI": 5.402561096058632,
            "LLC-store-misses-PKI": 2.0802316871260236
        },
        "450.03": {
            "instructions": 1018886289200,
            "LLC-loads": 15571275933,
            "LLC-load-misses": 2059777187,
            "LLC-stores": 5968030959,
            "LLC-store-misses": 2300456771,
            "CPU-utilization": 99.87,
            "user-CPU-utilization": 3.05,
            "sys-CPU-utilization": 96.78,
            "LLC-loads-PKI": 15.282643507968013,
            "LLC-load-misses-PKI": 2.02159672657611,
            "LLC-stores-PKI": 5.857406289848031,
            "LLC-store-misses-PKI": 2.257815023505962
        },
        "480.031": {
            "instructions": 993894115019,
            "LLC-loads": 14422790302,
            "LLC-load-misses": 2272496868,
            "LLC-stores": 5905075227,
            "LLC-store-misses": 2284296891,
            "CPU-utilization": 99.14,
            "user-CPU-utilization": 4.08,
            "sys-CPU-utilization": 95.0,
            "LLC-loads-PKI": 14.511395212078787,
            "LLC-load-misses-PKI": 2.2864577158267583,
            "LLC-stores-PKI": 5.941352441640238,
            "LLC-store-misses-PKI": 2.29833023103908
        },
        "510.032": {
            "instructions": 976381768596,
            "LLC-loads": 14032952476,
            "LLC-load-misses": 2370293548,
            "LLC-stores": 6029818938,
            "LLC-store-misses": 2300567917,
            "CPU-utilization": 99.76,
            "user-CPU-utilization": 2.97,
            "sys-CPU-utilization": 96.74,
            "LLC-loads-PKI": 14.372403221107717,
            "LLC-load-misses-PKI": 2.427629872082098,
            "LLC-stores-PKI": 6.175677518713455,