{
    "Total-Time-Stats-Collected": [
        90.0,
        810.0
    ],
    "time": {
        "120.005": {
            "instructions": 126282441396,
            "LLC-loads": 868234200,
            "LLC-load-misses": 219768475,
            "LLC-stores": 274384390,
            "LLC-store-misses": 98553361,
            "CPU-utilization": 19.26,
            "user-CPU-utilization": 13.14,
            "sys-CPU-utilization": 4.84,
            "LLC-loads-PKI": 6.875335877276612,
            "LLC-load-misses-PKI": 1.740293207595218,
            "LLC-stores-PKI": 2.172783381179477,
            "LLC-store-misses-PKI": 0.780420143216535
        },
        "150.007": {
            "instructions": 123719343395,
            "LLC-loads": 867422772,
            "LLC-load-misses": 219802237,
            "LLC-stores": 271014653,
            "LLC-store-misses": 98082017,
            "CPU-utilization": 18.97,
            "user-CPU-utilization": 12.84,
            "sys-CPU-utilization": 4.87,
            "LLC-loads-PKI": 7.011213834449238,
            "LLC-load-misses-PKI": 1.7766198152073533,
            "LLC-stores-PKI": 2.1905600657346582,
            "LLC-store-misses-PKI": 0.7927783506484718
        },
        "180.009": {
            "instructions": 123042669571,
            "LLC-loads": 861741640,
            "LLC-load-misses": 222461474,
            "LLC-stores": 264772897,
            "LLC-store-misses": 98791014,
            "CPU-utilization": 18.92,
            "user-CPU-utilization": 12.78,
            "sys-CPU-utilization": 4.9,
            "LLC-loads-PKI": 7.003599995063049,
            "LLC-load-misses-PKI": 1.80800266099259,
            "LLC-stores-PKI": 2.151878676910668,
            "LLC-store-misses-PKI": 0.8029004437602361
        },
        "210.011": {
            "instructions": 123959415508,
            "LLC-loads": 852572803,
            "LLC-load-misses": 208139912,
            "LLC-stores": 268443380,
            "LLC-store-misses": 92508849,
            "CPU-utilization": 18.75,
            "user-CPU-utilization": 12.67,
            "sys-CPU-utilization": 4.83,
            "LLC-loads-PKI": 6.877838198139755,
            "LLC-load-misses-PKI": 1.6790972363577112,
            "LLC-stores-PKI": 2.16557474799222,
            "LLC-store-misses-PKI": 0.7462833591211128
        },
        "240.013": {
            "instructions": 123809667720,
            "LLC-loads": 857265234,
            "LLC-load-misses": 214389401,
            "LLC-stores": 269438600,
            "LLC-store-misses": 94232497,
            "CPU-utilization": 18.7,
            "user-CPU-utilization": 12.61,
            "sys-CPU-utilization": 4.81,
            "LLC-loads-PKI": 6.924057303333824,
            "LLC-load-misses-PKI": 1.7316046876472468,
            "LLC-stores-PKI": 2.176232316601843,
            "LLC-store-misses-PKI": 0.7611077449388699
        },
        "270.015": {
            "instructions": 120717492913,
            "LLC-loads": 839669010,
            "LLC-load-misses": 210436719,
            "LLC-stores": 265441614,
            "LLC-store-misses": 93407289,
            "CPU-utilization": 18.52,
            "user-CPU-utilization": 12.41,
            "sys-CPU-utilization": 4.85,
            "LLC-loads-PKI": 6.955653151322003,
            "LLC-load-misses-PKI": 1.743216446283057,
            "LLC-stores-PKI": 2.1988661924191995,
            "LLC-store-misses-PKI": 0.773767635046213
        },
        "300.017": {
            "instructions": 122335093188,
            "LLC-loads": 840753113,
            "LLC-load-misses": 206049753,
            "LLC-stores": 267255829,
            "LLC-store-misses": 90958283,
            "CPU-utilization": 18.41,
            "user-CPU-utilization": 12.4,
            "sys-CPU-utilization": 4.76,
            "LLC-loads-PKI": 6.872542384121636,
            "LLC-load-misses-PKI": 1.6843061760156626,
            "LLC-stores-PKI": 2.184621125757359,
            "LLC-store-misses-PKI": 0.743517502865827
        },
        "330.019": {
            "instructions": 121398078641,
            "LLC-loads": 842764139,
            "LLC-load-misses": 200517277,
            "LLC-stores": 265782981,
            "LLC-store-misses": 88721170,
            "CPU-utilization": 18.16,
            "user-CPU-utilization": 12.22,
            "sys-CPU-utilization": 4.71,
            "LLC-loads-PKI": 6.942153849833433,
            "LLC-load-misses-PKI": 1.6517335302560456,
            "LLC-stores-PKI": 2.189350803367959,
            "LLC-store-misses-PKI": 0.7308284529145426
        },
        "360.021": {
            "instructions": 126150511519,
            "LLC-loads": 847319617,
            "LLC-load-misses": 209636742,
            "LLC-stores": 267920208,
            "LLC-store-misses": 93151759,
            "CPU-utilization": 18.38,
            "user-CPU-utilization": 12.4,
            "sys-CPU-utilization": 4.72,
            "LLC-loads-PKI": 6.716735483647897,
            "LLC-load-misses-PKI": 1.6617985886519837,
            "LLC-stores-PKI": 2.123813885286129,
            "LLC-store-misses-PKI": 0.73841760828667
        },
        "390.023": {
            "instructions": 120950922070,
            "LLC-loads": 842394501,
            "LLC-load-misses": 209198813,
            "LLC-stores": 261504066,
            "LLC-store-misses": 91802543,
            "CPU-utilization": 18.36,
            "user-CPU-utilization": 12.31,
            "sys-CPU-utilization": 4.79,
            "LLC-loads-PKI": 6.964762951641382,
            "LLC-load-misses-PKI": 1.7296173474306116,
            "LLC-stores-PKI": 2.1620675686015463,
            "LLC-store-misses-PKI": 0.759006557609123
        },
        "420.025": {
            "instructions": 120540106783,
            "LLC-loads": 838448774,
            "LLC-load-misses": 209264960,
            "LLC-stores": 261704902,
            "LLC-store-misses": 91704843,
            "CPU-utilization": 18.16,
            "user-CPU-utilization": 12.14,
            "sys-CPU-utilization": 4.74,
            "LLC-loads-PKI": 6.95576598010985,
            "LLC-load-misses-PKI": 1.736060848002443,
            "LLC-stores-PKI": 2.171102291050141,
            "LLC-store-misses-PKI": 0.7607828252972255
        },
        "450.027": {
            "instructions": 120740327547,
            "LLC-loads": 839133185,
            "LLC-load-misses": 209863286,
            "LLC-stores": 260702811,
            "LLC-store-misses": 92291887,
            "CPU-utilization": 18.17,
            "user-CPU-utilization": 12.26,
            "sys-CPU-utilization": 4.69,
            "LLC-loads-PKI": 6.949899855732582,
            "LLC-load-misses-PKI": 1.7381374579947826,
            "LLC-stores-PKI": 2.159202449558682,
            "LLC-store-misses-PKI": 0.764383275041837
        },
        "480.029": {
            "instructions": 121195817446,
            "LLC-loads": 839075034,
            "LLC-load-misses": 206870500,
            "LLC-stores": 262474995,
            "LLC-store-misses": 90679376,
            "CPU-utilization": 18.16,
            "user-CPU-utilization": 12.15,
            "sys-CPU-utilization": 4.77,
            "LLC-loads-PKI": 6.923300256412382,
            "LLC-load-misses-PKI": 1.7069112149202115,
            "LLC-stores-PKI": 2.165710009893273,
            "LLC-store-misses-PKI": 0.7482054901804107
        },
        "510.031": {
            "instructions": 119137180070,
            "LLC-loads": 831587999,
            "LLC-load-misses": 204421389,
            "LLC-stores": 260099321,
            "LLC-store-misses": 90087927,
            "CPU-utilization": 18.08,
            "user-CPU-utilization": 12.1,
            "sys-CPU-utilization": 4.69,
            "LLC-loads-PKI": 6.980087983544632,
            "LLC-load-misses-PKI": 1.715848812938921,
            "LLC-stores-PKI": 2.183191853686453,
            "LLC-store-misses-PKI": 0.7561697108078949
        },
        "540.033": {
            "instructions": 120544782640,