{
    "Total-Time-Stats-Collected": [
        90.0,
        810.0
    ],
    "time": {
        "120.009": {
            "instructions": 21434233308,
            "LLC-loads": 188310660,
            "LLC-load-misses": 34503582,
            "LLC-stores": 48261617,
            "LLC-store-misses": 18179944,
            "CPU-utilization": 2.06,
            "user-CPU-utilization": 1.38,
            "sys-CPU-utilization": 0.59,
            "LLC-loads-PKI": 8.785509483547328,
            "LLC-load-misses-PKI": 1.6097418323389279,
            "LLC-stores-PKI": 2.251613869575036,
            "LLC-store-misses-PKI": 0.8481732814401444
        },
        "150.012": {
            "instructions": 26295948762,
            "LLC-loads": 198766514,
            "LLC-load-misses": 42684937,
            "LLC-stores": 52656319,
            "LLC-store-misses": 19553914,
            "CPU-utilization": 2.32,
            "user-CPU-utilization": 1.6,
            "sys-CPU-utilization": 0.65,
            "LLC-loads-PKI": 7.558826486885897,
            "LLC-load-misses-PKI": 1.6232514516336278,
            "LLC-stores-PKI": 2.002449863155084,
            "LLC-store-misses-PKI": 0.7436093740894855
        },
        "180.017": {
            "instructions": 20930256895,
            "LLC-loads": 182633240,
            "LLC-load-misses": 32192899,
            "LLC-stores": 47627207,
            "LLC-store-misses": 17831892,
            "CPU-utilization": 2.01,
            "user-CPU-utilization": 1.34,
            "sys-CPU-utilization": 0.6,
            "LLC-loads-PKI": 8.725800209534407,
            "LLC-load-misses-PKI": 1.5381033859976423,
            "LLC-stores-PKI": 2.275519466336679,
            "LLC-store-misses-PKI": 0.8519671826990253
        },
        "210.021": {
            "instructions": 21370514397,
            "LLC-loads": 188410715,
            "LLC-load-misses": 34317513,
            "LLC-stores": 48334896,
            "LLC-store-misses": 17686042,
            "CPU-utilization": 2.06,
            "user-CPU-utilization": 1.39,
            "sys-CPU-utilization": 0.6,
            "LLC-loads-PKI": 8.81638651741809,
            "LLC-load-misses-PKI": 1.6058346730679305,
            "LLC-stores-PKI": 2.2617563200437174,
            "LLC-store-misses-PKI": 0.8275908418228235
        },
        "240.025": {
            "instructions": 21294017452,
            "LLC-loads": 188872540,
            "LLC-load-misses": 38309074,
            "LLC-stores": 49237386,
            "LLC-store-misses": 18025088,
            "CPU-utilization": 2.11,
            "user-CPU-utilization": 1.41,
            "sys-CPU-utilization": 0.62,
            "LLC-loads-PKI": 8.869746651882288,
            "LLC-load-misses-PKI": 1.799053376675142,
            "LLC-stores-PKI": 2.312263813579972,
            "LLC-store-misses-PKI": 0.8464860161137432
        },
        "270.029": {
            "instructions": 22859868151,
            "LLC-loads": 190538484,
            "LLC-load-misses": 36219490,
            "LLC-stores": 48256575,
            "LLC-store-misses": 18070426,
            "CPU-utilization": 2.14,
            "user-CPU-utilization": 1.45,
            "sys-CPU-utilization": 0.62,
            "LLC-loads-PKI": 8.335064871827134,
            "LLC-load-misses-PKI": 1.5844137753006062,
            "LLC-stores-PKI": 2.110973461493435,
            "LLC-store-misses-PKI": 0.7904868864788056
        },
        "300.033": {
            "instructions": 21386667874,
            "LLC-loads": 186438364,
            "LLC-load-misses": 36252898,
            "LLC-stores": 48491571,
            "LLC-store-misses": 18486331,
            "CPU-utilization": 2.06,
            "user-CPU-utilization": 1.41,
            "sys-CPU-utilization": 0.58,
            "LLC-loads-PKI": 8.717504058996264,
            "LLC-load-misses-PKI": 1.6951167060518593,
            "LLC-stores-PKI": 2.2673738277364714,
            "LLC-store-misses-PKI": 0.8643857523253554
        },
        "330.037": {
            "instructions": 22325364094,
            "LLC-loads": 189162713,
            "LLC-load-misses": 35686769,
            "LLC-stores": 48248541,
            "LLC-store-misses": 18446689,
            "CPU-utilization": 2.12,
            "user-CPU-utilization": 1.45,
            "sys-CPU-utilization": 0.6,
            "LLC-loads-PKI": 8.472995656578696,
            "LLC-load-misses-PKI": 1.5984854199798206,
            "LLC-stores-PKI": 2.1611536007588303,
            "LLC-store-misses-PKI": 0.8262659870777918
        },
        "360.041": {
            "instructions": 21343435759,
            "LLC-loads": 185418034,
            "LLC-load-misses": 34264756,
            "LLC-stores": 48892016,
            "LLC-store-misses": 18017089,
            "CPU-utilization": 2.04,
            "user-CPU-utilization": 1.36,
            "sys-CPU-utilization": 0.61,
            "LLC-loads-PKI": 8.687356435657918,
            "LLC-load-misses-PKI": 1.6054001983045958,
            "LLC-stores-PKI": 2.290728472775684,
            "LLC-store-misses-PKI": 0.8441512980122068
        },
        "390.045": {
            "instructions": 22528257579,
            "LLC-loads": 189549752,
            "LLC-load-misses": 33971412,
            "LLC-stores": 49138671,
            "LLC-store-misses": 18140081,
            "CPU-utilization": 2.17,
            "user-CPU-utilization": 1.48,
            "sys-CPU-utilization": 0.62,
            "LLC-loads-PKI": 8.41386651121617,
            "LLC-load-misses-PKI": 1.507946714514969,
            "LLC-stores-PKI": 2.181201578847591,
            "LLC-store-misses-PKI": 0.8052145593767316
        },
        "420.049": {
            "instructions": 21400535784,
            "LLC-loads": 187911670,
            "LLC-load-misses": 34137620,
            "LLC-stores": 48152840,
            "LLC-store-misses": 17459976,
            "CPU-utilization": 2.0,
            "user-CPU-utilization": 1.33,
            "sys-CPU-utilization": 0.61,
            "LLC-loads-PKI": 8.780699319710079,
            "LLC-load-misses-PKI": 1.595175950011626,
            "LLC-stores-PKI": 2.2500763759382707,
            "LLC-store-misses-PKI": 0.8158663024247206
        },
        "450.053": {
            "instructions": 24904029822,
            "LLC-loads": 196218324,
            "LLC-load-misses": 39869002,
            "LLC-stores": 49955293,
            "LLC-store-misses": 20276626,
            "CPU-utilization": 2.19,
            "user-CPU-utilization": 1.49,
            "sys-CPU-utilization": 0.63,
            "LLC-loads-PKI": 7.878978840069588,
            "LLC-load-misses-PKI": 1.6009056479999906,
            "LLC-stores-PKI": 2.0059120293804793,
            "LLC-store-misses-PKI": 0.8141905605207639
        },
        "480.057": {
            "instructions": 21389001751,
            "LLC-loads": 186996936,
            "LLC-load-misses": 34806491,
            "LLC-stores": 49030373,
            "LLC-store-misses": 17981769,
            "CPU-utilization": 2.05,
            "user-CPU-utilization": 1.39,
            "sys-CPU-utilization": 0.6,
            "LLC-loads-PKI": 8.742667758735273,
            "LLC-load-misses-PKI": 1.6273078755708033,
            "LLC-stores-PKI": 2.292317031471919,
            "LLC-store-misses-PKI": 0.8407016470116142
        },
        "510.061": {
            "instructions": 21715512224,
            "LLC-loads": 187405247,
            "LLC-load-misses": 33779752,
            "LLC-stores": 48718855,
            "LLC-store-misses": 17592489,
            "CPU-utilization": 2.1,
            "user-CPU-utilization": 1.39,
            "sys-CPU-utilization": 0.64,
            "LLC-loads-PKI": 8.630017338153303,
            "LLC-load-misses-PKI": 1.5555586095117109,
            "LLC-stores-PKI": 2.243504758140399,
            "LLC-store-misses-PKI": 0.810134654827841
        },
        "540.064": {
            "instructions": 22493105290,
            "LLC-loads": 189279950,
            "LLC-load-misses": 36649029,