{
    "Total-Time-Stats-Collected": [
        90.0,
        810.0
    ],
    "time": {
        "120.005": {
            "instructions": 150238420372,
            "LLC-loads": 1272446714,
            "LLC-load-misses": 251784078,
            "LLC-stores": 361226841,
            "LLC-store-misses": 119886857,
            "CPU-utilization": 21.16,
            "user-CPU-utilization": 12.95,
            "sys-CPU-utilization": 6.88,
            "LLC-loads-PKI": 8.46951605887056,
            "LLC-load-misses-PKI": 1.6758967338485482,
            "LLC-stores-PKI": 2.4043572882727275,
            "LLC-store-misses-PKI": 0.7979773529510789
        },
        "150.006": {
            "instructions": 154164957153,
            "LLC-loads": 1445999140,
            "LLC-load-misses": 277394312,
            "LLC-stores": 382069727,
            "LLC-store-misses": 123319110,
            "CPU-utilization": 22.03,
            "user-CPU-utilization": 12.8,
            "sys-CPU-utilization": 7.96,
            "LLC-loads-PKI": 9.379557888534471,
            "LLC-load-misses-PKI": 1.7993344085627827,
            "LLC-stores-PKI": 2.4783176024939144,
            "LLC-store-misses-PKI": 0.7999166106056953
        },
        "180.008": {
            "instructions": 144260317477,
            "LLC-loads": 1271617077,
            "LLC-load-misses": 255091378,
            "LLC-stores": 355502941,
            "LLC-store-misses": 120203961,
            "CPU-utilization": 21.02,
            "user-CPU-utilization": 12.77,
            "sys-CPU-utilization": 6.91,
            "LLC-loads-PKI": 8.814739210613057,
            "LLC-load-misses-PKI": 1.7682712922122206,
            "LLC-stores-PKI": 2.4643155319319137,
            "LLC-store-misses-PKI": 0.8332434248189188
        },
        "210.01": {
            "instructions": 153159095853,
            "LLC-loads": 1443644804,
            "LLC-load-misses": 280794592,
            "LLC-stores": 378173463,
            "LLC-store-misses": 124808349,
            "CPU-utilization": 21.77,
            "user-CPU-utilization": 12.67,
            "sys-CPU-utilization": 7.82,
            "LLC-loads-PKI": 9.42578562480932,
            "LLC-load-misses-PKI": 1.8333523741188889,
            "LLC-stores-PKI": 2.469154449455393,
            "LLC-store-misses-PKI": 0.8148934825247947
        },
        "240.011": {
            "instructions": 146922112959,
            "LLC-loads": 1319664023,
            "LLC-load-misses": 262307434,
            "LLC-stores": 358584716,
            "LLC-store-misses": 122116530,
            "CPU-utilization": 21.14,
            "user-CPU-utilization": 12.57,
            "sys-CPU-utilization": 7.26,
            "LLC-loads-PKI": 8.982065370706074,
            "LLC-load-misses-PKI": 1.7853502697255612,
            "LLC-stores-PKI": 2.440644970169102,
            "LLC-store-misses-PKI": 0.8311650815563603
        },
        "270.013": {
            "instructions": 149232106429,
            "LLC-loads": 1380462559,
            "LLC-load-misses": 270840990,
            "LLC-stores": 359592074,
            "LLC-store-misses": 126716706,
            "CPU-utilization": 21.19,
            "user-CPU-utilization": 12.37,
            "sys-CPU-utilization": 7.47,
            "LLC-loads-PKI": 9.250439413027927,
            "LLC-load-misses-PKI": 1.814897587931976,
            "LLC-stores-PKI": 2.4096160176569157,
            "LLC-store-misses-PKI": 0.849124957304599
        },
        "300.015": {
            "instructions": 146040594363,
            "LLC-loads": 1333525735,
            "LLC-load-misses": 255547138,
            "LLC-stores": 355251678,
            "LLC-store-misses": 118447945,
            "CPU-utilization": 20.65,
            "user-CPU-utilization": 12.21,
            "sys-CPU-utilization": 7.13,
            "LLC-loads-PKI": 9.131199039668209,
            "LLC-load-misses-PKI": 1.7498363322516302,
            "LLC-stores-PKI": 2.4325543151172253,
            "LLC-store-misses-PKI": 0.8110617839967467
        },
        "330.018": {
            "instructions": 145820875831,
            "LLC-loads": 1329423486,
            "LLC-load-misses": 255446717,
            "LLC-stores": 357083794,
            "LLC-store-misses": 118578698,
            "CPU-utilization": 20.95,
            "user-CPU-utilization": 12.33,
            "sys-CPU-utilization": 7.3,
            "LLC-loads-PKI": 9.116825546574987,
            "LLC-load-misses-PKI": 1.7517842733028948,
            "LLC-stores-PKI": 2.448783769573874,
            "LLC-store-misses-PKI": 0.8131805362177875
        },
        "360.02": {
            "instructions": 145761239398,
            "LLC-loads": 1318014091,
            "LLC-load-misses": 258595332,
            "LLC-stores": 349584862,
            "LLC-store-misses": 118496375,
            "CPU-utilization": 20.53,
            "user-CPU-utilization": 12.04,
            "sys-CPU-utilization": 7.21,
            "LLC-loads-PKI": 9.042281037424306,
            "LLC-load-misses-PKI": 1.7741021760518059,
            "LLC-stores-PKI": 2.3983389784815228,
            "LLC-store-misses-PKI": 0.8129484593393619
        },
        "390.022": {
            "instructions": 143351943134,
            "LLC-loads": 1319190859,
            "LLC-load-misses": 253898828,
            "LLC-stores": 347729875,
            "LLC-store-misses": 117253281,
            "CPU-utilization": 20.42,
            "user-CPU-utilization": 11.87,
            "sys-CPU-utilization": 7.21,
            "LLC-loads-PKI": 9.202462346582006,
            "LLC-load-misses-PKI": 1.7711572124464678,
            "LLC-stores-PKI": 2.425707440009761,
            "LLC-store-misses-PKI": 0.8179399486088309
        },
        "420.024": {
            "instructions": 148257722003,
            "LLC-loads": 1336318897,
            "LLC-load-misses": 267631725,
            "LLC-stores": 352355200,
            "LLC-store-misses": 123993576,
            "CPU-utilization": 20.74,
            "user-CPU-utilization": 12.03,
            "sys-CPU-utilization": 7.4,
            "LLC-loads-PKI": 9.013485968528233,
            "LLC-load-misses-PKI": 1.805178990910062,
            "LLC-stores-PKI": 2.3766397813185747,
            "LLC-store-misses-PKI": 0.8363380626979482
        },
        "450.026": {
            "instructions": 145167848663,
            "LLC-loads": 1326801358,
            "LLC-load-misses": 267140969,
            "LLC-stores": 347332101,
            "LLC-store-misses": 125154990,
            "CPU-utilization": 20.63,
            "user-CPU-utilization": 12.1,
            "sys-CPU-utilization": 7.24,
            "LLC-loads-PKI": 9.139774200829441,
            "LLC-load-misses-PKI": 1.8402213125039457,
            "LLC-stores-PKI": 2.392624153343447,
            "LLC-store-misses-PKI": 0.8621398687979536
        },
        "480.028": {
            "instructions": 146114277956,
            "LLC-loads": 1339804466,
            "LLC-load-misses": 268572279,
            "LLC-stores": 347735522,
            "LLC-store-misses": 120565460,
            "CPU-utilization": 20.51,
            "user-CPU-utilization": 11.87,
            "sys-CPU-utilization": 7.34,
            "LLC-loads-PKI": 9.169565662867395,
            "LLC-load-misses-PKI": 1.8380974313877545,
            "LLC-stores-PKI": 2.3798873516297636,
            "LLC-store-misses-PKI": 0.8251449597301257
        },
        "510.03": {
            "instructions": 143556671132,
            "LLC-loads": 1330781725,
            "LLC-load-misses": 264865021,
            "LLC-stores": 341781775,
            "LLC-store-misses": 123766972,
            "CPU-utilization": 20.31,
            "user-CPU-utilization": 11.78,
            "sys-CPU-utilization": 7.25,
            "LLC-loads-PKI": 9.270079296951302,
            "LLC-load-misses-PKI": 1.8450206382708418,
            "LLC-stores-PKI": 2.380814296576524,
            "LLC-store-misses-PKI": 0.8621471299386468
        },