{
    "Total-Time-Stats-Collected": [
        90.0,
        810.0
    ],
    "time": {
        "120.002": {
            "instructions": 1003518159017,
            "LLC-loads": 16468422406,
            "LLC-load-misses": 1379415035,
            "LLC-stores": 5028460913,
            "LLC-store-misses": 2084400626,
            "CPU-utilization": 88.94,
            "user-CPU-utilization": 7.56,
            "sys-CPU-utilization": 80.95,
            "LLC-loads-PKI": 16.410686999557345,
            "LLC-load-misses-PKI": 1.3745790473300565,
            "LLC-stores-PKI": 5.010832009184217,
            "LLC-store-misses-PKI": 2.0770930822435565
        },
        "150.003": {
            "instructions": 922615490648,
            "LLC-loads": 14395912992,
            "LLC-load-misses": 1312123628,
            "LLC-stores": 4509220058,
            "LLC-store-misses": 1844612167,
            "CPU-utilization": 82.0,
            "user-CPU-utilization": 10.25,
            "sys-CPU-utilization": 71.08,
            "LLC-loads-PKI": 15.603372301812335,
            "LLC-load-misses-PKI": 1.422178189397653,
            "LLC-stores-PKI": 4.887431550529186,
            "LLC-store-misses-PKI": 1.9993292825643267
        },
        "180.004": {
            "instructions": 993091609468,
            "LLC-loads": 16208844464,
            "LLC-load-misses": 1382855397,
            "LLC-stores": 4971621301,
            "LLC-store-misses": 2048798107,
            "CPU-utilization": 87.9,
            "user-CPU-utilization": 7.64,
            "sys-CPU-utilization": 79.81,
            "LLC-loads-PKI": 16.321600454043804,
            "LLC-load-misses-PKI": 1.3924751592059033,
            "LLC-stores-PKI": 5.006206128016027,
            "LLC-store-misses-PKI": 2.063050465301527
        },
        "210.005": {
            "instructions": 915367522795,
            "LLC-loads": 14320452744,
            "LLC-load-misses": 1330476001,
            "LLC-stores": 4451847980,
            "LLC-store-misses": 1823985036,
            "CPU-utilization": 81.63,
            "user-CPU-utilization": 10.36,
            "sys-CPU-utilization": 70.59,
            "LLC-loads-PKI": 15.644484196111378,
            "LLC-load-misses-PKI": 1.4534883179354017,
            "LLC-stores-PKI": 4.86345415271742,
            "LLC-store-misses-PKI": 1.9926259022502901
        },
        "240.006": {
            "instructions": 984335343720,
            "LLC-loads": 16029732594,
            "LLC-load-misses": 1338636573,
            "LLC-stores": 4912841406,
            "LLC-store-misses": 2030737953,
            "CPU-utilization": 86.95,
            "user-CPU-utilization": 8.04,
            "sys-CPU-utilization": 78.41,
            "LLC-loads-PKI": 16.284828840362916,
            "LLC-load-misses-PKI": 1.3599395587493839,
            "LLC-stores-PKI": 4.991024082741345,
            "LLC-store-misses-PKI": 2.0630550004690833
        },
        "270.007": {
            "instructions": 915901794558,
            "LLC-loads": 14454720009,
            "LLC-load-misses": 1343896516,
            "LLC-stores": 4423924956,
            "LLC-store-misses": 1812046654,
            "CPU-utilization": 81.59,
            "user-CPU-utilization": 10.55,
            "sys-CPU-utilization": 70.36,
            "LLC-loads-PKI": 15.781954020491492,
            "LLC-load-misses-PKI": 1.4672932447397853,
            "LLC-stores-PKI": 4.830130241348547,
            "LLC-store-misses-PKI": 1.9784289808870457
        },
        "300.008": {
            "instructions": 980151780733,
            "LLC-loads": 15885576584,
            "LLC-load-misses": 1332637236,
            "LLC-stores": 4870854567,
            "LLC-store-misses": 2001162679,
            "CPU-utilization": 86.42,
            "user-CPU-utilization": 7.99,
            "sys-CPU-utilization": 77.95,
            "LLC-loads-PKI": 16.207261871340044,
            "LLC-load-misses-PKI": 1.359623338135851,
            "LLC-stores-PKI": 4.969490096072023,
            "LLC-store-misses-PKI": 2.041686520738088
        },
        "330.009": {
            "instructions": 909425203440,
            "LLC-loads": 14451439881,
            "LLC-load-misses": 1326180578,
            "LLC-stores": 4393162212,
            "LLC-store-misses": 1799223879,
            "CPU-utilization": 81.2,
            "user-CPU-utilization": 10.44,
            "sys-CPU-utilization": 70.07,
            "LLC-loads-PKI": 15.890740465885324,
            "LLC-load-misses-PKI": 1.4582623980329306,
            "LLC-stores-PKI": 4.830702069155754,
            "LLC-store-misses-PKI": 1.9784187552689758
        },
        "360.009": {
            "instructions": 960561907864,
            "LLC-loads": 15396616996,
            "LLC-load-misses": 1322343329,
            "LLC-stores": 4816560484,
            "LLC-store-misses": 1973540601,
            "CPU-utilization": 85.51,
            "user-CPU-utilization": 8.72,
            "sys-CPU-utilization": 76.23,
            "LLC-loads-PKI": 16.028760738844447,
            "LLC-load-misses-PKI": 1.3766351946440316,
            "LLC-stores-PKI": 5.014315521537365,
            "LLC-store-misses-PKI": 2.0545688776984288
        },
        "390.011": {
            "instructions": 921523480810,
            "LLC-loads": 14881626114,
            "LLC-load-misses": 1353299342,
            "LLC-stores": 4430482282,
            "LLC-store-misses": 1842660209,
            "CPU-utilization": 82.29,
            "user-CPU-utilization": 9.83,
            "sys-CPU-utilization": 71.84,
            "LLC-loads-PKI": 16.148938604276648,
            "LLC-load-misses-PKI": 1.4685456965355652,
            "LLC-stores-PKI": 4.807780131772332,
            "LLC-store-misses-PKI": 1.9995803117033328
        },
        "420.012": {
            "instructions": 955511975339,
            "LLC-loads": 15282549541,
            "LLC-load-misses": 1341104913,
            "LLC-stores": 4758676645,
            "LLC-store-misses": 1947169445,
            "CPU-utilization": 84.92,
            "user-CPU-utilization": 9.12,
            "sys-CPU-utilization": 75.23,
            "LLC-loads-PKI": 15.994095244675506,
            "LLC-load-misses-PKI": 1.4035458975008637,
            "LLC-stores-PKI": 4.980237577149882,
            "LLC-store-misses-PKI": 2.0378284053521947
        },
        "450.013": {
            "instructions": 893633922454,
            "LLC-loads": 14402449771,
            "LLC-load-misses": 1347567126,
            "LLC-stores": 4251587901,
            "LLC-store-misses": 1777225594,
            "CPU-utilization": 80.55,
            "user-CPU-utilization": 10.36,
            "sys-CPU-utilization": 69.54,
            "LLC-loads-PKI": 16.116722305538225,
            "LLC-load-misses-PKI": 1.5079632634126714,
            "LLC-stores-PKI": 4.75763933549518,
            "LLC-store-misses-PKI": 1.9887624555697003
        },
        "480.014": {
            "instructions": 947484173872,
            "LLC-loads": 15092793829,
            "LLC-load-misses": 1324914871,
            "LLC-stores": 4721703498,
            "LLC-store-misses": 1921383095,
            "CPU-utilization": 84.16,
            "user-CPU-utilization": 9.38,
            "sys-CPU-utilization": 74.2,
            "LLC-loads-PKI": 15.929336072518879,
            "LLC-load-misses-PKI": 1.398350397332324,
            "LLC-stores-PKI": 4.983411468187622,
            "LLC-store-misses-PKI": 2.027878826881143
        },
        "510.015": {
            "instructions": 893060413130,
            "LLC-loads": 14508487752,
            "LLC-load-misses": 1355003514,
            "LLC-stores": 4227912447,
            "LLC-store-misses": 1782104488,
            "CPU-utilization": 80.87,
            "user-CPU-utilization": 10.47,
            "sys-CPU-utilization": 69.75,
            "LLC-loads-PKI": 16.24580771770033,
            "LLC-load-misses-PKI": 1.517258512501949,
            "LLC-stores-PKI": 4.734184143469089,