{
    "Total-Time-Stats-Collected": [
        90.0,
        810.0
    ],
    "time": {
        "120.002": {
            "instructions": 1051560395508,
            "LLC-loads": 16714379818,
            "LLC-load-misses": 1753228942,
            "LLC-stores": 5047493798,
            "LLC-store-misses": 2084138350,
            "CPU-utilization": 92.57,
            "user-CPU-utilization": 10.84,
            "sys-CPU-utilization": 80.9,
            "LLC-loads-PKI": 15.89483579773411,
            "LLC-load-misses-PKI": 1.6672641433524413,
            "LLC-stores-PKI": 4.8000037083572344,
            "LLC-store-misses-PKI": 1.9819483111982077
        },
        "150.003": {
            "instructions": 969589781804,
            "LLC-loads": 14162355708,
            "LLC-load-misses": 1741299290,
            "LLC-stores": 4559311715,
            "LLC-store-misses": 1805400758,
            "CPU-utilization": 86.38,
            "user-CPU-utilization": 15.54,
            "sys-CPU-utilization": 69.68,
            "LLC-loads-PKI": 14.606543894934408,
            "LLC-load-misses-PKI": 1.7959134086171702,
            "LLC-stores-PKI": 4.702309987752793,
            "LLC-store-misses-PKI": 1.8620253553424482
        },
        "180.004": {
            "instructions": 1068133257396,
            "LLC-loads": 17222367375,
            "LLC-load-misses": 1759766478,
            "LLC-stores": 5190511251,
            "LLC-store-misses": 2137825540,
            "CPU-utilization": 93.83,
            "user-CPU-utilization": 9.72,
            "sys-CPU-utilization": 83.36,
            "LLC-loads-PKI": 16.12380033647335,
            "LLC-load-misses-PKI": 1.64751585611156,
            "LLC-stores-PKI": 4.859422937222212,
            "LLC-store-misses-PKI": 2.0014595793148513
        },
        "210.005": {
            "instructions": 947666729746,
            "LLC-loads": 13707644232,
            "LLC-load-misses": 1741539290,
            "LLC-stores": 4394587521,
            "LLC-store-misses": 1741131007,
            "CPU-utilization": 84.91,
            "user-CPU-utilization": 16.1,
            "sys-CPU-utilization": 67.55,
            "LLC-loads-PKI": 14.464625381197052,
            "LLC-load-misses-PKI": 1.8377128111976444,
            "LLC-stores-PKI": 4.63727108176296,
            "LLC-store-misses-PKI": 1.837281981469023
        },
        "240.006": {
            "instructions": 1062040448491,
            "LLC-loads": 17220716234,
            "LLC-load-misses": 1712743493,
            "LLC-stores": 5168770030,
            "LLC-store-misses": 2154904025,
            "CPU-utilization": 93.49,
            "user-CPU-utilization": 9.14,
            "sys-CPU-utilization": 83.65,
            "LLC-loads-PKI": 16.214746112982844,
            "LLC-load-misses-PKI": 1.6126913955429394,
            "LLC-stores-PKI": 4.86682973077348,
            "LLC-store-misses-PKI": 2.0290225556491706
        },
        "270.007": {
            "instructions": 951861725113,
            "LLC-loads": 13694461733,
            "LLC-load-misses": 1771107157,
            "LLC-stores": 4373002551,
            "LLC-store-misses": 1745083411,
            "CPU-utilization": 85.04,
            "user-CPU-utilization": 16.58,
            "sys-CPU-utilization": 67.2,
            "LLC-loads-PKI": 14.387028464007486,
            "LLC-load-misses-PKI": 1.8606769347614471,
            "LLC-stores-PKI": 4.594157360913803,
            "LLC-store-misses-PKI": 1.8333370960922217
        },
        "300.008": {
            "instructions": 1060785545025,
            "LLC-loads": 17184805494,
            "LLC-load-misses": 1727616078,
            "LLC-stores": 5188333627,
            "LLC-store-misses": 2149304249,
            "CPU-utilization": 93.45,
            "user-CPU-utilization": 9.1,
            "sys-CPU-utilization": 83.71,
            "LLC-loads-PKI": 16.200075099623458,
            "LLC-load-misses-PKI": 1.6286195509567247,
            "LLC-stores-PKI": 4.891029719751436,
            "LLC-store-misses-PKI": 2.0261439827117425
        },
        "330.009": {
            "instructions": 933575554223,
            "LLC-loads": 13449654976,
            "LLC-load-misses": 1750824913,
            "LLC-stores": 4230104291,
            "LLC-store-misses": 1696387328,
            "CPU-utilization": 83.37,
            "user-CPU-utilization": 17.19,
            "sys-CPU-utilization": 64.82,
            "LLC-loads-PKI": 14.406605780497255,
            "LLC-load-misses-PKI": 1.875397127827735,
            "LLC-stores-PKI": 4.531078681168605,
            "LLC-store-misses-PKI": 1.817086276870088
        },
        "360.01": {
            "instructions": 1063145609170,
            "LLC-loads": 17276535075,
            "LLC-load-misses": 1739132119,
            "LLC-stores": 5228420903,
            "LLC-store-misses": 2151549563,
            "CPU-utilization": 93.9,
            "user-CPU-utilization": 9.0,
            "sys-CPU-utilization": 84.23,
            "LLC-loads-PKI": 16.250394043848637,
            "LLC-load-misses-PKI": 1.6358362429373565,
            "LLC-stores-PKI": 4.917878471117271,
            "LLC-store-misses-PKI": 2.023758123480112
        },
        "390.011": {
            "instructions": 924816860430,
            "LLC-loads": 13229490980,
            "LLC-load-misses": 1749589475,
            "LLC-stores": 4102939873,
            "LLC-store-misses": 1653145641,
            "CPU-utilization": 82.49,
            "user-CPU-utilization": 17.92,
            "sys-CPU-utilization": 63.15,
            "LLC-loads-PKI": 14.304984636470465,
            "LLC-load-misses-PKI": 1.8918226406323477,
            "LLC-stores-PKI": 4.436489048320669,
            "LLC-store-misses-PKI": 1.7875383892021155
        },
        "420.012": {
            "instructions": 1055835737167,
            "LLC-loads": 17014814925,
            "LLC-load-misses": 1688866160,
            "LLC-stores": 5182850807,
            "LLC-store-misses": 2128723162,
            "CPU-utilization": 93.32,
            "user-CPU-utilization": 9.38,
            "sys-CPU-utilization": 83.29,
            "LLC-loads-PKI": 16.115020856041355,
            "LLC-load-misses-PKI": 1.5995538894445231,
            "LLC-stores-PKI": 4.9087662261807266,
            "LLC-store-misses-PKI": 2.0161499436567216
        },
        "450.013": {
            "instructions": 933404459220,
            "LLC-loads": 13529826062,
            "LLC-load-misses": 1745589357,
            "LLC-stores": 4183828441,
            "LLC-store-misses": 1693056188,
            "CPU-utilization": 83.3,
            "user-CPU-utilization": 17.2,
            "sys-CPU-utilization": 64.75,
            "LLC-loads-PKI": 14.495137588378578,
            "LLC-load-misses-PKI": 1.8701317952334435,
            "LLC-stores-PKI": 4.482331747692976,
            "LLC-store-misses-PKI": 1.8138505460053227
        },
        "480.014": {
            "instructions": 1046902139711,
            "LLC-loads": 16813571307,
            "LLC-load-misses": 1677092222,
            "LLC-stores": 5139389445,
            "LLC-store-misses": 2113115983,
            "CPU-utilization": 92.81,
            "user-CPU-utilization": 9.7,
            "sys-CPU-utilization": 82.41,
            "LLC-loads-PKI": 16.06030847509914,
            "LLC-load-misses-PKI": 1.6019570104832965,
            "LLC-stores-PKI": 4.909140262545209,
            "LLC-store-misses-PKI": 2.01844652221585
        },
        "510.015": {
            "instructions": 951029037182,
            "LLC-loads": 14050383339,
            "LLC-load-misses": 1735929976,
            "LLC-stores": 4340767794,
            "LLC-store-misses": 1756314575,
            "CPU-utilization": 84.55,
            "user-CPU-utilization": 15.73,
            "sys-CPU-utilization": 67.59,
            "LLC-loads-PKI": 14.773874182257124,
            "LLC-load-misses-PKI": 1.825317533041625,
            "LLC-stores-PKI": 4.564285236612917,