{
    "Total-Time-Stats-Collected": [
        90.0,
        810.0
    ],
    "time": {
        "120.002": {
            "instructions": 1026444447010,
            "LLC-loads": 15862716872,
            "LLC-load-misses": 1794686617,
            "LLC-stores": 4892101980,
            "LLC-store-misses": 1994808316,
            "CPU-utilization": 91.08,
            "user-CPU-utilization": 12.37,
            "sys-CPU-utilization": 77.66,
            "LLC-loads-PKI": 15.454043244334937,
            "LLC-load-misses-PKI": 1.7484498281693324,
            "LLC-stores-PKI": 4.766066000211251,
            "LLC-store-misses-PKI": 1.9434157608926748
        },
        "150.003": {
            "instructions": 1013463963777,
            "LLC-loads": 15542665241,
            "LLC-load-misses": 1747746703,
            "LLC-stores": 4889187212,
            "LLC-store-misses": 1968102467,
            "CPU-utilization": 89.87,
            "user-CPU-utilization": 12.28,
            "sys-CPU-utilization": 76.58,
            "LLC-loads-PKI": 15.3361794760568,
            "LLC-load-misses-PKI": 1.724527724189086,
            "LLC-stores-PKI": 4.82423390149845,
            "LLC-store-misses-PKI": 1.9419560412046937
        },
        "180.004": {
            "instructions": 1029225334985,
            "LLC-loads": 15931522816,
            "LLC-load-misses": 1794878723,
            "LLC-stores": 4885670022,
            "LLC-store-misses": 2003409823,
            "CPU-utilization": 90.8,
            "user-CPU-utilization": 12.27,
            "sys-CPU-utilization": 77.49,
            "LLC-loads-PKI": 15.479139770915362,
            "LLC-load-misses-PKI": 1.7439123017955622,
            "LLC-stores-PKI": 4.746939135608438,
            "LLC-store-misses-PKI": 1.9465220636345857
        },
        "210.005": {
            "instructions": 1001102548505,
            "LLC-loads": 15237875649,
            "LLC-load-misses": 1744902731,
            "LLC-stores": 4793630711,
            "LLC-store-misses": 1933942324,
            "CPU-utilization": 89.02,
            "user-CPU-utilization": 12.71,
            "sys-CPU-utilization": 75.26,
            "LLC-loads-PKI": 15.221093654946275,
            "LLC-load-misses-PKI": 1.742981009893299,
            "LLC-stores-PKI": 4.7883513214091655,
            "LLC-store-misses-PKI": 1.931812407118591
        },
        "240.006": {
            "instructions": 1031434610524,
            "LLC-loads": 16107402961,
            "LLC-load-misses": 1800266435,
            "LLC-stores": 4927811137,
            "LLC-store-misses": 2009575509,
            "CPU-utilization": 91.04,
            "user-CPU-utilization": 11.53,
            "sys-CPU-utilization": 78.53,
            "LLC-loads-PKI": 15.616504232698718,
            "LLC-load-misses-PKI": 1.7454004515956762,
            "LLC-stores-PKI": 4.777628253619028,
            "LLC-store-misses-PKI": 1.9483304986043417
        },
        "270.007": {
            "instructions": 990019845016,
            "LLC-loads": 15031500505,
            "LLC-load-misses": 1752553503,
            "LLC-stores": 4697625956,
            "LLC-store-misses": 1890185400,
            "CPU-utilization": 88.06,
            "user-CPU-utilization": 13.45,
            "sys-CPU-utilization": 73.45,
            "LLC-loads-PKI": 15.183029492461408,
            "LLC-load-misses-PKI": 1.7702205787316077,
            "LLC-stores-PKI": 4.744981607842497,
            "LLC-store-misses-PKI": 1.9092399102054889
        },
        "300.008": {
            "instructions": 1035458288131,
            "LLC-loads": 16230913640,
            "LLC-load-misses": 1805789708,
            "LLC-stores": 4958809627,
            "LLC-store-misses": 2034439951,
            "CPU-utilization": 91.66,
            "user-CPU-utilization": 11.4,
            "sys-CPU-utilization": 79.27,
            "LLC-loads-PKI": 15.675101378826918,
            "LLC-load-misses-PKI": 1.7439521501725064,
            "LLC-stores-PKI": 4.788999889073891,
            "LLC-store-misses-PKI": 1.9647724822138029
        },
        "330.009": {
            "instructions": 992675795059,
            "LLC-loads": 15042220480,
            "LLC-load-misses": 1767942040,
            "LLC-stores": 4727861735,
            "LLC-store-misses": 1887632948,
            "CPU-utilization": 88.24,
            "user-CPU-utilization": 13.43,
            "sys-CPU-utilization": 73.64,
            "LLC-loads-PKI": 15.153205663794754,
            "LLC-load-misses-PKI": 1.7809863490173263,
            "LLC-stores-PKI": 4.762745055870933,
            "LLC-store-misses-PKI": 1.9015603658269997
        },
        "360.01": {
            "instructions": 1022824845591,
            "LLC-loads": 16103747099,
            "LLC-load-misses": 1784486481,
            "LLC-stores": 4856765458,
            "LLC-store-misses": 1992534810,
            "CPU-utilization": 90.4,
            "user-CPU-utilization": 11.56,
            "sys-CPU-utilization": 77.84,
            "LLC-loads-PKI": 15.744383966049504,
            "LLC-load-misses-PKI": 1.7446647768601116,
            "LLC-stores-PKI": 4.748384319109598,
            "LLC-store-misses-PKI": 1.9480704038321346
        },
        "390.011": {
            "instructions": 992872709943,
            "LLC-loads": 15020012624,
            "LLC-load-misses": 1735072466,
            "LLC-stores": 4724327642,
            "LLC-store-misses": 1890231562,
            "CPU-utilization": 87.89,
            "user-CPU-utilization": 12.98,
            "sys-CPU-utilization": 73.8,
            "LLC-loads-PKI": 15.127833078282801,
            "LLC-load-misses-PKI": 1.7475276021028003,
            "LLC-stores-PKI": 4.758241005809516,
            "LLC-store-misses-PKI": 1.9038005003768477
        },
        "420.013": {
            "instructions": 1017506249769,
            "LLC-loads": 15992470599,
            "LLC-load-misses": 1730411045,
            "LLC-stores": 4822800655,
            "LLC-store-misses": 1985255536,
            "CPU-utilization": 90.19,
            "user-CPU-utilization": 11.83,
            "sys-CPU-utilization": 77.39,
            "LLC-loads-PKI": 15.717319281951045,
            "LLC-load-misses-PKI": 1.700639229874851,
            "LLC-stores-PKI": 4.739824110264579,
            "LLC-store-misses-PKI": 1.9510991076965905
        },
        "450.014": {
            "instructions": 956599739315,
            "LLC-loads": 14209524690,
            "LLC-load-misses": 1732838107,
            "LLC-stores": 4469886964,
            "LLC-store-misses": 1783202751,
            "CPU-utilization": 84.94,
            "user-CPU-utilization": 14.74,
            "sys-CPU-utilization": 68.91,
            "LLC-loads-PKI": 14.854200880480198,
            "LLC-load-misses-PKI": 1.8114557591672011,
            "LLC-stores-PKI": 4.672682607253047,
            "LLC-store-misses-PKI": 1.8641054118171851
        },
        "480.015": {
            "instructions": 1023780440425,
            "LLC-loads": 16256084176,
            "LLC-load-misses": 1723984278,
            "LLC-stores": 4881497155,
            "LLC-store-misses": 2022547164,
            "CPU-utilization": 90.71,
            "user-CPU-utilization": 11.37,
            "sys-CPU-utilization": 78.43,
            "LLC-loads-PKI": 15.878486767388955,
            "LLC-load-misses-PKI": 1.6839394560852576,
            "LLC-stores-PKI": 4.768109413160456,
            "LLC-store-misses-PKI": 1.975567303435084
        },
        "510.016": {
            "instructions": 936442229607,
            "LLC-loads": 13741074682,
            "LLC-load-misses": 1757653612,
            "LLC-stores": 4327074449,
            "LLC-store-misses": 1714012203,
            "CPU-utilization": 83.62,
            "user-CPU-utilization": 15.58,
            "sys-CPU-utilization": 66.68,
            "LLC-loads-PKI": 14.673702496059757,
            "LLC-load-misses-PKI": 1.8769482584501136,
            "LLC-stores-PKI": 4.620759628510088,