{
    "Total-Time-Stats-Collected": [
        90.0,
        810.0
    ],
    "time": {
        "120.002": {
            "instructions": 1001962080612,
            "LLC-loads": 13968071942,
            "LLC-load-misses": 2175530567,
            "LLC-stores": 5746907286,
            "LLC-store-misses": 2187933590,
            "CPU-utilization": 97.15,
            "user-CPU-utilization": 5.65,
            "sys-CPU-utilization": 91.35,
            "LLC-loads-PKI": 13.94071912728302,
            "LLC-load-misses-PKI": 2.171270359524167,
            "LLC-stores-PKI": 5.735653471526367,
            "LLC-store-misses-PKI": 2.1836490944483717
        },
        "150.003": {
            "instructions": 1038806831270,
            "LLC-loads": 16494553146,
            "LLC-load-misses": 2156867415,
            "LLC-stores": 5851681277,
            "LLC-store-misses": 2236472812,
            "CPU-utilization": 99.77,
            "user-CPU-utilization": 4.32,
            "sys-CPU-utilization": 95.34,
            "LLC-loads-PKI": 15.878364147677463,
            "LLC-load-misses-PKI": 2.0762930605328305,
            "LLC-stores-PKI": 5.633079318361807,
            "LLC-store-misses-PKI": 2.1529246291784445
        },
        "180.004": {
            "instructions": 1064956076154,
            "LLC-loads": 18596189575,
            "LLC-load-misses": 2088463006,
            "LLC-stores": 5754087277,
            "LLC-store-misses": 2290971715,
            "CPU-utilization": 99.87,
            "user-CPU-utilization": 2.94,
            "sys-CPU-utilization": 96.86,
            "LLC-loads-PKI": 17.461931051803177,
            "LLC-load-misses-PKI": 1.961079008574992,
            "LLC-stores-PKI": 5.403121692849911,
            "LLC-store-misses-PKI": 2.1512358737589
        },
        "210.005": {
            "instructions": 1038915042363,
            "LLC-loads": 17167251133,
            "LLC-load-misses": 2093468500,
            "LLC-stores": 5718064852,
            "LLC-store-misses": 2244655079,
            "CPU-utilization": 98.97,
            "user-CPU-utilization": 4.07,
            "sys-CPU-utilization": 94.79,
            "LLC-loads-PKI": 16.524210770837712,
            "LLC-load-misses-PKI": 2.0150526411076215,
            "LLC-stores-PKI": 5.503881086363259,
            "LLC-store-misses-PKI": 2.1605761659726848
        },
        "240.006": {
            "instructions": 1044363707930,
            "LLC-loads": 16920352197,
            "LLC-load-misses": 2176141926,
            "LLC-stores": 5749557459,
            "LLC-store-misses": 2234150948,
            "CPU-utilization": 99.82,
            "user-CPU-utilization": 4.33,
            "sys-CPU-utilization": 95.4,
            "LLC-loads-PKI": 16.201589607644724,
            "LLC-load-misses-PKI": 2.0837012139317452,
            "LLC-stores-PKI": 5.50532100583619,
            "LLC-store-misses-PKI": 2.1392460605781096
        },
        "270.007": {
            "instructions": 1057872815104,
            "LLC-loads": 17788334472,
            "LLC-load-misses": 2268821280,
            "LLC-stores": 5636088486,
            "LLC-store-misses": 2205715738,
            "CPU-utilization": 99.78,
            "user-CPU-utilization": 4.48,
            "sys-CPU-utilization": 95.19,
            "LLC-loads-PKI": 16.81519197584373,
            "LLC-load-misses-PKI": 2.1447013739330765,
            "LLC-stores-PKI": 5.327756234520416,
            "LLC-store-misses-PKI": 2.085048132920549
        },
        "300.008": {
            "instructions": 1040520585228,
            "LLC-loads": 16783642766,
            "LLC-load-misses": 2308795379,
            "LLC-stores": 5372612034,
            "LLC-store-misses": 2097851930,
            "CPU-utilization": 97.35,
            "user-CPU-utilization": 5.92,
            "sys-CPU-utilization": 91.24,
            "LLC-loads-PKI": 16.130043945572062,
            "LLC-load-misses-PKI": 2.2188848656887403,
            "LLC-stores-PKI": 5.163388509822463,
            "LLC-store-misses-PKI": 2.016156104725517
        },
        "330.009": {
            "instructions": 1019104628567,
            "LLC-loads": 15560051755,
            "LLC-load-misses": 2185324473,
            "LLC-stores": 5508106280,
            "LLC-store-misses": 2142772787,
            "CPU-utilization": 97.7,
            "user-CPU-utilization": 6.29,
            "sys-CPU-utilization": 91.13,
            "LLC-loads-PKI": 15.268355494449626,
            "LLC-load-misses-PKI": 2.144357322832361,
            "LLC-stores-PKI": 5.404848654004396,
            "LLC-store-misses-PKI": 2.102603331331181
        },
        "360.01": {
            "instructions": 1050397033839,
            "LLC-loads": 15281289246,
            "LLC-load-misses": 2279529658,
            "LLC-stores": 5469582799,
            "LLC-store-misses": 2120866466,
            "CPU-utilization": 98.84,
            "user-CPU-utilization": 8.43,
            "sys-CPU-utilization": 89.96,
            "LLC-loads-PKI": 14.548107766593565,
            "LLC-load-misses-PKI": 2.1701600295544967,
            "LLC-stores-PKI": 5.207157505966789,
            "LLC-store-misses-PKI": 2.019109344062634
        },
        "390.011": {
            "instructions": 1053673400466,
            "LLC-loads": 15959655490,
            "LLC-load-misses": 2320194438,
            "LLC-stores": 5542744300,
            "LLC-store-misses": 2161336562,
            "CPU-utilization": 99.67,
            "user-CPU-utilization": 6.96,
            "sys-CPU-utilization": 92.45,
            "LLC-loads-PKI": 15.146681583630796,
            "LLC-load-misses-PKI": 2.2020053243954583,
            "LLC-stores-PKI": 5.260400706280194,
            "LLC-store-misses-PKI": 2.0512395596625312
        },
        "420.011": {
            "instructions": 1083836275770,
            "LLC-loads": 15390020401,
            "LLC-load-misses": 2287943979,
            "LLC-stores": 5329851364,
            "LLC-store-misses": 2081086363,
            "CPU-utilization": 98.46,
            "user-CPU-utilization": 9.04,
            "sys-CPU-utilization": 89.13,
            "LLC-loads-PKI": 14.199580457912171,
            "LLC-load-misses-PKI": 2.110968261672691,
            "LLC-stores-PKI": 4.917579788712519,
            "LLC-store-misses-PKI": 1.920111376159203
        },
        "450.012": {
            "instructions": 1065815135255,
            "LLC-loads": 17083194111,
            "LLC-load-misses": 2308305447,
            "LLC-stores": 5633165271,
            "LLC-store-misses": 2159220782,
            "CPU-utilization": 99.76,
            "user-CPU-utilization": 6.09,
            "sys-CPU-utilization": 93.53,
            "LLC-loads-PKI": 16.02829003447468,
            "LLC-load-misses-PKI": 2.1657653101799212,
            "LLC-stores-PKI": 5.285311762487071,
            "LLC-store-misses-PKI": 2.0258867702074794
        },
        "480.013": {
            "instructions": 1034623284779,
            "LLC-loads": 17242606360,
            "LLC-load-misses": 2245209921,
            "LLC-stores": 5664625427,
            "LLC-store-misses": 2175005016,
            "CPU-utilization": 99.28,
            "user-CPU-utilization": 4.73,
            "sys-CPU-utilization": 94.37,
            "LLC-loads-PKI": 16.66558892851817,
            "LLC-load-misses-PKI": 2.1700748031005186,
            "LLC-stores-PKI": 5.47506083647633,
            "LLC-store-misses-PKI": 2.1022192792274055
        },
        "510.014": {
            "instructions": 1062639443062,
            "LLC-loads": 17050377169,
            "LLC-load-misses": 2386935469,
            "LLC-stores": 5337727076,
            "LLC-store-misses": 2102462687,
            "CPU-utilization": 98.57,
            "user-CPU-utilization": 7.53,
            "sys-CPU-utilization": 90.73,
            "LLC-loads-PKI": 16.045308011407208,
            "LLC-load-misses-PKI": 2.246232703467166,
            "LLC-stores-PKI": 5.02308389816523,