{
    "Total-Time-Stats-Collected": [
        90.0,
        810.0
    ],
    "time": {
        "120.003": {
            "instructions": 1018384181841,
            "LLC-loads": 15947915761,
            "LLC-load-misses": 1718240433,
            "LLC-stores": 4959166098,
            "LLC-store-misses": 2000279185,
            "CPU-utilization": 90.48,
            "user-CPU-utilization": 10.96,
            "sys-CPU-utilization": 78.62,
            "LLC-loads-PKI": 15.660019121830727,
            "LLC-load-misses-PKI": 1.6872222326684452,
            "LLC-stores-PKI": 4.869641719134904,
            "LLC-store-misses-PKI": 1.964169535100166
        },
        "150.004": {
            "instructions": 997898051766,
            "LLC-loads": 15078277861,
            "LLC-load-misses": 1811202285,
            "LLC-stores": 4678614765,
            "LLC-store-misses": 1885654444,
            "CPU-utilization": 88.65,
            "user-CPU-utilization": 13.83,
            "sys-CPU-utilization": 73.69,
            "LLC-loads-PKI": 15.110038379487435,
            "LLC-load-misses-PKI": 1.815017357529338,
            "LLC-stores-PKI": 4.688469685575758,
            "LLC-store-misses-PKI": 1.889626340749859
        },
        "180.005": {
            "instructions": 1014921298688,
            "LLC-loads": 15854516322,
            "LLC-load-misses": 1707628323,
            "LLC-stores": 4942021152,
            "LLC-store-misses": 2005570674,
            "CPU-utilization": 90.18,
            "user-CPU-utilization": 11.15,
            "sys-CPU-utilization": 78.16,
            "LLC-loads-PKI": 15.621424382851467,
            "LLC-load-misses-PKI": 1.6825228963146897,
            "LLC-stores-PKI": 4.869363918550734,
            "LLC-store-misses-PKI": 1.9760849206658915
        },
        "210.005": {
            "instructions": 989253255789,
            "LLC-loads": 15080656102,
            "LLC-load-misses": 1788337362,
            "LLC-stores": 4675395838,
            "LLC-store-misses": 1881790206,
            "CPU-utilization": 88.32,
            "user-CPU-utilization": 13.43,
            "sys-CPU-utilization": 73.76,
            "LLC-loads-PKI": 15.244484679478868,
            "LLC-load-misses-PKI": 1.8077649495059518,
            "LLC-stores-PKI": 4.726186960356313,
            "LLC-store-misses-PKI": 1.9022330176706248
        },
        "240.006": {
            "instructions": 1009855703409,
            "LLC-loads": 15652699096,
            "LLC-load-misses": 1723523002,
            "LLC-stores": 4884393504,
            "LLC-store-misses": 1974581036,
            "CPU-utilization": 89.87,
            "user-CPU-utilization": 11.64,
            "sys-CPU-utilization": 77.28,
            "LLC-loads-PKI": 15.499936320764162,
            "LLC-load-misses-PKI": 1.7067022508085583,
            "LLC-stores-PKI": 4.836724184961879,
            "LLC-store-misses-PKI": 1.9553100797810499
        },
        "270.007": {
            "instructions": 1005442879702,
            "LLC-loads": 15552039972,
            "LLC-load-misses": 1808269657,
            "LLC-stores": 4748826562,
            "LLC-store-misses": 1931861860,
            "CPU-utilization": 89.35,
            "user-CPU-utilization": 12.76,
            "sys-CPU-utilization": 75.51,
            "LLC-loads-PKI": 15.467850323440969,
            "LLC-load-misses-PKI": 1.7984807426712766,
            "LLC-stores-PKI": 4.723119192417465,
            "LLC-store-misses-PKI": 1.9214038897690322
        },
        "300.008": {
            "instructions": 1001192841895,
            "LLC-loads": 15401133756,
            "LLC-load-misses": 1733831059,
            "LLC-stores": 4817213310,
            "LLC-store-misses": 1928735632,
            "CPU-utilization": 89.06,
            "user-CPU-utilization": 12.35,
            "sys-CPU-utilization": 75.66,
            "LLC-loads-PKI": 15.382784526155444,
            "LLC-load-misses-PKI": 1.7317653367540111,
            "LLC-stores-PKI": 4.811473982257261,
            "LLC-store-misses-PKI": 1.9264376964076178
        },
        "330.009": {
            "instructions": 1002067247127,
            "LLC-loads": 15571360050,
            "LLC-load-misses": 1782085888,
            "LLC-stores": 4717476447,
            "LLC-store-misses": 1919147377,
            "CPU-utilization": 88.8,
            "user-CPU-utilization": 12.69,
            "sys-CPU-utilization": 75.1,
            "LLC-loads-PKI": 15.53923660776682,
            "LLC-load-misses-PKI": 1.7784094761198617,
            "LLC-stores-PKI": 4.707744375964138,
            "LLC-store-misses-PKI": 1.9151882096758832
        },
        "360.01": {
            "instructions": 990517284000,
            "LLC-loads": 15098619804,
            "LLC-load-misses": 1769364466,
            "LLC-stores": 4723687549,
            "LLC-store-misses": 1883401923,
            "CPU-utilization": 88.07,
            "user-CPU-utilization": 12.96,
            "sys-CPU-utilization": 74.04,
            "LLC-loads-PKI": 15.243166422121718,
            "LLC-load-misses-PKI": 1.7863034745388653,
            "LLC-stores-PKI": 4.768909765940037,
            "LLC-store-misses-PKI": 1.9014326689931844
        },
        "390.01": {
            "instructions": 989293121018,
            "LLC-loads": 15332022563,
            "LLC-load-misses": 1751630925,
            "LLC-stores": 4628093096,
            "LLC-store-misses": 1893924398,
            "CPU-utilization": 87.72,
            "user-CPU-utilization": 12.64,
            "sys-CPU-utilization": 74.08,
            "LLC-loads-PKI": 15.49795731645549,
            "LLC-load-misses-PKI": 1.7705884007335875,
            "LLC-stores-PKI": 4.678181822630699,
            "LLC-store-misses-PKI": 1.914421881404693
        },
        "420.012": {
            "instructions": 976589900067,
            "LLC-loads": 14818301327,
            "LLC-load-misses": 1756522666,
            "LLC-stores": 4625968124,
            "LLC-store-misses": 1850921221,
            "CPU-utilization": 86.95,
            "user-CPU-utilization": 13.55,
            "sys-CPU-utilization": 72.28,
            "LLC-loads-PKI": 15.173514825397412,
            "LLC-load-misses-PKI": 1.7986287446547338,
            "LLC-stores-PKI": 4.736858453771261,
            "LLC-store-misses-PKI": 1.8952901528809745
        },
        "450.013": {
            "instructions": 989508161452,
            "LLC-loads": 15395164796,
            "LLC-load-misses": 1757623996,
            "LLC-stores": 4640723006,
            "LLC-store-misses": 1899745489,
            "CPU-utilization": 87.97,
            "user-CPU-utilization": 12.45,
            "sys-CPU-utilization": 74.49,
            "LLC-loads-PKI": 15.558401027647111,
            "LLC-load-misses-PKI": 1.7762602315688536,
            "LLC-stores-PKI": 4.689928983698551,
            "LLC-store-misses-PKI": 1.9198886507538468
        },
        "480.014": {
            "instructions": 970698378690,
            "LLC-loads": 14659681043,
            "LLC-load-misses": 1743784526,
            "LLC-stores": 4597237348,
            "LLC-store-misses": 1833666363,
            "CPU-utilization": 86.39,
            "user-CPU-utilization": 13.66,
            "sys-CPU-utilization": 71.6,
            "LLC-loads-PKI": 15.10219998799615,
            "LLC-load-misses-PKI": 1.7964226213639232,
            "LLC-stores-PKI": 4.736010123148834,
            "LLC-store-misses-PKI": 1.8890176426117176
        },
        "510.015": {
            "instructions": 972883482548,
            "LLC-loads": 15194878575,
            "LLC-load-misses": 1745711124,
            "LLC-stores": 4525874087,
            "LLC-store-misses": 1860744777,
            "CPU-utilization": 87.18,
            "user-CPU-utilization": 13.23,
            "sys-CPU-utilization": 72.89,
            "LLC-loads-PKI": 15.618395057139145,
            "LLC-load-misses-PKI": 1.7943681389552941,
            "LLC-stores-PKI": 4.652020687150173,