{
    "Total-Time-Stats-Collected": [
        90.0,
        810.0
    ],
    "time": {
        "120.002": {
            "instructions": 926556497140,
            "LLC-loads": 14726434670,
            "LLC-load-misses": 1257963236,
            "LLC-stores": 4719085893,
            "LLC-store-misses": 1894498489,
            "CPU-utilization": 83.87,
            "user-CPU-utilization": 8.6,
            "sys-CPU-utilization": 74.73,
            "LLC-loads-PKI": 15.89372554772003,
            "LLC-load-misses-PKI": 1.357675694771935,
            "LLC-stores-PKI": 5.09314424707656,
            "LLC-store-misses-PKI": 2.0446659160534133
        },
        "150.004": {
            "instructions": 919511804239,
            "LLC-loads": 14546059181,
            "LLC-load-misses": 1253766083,
            "LLC-stores": 4618922632,
            "LLC-store-misses": 1866657759,
            "CPU-utilization": 82.35,
            "user-CPU-utilization": 8.93,
            "sys-CPU-utilization": 72.82,
            "LLC-loads-PKI": 15.819328380496986,
            "LLC-load-misses-PKI": 1.3635127653827492,
            "LLC-stores-PKI": 5.023233644969551,
            "LLC-store-misses-PKI": 2.030053067719854
        },
        "180.005": {
            "instructions": 917116036240,
            "LLC-loads": 14506497828,
            "LLC-load-misses": 1225919177,
            "LLC-stores": 4700666047,
            "LLC-store-misses": 1876407544,
            "CPU-utilization": 83.1,
            "user-CPU-utilization": 8.61,
            "sys-CPU-utilization": 73.9,
            "LLC-loads-PKI": 15.817516273593755,
            "LLC-load-misses-PKI": 1.3367110905900563,
            "LLC-stores-PKI": 5.1254867009760625,
            "LLC-store-misses-PKI": 2.045987061455071
        },
        "210.006": {
            "instructions": 927328896159,
            "LLC-loads": 14754303534,
            "LLC-load-misses": 1290189539,
            "LLC-stores": 4644291010,
            "LLC-store-misses": 1875292395,
            "CPU-utilization": 83.35,
            "user-CPU-utilization": 8.87,
            "sys-CPU-utilization": 73.9,
            "LLC-loads-PKI": 15.910540041523976,
            "LLC-load-misses-PKI": 1.3912965985897454,
            "LLC-stores-PKI": 5.008245757504885,
            "LLC-store-misses-PKI": 2.022251655014169
        },
        "240.012": {
            "instructions": 928661472062,
            "LLC-loads": 14582793404,
            "LLC-load-misses": 1258649834,
            "LLC-stores": 4750887590,
            "LLC-store-misses": 1902868250,
            "CPU-utilization": 83.54,
            "user-CPU-utilization": 8.63,
            "sys-CPU-utilization": 74.33,
            "LLC-loads-PKI": 15.703024021897198,
            "LLC-load-misses-PKI": 1.3553376250285196,
            "LLC-stores-PKI": 5.115844398552605,
            "LLC-store-misses-PKI": 2.049044035147567
        },
        "270.013": {
            "instructions": 930471843644,
            "LLC-loads": 14824990226,
            "LLC-load-misses": 1311935308,
            "LLC-stores": 4612200173,
            "LLC-store-misses": 1879574361,
            "CPU-utilization": 83.24,
            "user-CPU-utilization": 9.07,
            "sys-CPU-utilization": 73.56,
            "LLC-loads-PKI": 15.932766076984125,
            "LLC-load-misses-PKI": 1.4099677673878637,
            "LLC-stores-PKI": 4.956840128485,
            "LLC-store-misses-PKI": 2.020022823731062
        },
        "300.014": {
            "instructions": 920763490488,
            "LLC-loads": 14488509422,
            "LLC-load-misses": 1226791690,
            "LLC-stores": 4705893169,
            "LLC-store-misses": 1885161206,
            "CPU-utilization": 83.36,
            "user-CPU-utilization": 8.67,
            "sys-CPU-utilization": 74.1,
            "LLC-loads-PKI": 15.73532136284114,
            "LLC-load-misses-PKI": 1.332363525132612,
            "LLC-stores-PKI": 5.11085986533404,
            "LLC-store-misses-PKI": 2.0473891780840203
        },
        "330.015": {
            "instructions": 940112392693,
            "LLC-loads": 15195327709,
            "LLC-load-misses": 1331274557,
            "LLC-stores": 4683538037,
            "LLC-store-misses": 1912983840,
            "CPU-utilization": 83.93,
            "user-CPU-utilization": 8.26,
            "sys-CPU-utilization": 75.12,
            "LLC-loads-PKI": 16.163309650107056,
            "LLC-load-misses-PKI": 1.4160802126929697,
            "LLC-stores-PKI": 4.981891605091777,
            "LLC-store-misses-PKI": 2.034845891691907
        },
        "360.024": {
            "instructions": 899465168651,
            "LLC-loads": 14010331563,
            "LLC-load-misses": 1205450494,
            "LLC-stores": 4583176083,
            "LLC-store-misses": 1813673348,
            "CPU-utilization": 81.63,
            "user-CPU-utilization": 9.31,
            "sys-CPU-utilization": 71.71,
            "LLC-loads-PKI": 15.57629139104121,
            "LLC-load-misses-PKI": 1.3401858526749966,
            "LLC-stores-PKI": 5.095445874656554,
            "LLC-store-misses-PKI": 2.016390863383972
        },
        "390.025": {
            "instructions": 940768620870,
            "LLC-loads": 15180241470,
            "LLC-load-misses": 1308341143,
            "LLC-stores": 4656138332,
            "LLC-store-misses": 1903297059,
            "CPU-utilization": 83.93,
            "user-CPU-utilization": 8.51,
            "sys-CPU-utilization": 74.89,
            "LLC-loads-PKI": 16.135998940910337,
            "LLC-load-misses-PKI": 1.3907151173793169,
            "LLC-stores-PKI": 4.949291705429244,
            "LLC-store-misses-PKI": 2.0231298289263484
        },
        "420.026": {
            "instructions": 897713482578,
            "LLC-loads": 13952520374,
            "LLC-load-misses": 1191825825,
            "LLC-stores": 4551804251,
            "LLC-store-misses": 1820096113,
            "CPU-utilization": 80.89,
            "user-CPU-utilization": 9.17,
            "sys-CPU-utilization": 71.1,
            "LLC-loads-PKI": 15.542286759392299,
            "LLC-load-misses-PKI": 1.3276238445003474,
            "LLC-stores-PKI": 5.070442116930671,
            "LLC-store-misses-PKI": 2.0274799792169285
        },
        "450.027": {
            "instructions": 922980216811,
            "LLC-loads": 14973244165,
            "LLC-load-misses": 1323649377,
            "LLC-stores": 4532218724,
            "LLC-store-misses": 1871161456,
            "CPU-utilization": 82.79,
            "user-CPU-utilization": 9.0,
            "sys-CPU-utilization": 73.2,
            "LLC-loads-PKI": 16.222714086694335,
            "LLC-load-misses-PKI": 1.4341037358020055,
            "LLC-stores-PKI": 4.910418058210741,
            "LLC-store-misses-PKI": 2.027303968079698
        },
        "480.028": {
            "instructions": 893329653603,
            "LLC-loads": 13846405916,
            "LLC-load-misses": 1185690992,
            "LLC-stores": 4532959697,
            "LLC-store-misses": 1800403245,
            "CPU-utilization": 80.73,
            "user-CPU-utilization": 9.33,
            "sys-CPU-utilization": 70.79,
            "LLC-loads-PKI": 15.499771960053403,
            "LLC-load-misses-PKI": 1.3272715029864293,
            "LLC-stores-PKI": 5.074229517309261,
            "LLC-store-misses-PKI": 2.015385068365936
        },
        "510.029": {
            "instructions": 957524774929,
            "LLC-loads": 15625990151,
            "LLC-load-misses": 1360436719,
            "LLC-stores": 4726724054,
            "LLC-store-misses": 1956779098,
            "CPU-utilization": 85.24,
            "user-CPU-utilization": 8.12,
            "sys-CPU-utilization": 76.56,
            "LLC-loads-PKI": 16.31914970780642,
            "LLC-load-misses-PKI": 1.4207848764026765,
            "LLC-stores-PKI": 4.936398699814826,
            "LLC-store-misses-PKI": 2.043580645884692
        },