{
    "Total-Time-Stats-Collected": [
        90.0,
        810.0
    ],
    "time": {
        "120.006": {
            "instructions": 140384081503,
            "LLC-loads": 920205556,
            "LLC-load-misses": 160564969,
            "LLC-stores": 324669873,
            "LLC-store-misses": 99607493,
            "CPU-utilization": 21.36,
            "user-CPU-utilization": 15.76,
            "sys-CPU-utilization": 4.46,
            "LLC-loads-PKI": 6.55491382034177,
            "LLC-load-misses-PKI": 1.143754813800372,
            "LLC-stores-PKI": 2.312725698839735,
            "LLC-store-misses-PKI": 0.7095355252074743
        },
        "150.008": {
            "instructions": 138453209324,
            "LLC-loads": 897928670,
            "LLC-load-misses": 142213410,
            "LLC-stores": 327106402,
            "LLC-store-misses": 90156898,
            "CPU-utilization": 20.55,
            "user-CPU-utilization": 15.12,
            "sys-CPU-utilization": 4.31,
            "LLC-loads-PKI": 6.485430524753822,
            "LLC-load-misses-PKI": 1.027158638606929,
            "LLC-stores-PKI": 2.3625772461115364,
            "LLC-store-misses-PKI": 0.6511723234166438
        },
        "180.009": {
            "instructions": 138386325073,
            "LLC-loads": 899960165,
            "LLC-load-misses": 133681863,
            "LLC-stores": 326915501,
            "LLC-store-misses": 83573788,
            "CPU-utilization": 20.42,
            "user-CPU-utilization": 14.87,
            "sys-CPU-utilization": 4.46,
            "LLC-loads-PKI": 6.5032449161813,
            "LLC-load-misses-PKI": 0.9660048630490161,
            "LLC-stores-PKI": 2.362339637442856,
            "LLC-store-misses-PKI": 0.6039165210573668
        },
        "210.012": {
            "instructions": 138627043048,
            "LLC-loads": 890585251,
            "LLC-load-misses": 131178587,
            "LLC-stores": 330179466,
            "LLC-store-misses": 84093363,
            "CPU-utilization": 20.45,
            "user-CPU-utilization": 14.99,
            "sys-CPU-utilization": 4.36,
            "LLC-loads-PKI": 6.424325524217034,
            "LLC-load-misses-PKI": 0.9462698194794436,
            "LLC-stores-PKI": 2.3817825060704383,
            "LLC-store-misses-PKI": 0.6066158604485449
        },
        "240.013": {
            "instructions": 136530455009,
            "LLC-loads": 883334015,
            "LLC-load-misses": 142274822,
            "LLC-stores": 319138418,
            "LLC-store-misses": 88831563,
            "CPU-utilization": 20.2,
            "user-CPU-utilization": 14.73,
            "sys-CPU-utilization": 4.37,
            "LLC-loads-PKI": 6.469867949548481,
            "LLC-load-misses-PKI": 1.042073887402055,
            "LLC-stores-PKI": 2.3374888626787524,
            "LLC-store-misses-PKI": 0.6506355156740984
        },
        "270.015": {
            "instructions": 136494243640,
            "LLC-loads": 876913978,
            "LLC-load-misses": 134548845,
            "LLC-stores": 318732090,
            "LLC-store-misses": 86872085,
            "CPU-utilization": 19.98,
            "user-CPU-utilization": 14.68,
            "sys-CPU-utilization": 4.2,
            "LLC-loads-PKI": 6.42454915763948,
            "LLC-load-misses-PKI": 0.985747394262787,
            "LLC-stores-PKI": 2.335132101545964,
            "LLC-store-misses-PKI": 0.6364523710547301
        },
        "300.017": {
            "instructions": 139419523982,
            "LLC-loads": 885619755,
            "LLC-load-misses": 166858328,
            "LLC-stores": 309414856,
            "LLC-store-misses": 106510218,
            "CPU-utilization": 20.75,
            "user-CPU-utilization": 15.38,
            "sys-CPU-utilization": 4.27,
            "LLC-loads-PKI": 6.352193220185858,
            "LLC-load-misses-PKI": 1.1968074716819612,
            "LLC-stores-PKI": 2.2193079359526973,
            "LLC-store-misses-PKI": 0.7639548246754247
        },
        "330.019": {
            "instructions": 137165657862,
            "LLC-loads": 886157901,
            "LLC-load-misses": 167204335,
            "LLC-stores": 305068089,
            "LLC-store-misses": 101789242,
            "CPU-utilization": 20.54,
            "user-CPU-utilization": 15.18,
            "sys-CPU-utilization": 4.27,
            "LLC-loads-PKI": 6.460493937130737,
            "LLC-load-misses-PKI": 1.218995611629125,
            "LLC-stores-PKI": 2.224085049822921,
            "LLC-store-misses-PKI": 0.7420898465883378
        },
        "360.022": {
            "instructions": 134821090747,
            "LLC-loads": 868505922,
            "LLC-load-misses": 158470631,
            "LLC-stores": 300242356,
            "LLC-store-misses": 100481366,
            "CPU-utilization": 20.19,
            "user-CPU-utilization": 14.84,
            "sys-CPU-utilization": 4.3,
            "LLC-loads-PKI": 6.441914371022293,
            "LLC-load-misses-PKI": 1.1754142480376444,
            "LLC-stores-PKI": 2.226968750485954,
            "LLC-store-misses-PKI": 0.7452941186224299
        },
        "390.024": {
            "instructions": 134913213469,
            "LLC-loads": 869756444,
            "LLC-load-misses": 152201358,
            "LLC-stores": 306622500,
            "LLC-store-misses": 95850876,
            "CPU-utilization": 20.05,
            "user-CPU-utilization": 14.76,
            "sys-CPU-utilization": 4.25,
            "LLC-loads-PKI": 6.446784726537185,
            "LLC-load-misses-PKI": 1.1281427080896893,
            "LLC-stores-PKI": 2.272738837923054,
            "LLC-store-misses-PKI": 0.7104632195424235
        },
        "420.026": {
            "instructions": 135404091355,
            "LLC-loads": 861735800,
            "LLC-load-misses": 143037899,
            "LLC-stores": 306886794,
            "LLC-store-misses": 93776430,
            "CPU-utilization": 19.85,
            "user-CPU-utilization": 14.48,
            "sys-CPU-utilization": 4.28,
            "LLC-loads-PKI": 6.364178448202992,
            "LLC-load-misses-PKI": 1.0563779688531405,
            "LLC-stores-PKI": 2.266451411688955,
            "LLC-store-misses-PKI": 0.6925671821402992
        },
        "450.028": {
            "instructions": 135479656112,
            "LLC-loads": 870547243,
            "LLC-load-misses": 157471923,
            "LLC-stores": 303234679,
            "LLC-store-misses": 97880831,
            "CPU-utilization": 20.06,
            "user-CPU-utilization": 14.73,
            "sys-CPU-utilization": 4.24,
            "LLC-loads-PKI": 6.425667646220812,
            "LLC-load-misses-PKI": 1.162328924645477,
            "LLC-stores-PKI": 2.238230356514326,
            "LLC-store-misses-PKI": 0.7224762286013087
        },
        "480.03": {
            "instructions": 134451606782,
            "LLC-loads": 867829130,
            "LLC-load-misses": 167947233,
            "LLC-stores": 296529468,
            "LLC-store-misses": 104357634,
            "CPU-utilization": 20.14,
            "user-CPU-utilization": 14.83,
            "sys-CPU-utilization": 4.23,
            "LLC-loads-PKI": 6.454583554416715,
            "LLC-load-misses-PKI": 1.2491277495278272,
            "LLC-stores-PKI": 2.2054735908124417,
            "LLC-store-misses-PKI": 0.7761724571221049
        },
        "510.031": {
            "instructions": 133540273684,
            "LLC-loads": 854616765,
            "LLC-load-misses": 155594860,
            "LLC-stores": 295288443,
            "LLC-store-misses": 99531288,
            "CPU-utilization": 19.66,
            "user-CPU-utilization": 14.48,
            "sys-CPU-utilization": 4.1,
            "LLC-loads-PKI": 6.399693077028605,
            "LLC-load-misses-PKI": 1.1651530711116287,
            "LLC-stores-PKI": 2.211231375028848,
            "LLC-store-misses-PKI": 0.7453278719161801
        },
        "540.033": {
            "instructions": 134223011808,