{
    "Total-Time-Stats-Collected": [
        90.0,
        810.0
    ],
    "time": {
        "120.003": {
            "instructions": 1018877706966,
            "LLC-loads": 16702422311,
            "LLC-load-misses": 1321659669,
            "LLC-stores": 5109088011,
            "LLC-store-misses": 2120745625,
            "CPU-utilization": 89.18,
            "user-CPU-utilization": 6.86,
            "sys-CPU-utilization": 81.92,
            "LLC-loads-PKI": 16.392960800699274,
            "LLC-load-misses-PKI": 1.2971720354306504,
            "LLC-stores-PKI": 5.014427125129444,
            "LLC-store-misses-PKI": 2.0814525732584013
        },
        "150.004": {
            "instructions": 915118594571,
            "LLC-loads": 14167801218,
            "LLC-load-misses": 1270035153,
            "LLC-stores": 4344253033,
            "LLC-store-misses": 1805237432,
            "CPU-utilization": 80.76,
            "user-CPU-utilization": 11.03,
            "sys-CPU-utilization": 69.03,
            "LLC-loads-PKI": 15.48192912050022,
            "LLC-load-misses-PKI": 1.387836680988197,
            "LLC-stores-PKI": 4.74720223015089,
            "LLC-store-misses-PKI": 1.9726814018529264
        },
        "180.004": {
            "instructions": 1010306685217,
            "LLC-loads": 16502396955,
            "LLC-load-misses": 1321365780,
            "LLC-stores": 5051537961,
            "LLC-store-misses": 2097393086,
            "CPU-utilization": 88.83,
            "user-CPU-utilization": 7.16,
            "sys-CPU-utilization": 81.24,
            "LLC-loads-PKI": 16.334047073493842,
            "LLC-load-misses-PKI": 1.3078858126294481,
            "LLC-stores-PKI": 5.000004488651879,
            "LLC-store-misses-PKI": 2.0759964441386516
        },
        "210.005": {
            "instructions": 904636971236,
            "LLC-loads": 14133903654,
            "LLC-load-misses": 1284809657,
            "LLC-stores": 4304840333,
            "LLC-store-misses": 1777100896,
            "CPU-utilization": 79.67,
            "user-CPU-utilization": 10.19,
            "sys-CPU-utilization": 68.73,
            "LLC-loads-PKI": 15.623840394991742,
            "LLC-load-misses-PKI": 1.4202488930389088,
            "LLC-stores-PKI": 4.75863851453951,
            "LLC-store-misses-PKI": 1.9644354061408276
        },
        "240.006": {
            "instructions": 994927177201,
            "LLC-loads": 16071036242,
            "LLC-load-misses": 1302045469,
            "LLC-stores": 4949531586,
            "LLC-store-misses": 2051159080,
            "CPU-utilization": 87.54,
            "user-CPU-utilization": 7.54,
            "sys-CPU-utilization": 79.53,
            "LLC-loads-PKI": 16.152977434199943,
            "LLC-load-misses-PKI": 1.3086841920058985,
            "LLC-stores-PKI": 4.9747677010134295,
            "LLC-store-misses-PKI": 2.061617299238389
        },
        "270.007": {
            "instructions": 885540874657,
            "LLC-loads": 13787999988,
            "LLC-load-misses": 1268129883,
            "LLC-stores": 4197290695,
            "LLC-store-misses": 1743984821,
            "CPU-utilization": 79.41,
            "user-CPU-utilization": 11.0,
            "sys-CPU-utilization": 67.66,
            "LLC-loads-PKI": 15.570145187640898,
            "LLC-load-misses-PKI": 1.432039919660614,
            "LLC-stores-PKI": 4.739804581720469,
            "LLC-store-misses-PKI": 1.9694007029043177
        },
        "300.009": {
            "instructions": 982873237526,
            "LLC-loads": 15820888621,
            "LLC-load-misses": 1322647558,
            "LLC-stores": 4880678794,
            "LLC-store-misses": 2026767658,
            "CPU-utilization": 86.51,
            "user-CPU-utilization": 8.16,
            "sys-CPU-utilization": 77.85,
            "LLC-loads-PKI": 16.096570765140495,
            "LLC-load-misses-PKI": 1.345694955871674,
            "LLC-stores-PKI": 4.9657255968075855,
            "LLC-store-misses-PKI": 2.062084489248682
        },
        "330.01": {
            "instructions": 900320989612,
            "LLC-loads": 14146060472,
            "LLC-load-misses": 1299204674,
            "LLC-stores": 4243181385,
            "LLC-store-misses": 1770016503,
            "CPU-utilization": 80.03,
            "user-CPU-utilization": 10.99,
            "sys-CPU-utilization": 68.31,
            "LLC-loads-PKI": 15.712241117577797,
            "LLC-load-misses-PKI": 1.4430460791099649,
            "LLC-stores-PKI": 4.712965080186158,
            "LLC-store-misses-PKI": 1.9659838251275268
        },
        "360.011": {
            "instructions": 971610583317,
            "LLC-loads": 15628339541,
            "LLC-load-misses": 1316654661,
            "LLC-stores": 4840617070,
            "LLC-store-misses": 1995559727,
            "CPU-utilization": 85.85,
            "user-CPU-utilization": 8.06,
            "sys-CPU-utilization": 77.25,
            "LLC-loads-PKI": 16.084982820633872,
            "LLC-load-misses-PKI": 1.355125894682052,
            "LLC-stores-PKI": 4.98205469672276,
            "LLC-store-misses-PKI": 2.0538678368316248
        },
        "390.012": {
            "instructions": 904491892000,
            "LLC-loads": 14381789201,
            "LLC-load-misses": 1298136835,
            "LLC-stores": 4293518980,
            "LLC-store-misses": 1798216081,
            "CPU-utilization": 80.62,
            "user-CPU-utilization": 10.33,
            "sys-CPU-utilization": 69.59,
            "LLC-loads-PKI": 15.900406988944018,
            "LLC-load-misses-PKI": 1.4352111350932928,
            "LLC-stores-PKI": 4.746884983685404,
            "LLC-store-misses-PKI": 1.98809530179846
        },
        "420.013": {
            "instructions": 962242391754,
            "LLC-loads": 15292099219,
            "LLC-load-misses": 1290437615,
            "LLC-stores": 4761019935,
            "LLC-store-misses": 1960582075,
            "CPU-utilization": 85.06,
            "user-CPU-utilization": 8.58,
            "sys-CPU-utilization": 75.9,
            "LLC-loads-PKI": 15.892148745520526,
            "LLC-load-misses-PKI": 1.3410733366753438,
            "LLC-stores-PKI": 4.947838482070501,
            "LLC-store-misses-PKI": 2.0375137198291595
        },
        "450.014": {
            "instructions": 907596822309,
            "LLC-loads": 14596539782,
            "LLC-load-misses": 1297703777,
            "LLC-stores": 4303767320,
            "LLC-store-misses": 1819707547,
            "CPU-utilization": 80.95,
            "user-CPU-utilization": 9.76,
            "sys-CPU-utilization": 70.52,
            "LLC-loads-PKI": 16.082625482166428,
            "LLC-load-misses-PKI": 1.429824064058021,
            "LLC-stores-PKI": 4.741937404596532,
            "LLC-store-misses-PKI": 2.004973466489797
        },
        "480.016": {
            "instructions": 953099173980,
            "LLC-loads": 15083643089,
            "LLC-load-misses": 1283183072,
            "LLC-stores": 4679243319,
            "LLC-store-misses": 1920319026,
            "CPU-utilization": 83.77,
            "user-CPU-utilization": 9.17,
            "sys-CPU-utilization": 74.0,
            "LLC-loads-PKI": 15.825890422308264,
            "LLC-load-misses-PKI": 1.3463269164756684,
            "LLC-stores-PKI": 4.909503068248583,
            "LLC-store-misses-PKI": 2.014815539059838
        },
        "510.017": {
            "instructions": 907620130851,
            "LLC-loads": 14721053549,
            "LLC-load-misses": 1283978480,
            "LLC-stores": 4276154060,
            "LLC-store-misses": 1824201654,
            "CPU-utilization": 81.72,
            "user-CPU-utilization": 10.04,
            "sys-CPU-utilization": 71.04,
            "LLC-loads-PKI": 16.21939955782745,
            "LLC-load-misses-PKI": 1.414665052433467,
            "LLC-stores-PKI": 4.711391819825113,