{
    "Total-Time-Stats-Collected": [
        90.0,
        810.0
    ],
    "time": {
        "120.002": {
            "instructions": 1024712053566,
            "LLC-loads": 16907315877,
            "LLC-load-misses": 1410846798,
            "LLC-stores": 5130206509,
            "LLC-store-misses": 2135798745,
            "CPU-utilization": 90.54,
            "user-CPU-utilization": 7.17,
            "sys-CPU-utilization": 82.98,
            "LLC-loads-PKI": 16.499577435595207,
            "LLC-load-misses-PKI": 1.37682268212836,
            "LLC-stores-PKI": 5.006485959784381,
            "LLC-store-misses-PKI": 2.0842916188673843
        },
        "150.003": {
            "instructions": 895934213127,
            "LLC-loads": 13459951540,
            "LLC-load-misses": 1268146930,
            "LLC-stores": 4384764790,
            "LLC-store-misses": 1745482058,
            "CPU-utilization": 79.43,
            "user-CPU-utilization": 11.4,
            "sys-CPU-utilization": 67.33,
            "LLC-loads-PKI": 15.02337040241149,
            "LLC-load-misses-PKI": 1.4154464819173485,
            "LLC-stores-PKI": 4.894070039692136,
            "LLC-store-misses-PKI": 1.9482256982997648
        },
        "180.004": {
            "instructions": 1024265387778,
            "LLC-loads": 16985556742,
            "LLC-load-misses": 1395094658,
            "LLC-stores": 5108627430,
            "LLC-store-misses": 2133999718,
            "CPU-utilization": 90.41,
            "user-CPU-utilization": 6.94,
            "sys-CPU-utilization": 83.06,
            "LLC-loads-PKI": 16.58315993557859,
            "LLC-load-misses-PKI": 1.3620441290381413,
            "LLC-stores-PKI": 4.9876013491800695,
            "LLC-store-misses-PKI": 2.08344413807579
        },
        "210.006": {
            "instructions": 893423278559,
            "LLC-loads": 13413053530,
            "LLC-load-misses": 1274021596,
            "LLC-stores": 4331149862,
            "LLC-store-misses": 1726660013,
            "CPU-utilization": 78.57,
            "user-CPU-utilization": 11.62,
            "sys-CPU-utilization": 66.21,
            "LLC-loads-PKI": 15.013100567106196,
            "LLC-load-misses-PKI": 1.4260000008673,
            "LLC-stores-PKI": 4.847813982400033,
            "LLC-store-misses-PKI": 1.9326337856171885
        },
        "240.007": {
            "instructions": 1041821468063,
            "LLC-loads": 17480672808,
            "LLC-load-misses": 1417833806,
            "LLC-stores": 5199863823,
            "LLC-store-misses": 2183672901,
            "CPU-utilization": 91.95,
            "user-CPU-utilization": 6.74,
            "sys-CPU-utilization": 84.84,
            "LLC-loads-PKI": 16.77895238663188,
            "LLC-load-misses-PKI": 1.3609182086025724,
            "LLC-stores-PKI": 4.991127541907746,
            "LLC-store-misses-PKI": 2.096014497627871
        },
        "270.007": {
            "instructions": 869198836010,
            "LLC-loads": 12938603330,
            "LLC-load-misses": 1264097188,
            "LLC-stores": 4164763705,
            "LLC-store-misses": 1657886254,
            "CPU-utilization": 76.55,
            "user-CPU-utilization": 12.24,
            "sys-CPU-utilization": 63.56,
            "LLC-loads-PKI": 14.88566573488962,
            "LLC-load-misses-PKI": 1.4543245292443727,
            "LLC-stores-PKI": 4.791497103376338,
            "LLC-store-misses-PKI": 1.9073728418809412
        },
        "300.008": {
            "instructions": 1065233885233,
            "LLC-loads": 18006206206,
            "LLC-load-misses": 1442269263,
            "LLC-stores": 5412583752,
            "LLC-store-misses": 2263159809,
            "CPU-utilization": 94.32,
            "user-CPU-utilization": 5.61,
            "sys-CPU-utilization": 88.43,
            "LLC-loads-PKI": 16.903523682089286,
            "LLC-load-misses-PKI": 1.3539460985927336,
            "LLC-stores-PKI": 5.081122396717692,
            "LLC-store-misses-PKI": 2.124566107381175
        },
        "330.009": {
            "instructions": 836993823342,
            "LLC-loads": 12299081011,
            "LLC-load-misses": 1268302928,
            "LLC-stores": 3927092591,
            "LLC-store-misses": 1564089865,
            "CPU-utilization": 74.42,
            "user-CPU-utilization": 13.54,
            "sys-CPU-utilization": 59.99,
            "LLC-loads-PKI": 14.694350983250365,
            "LLC-load-misses-PKI": 1.5153073925155656,
            "LLC-stores-PKI": 4.691901518842355,
            "LLC-store-misses-PKI": 1.8686994113705722
        },
        "360.01": {
            "instructions": 1029306242232,
            "LLC-loads": 17208667425,
            "LLC-load-misses": 1400382072,
            "LLC-stores": 5224019669,
            "LLC-store-misses": 2177706993,
            "CPU-utilization": 91.68,
            "user-CPU-utilization": 6.28,
            "sys-CPU-utilization": 85.07,
            "LLC-loads-PKI": 16.71870500628059,
            "LLC-load-misses-PKI": 1.3605106182620055,
            "LLC-stores-PKI": 5.075282218897235,
            "LLC-store-misses-PKI": 2.115703668791272
        },
        "390.011": {
            "instructions": 847087427504,
            "LLC-loads": 12625816393,
            "LLC-load-misses": 1271021098,
            "LLC-stores": 4015322271,
            "LLC-store-misses": 1601080222,
            "CPU-utilization": 75.31,
            "user-CPU-utilization": 12.64,
            "sys-CPU-utilization": 61.84,
            "LLC-loads-PKI": 14.904974366344707,
            "LLC-load-misses-PKI": 1.5004603500551874,
            "LLC-stores-PKI": 4.740150946203294,
            "LLC-store-misses-PKI": 1.8901003249660906
        },
        "420.012": {
            "instructions": 1037052978658,
            "LLC-loads": 17319521262,
            "LLC-load-misses": 1395960276,
            "LLC-stores": 5247063052,
            "LLC-store-misses": 2182432950,
            "CPU-utilization": 92.17,
            "user-CPU-utilization": 6.56,
            "sys-CPU-utilization": 85.26,
            "LLC-loads-PKI": 16.70071020326498,
            "LLC-load-misses-PKI": 1.346083859482709,
            "LLC-stores-PKI": 5.059590165576661,
            "LLC-store-misses-PKI": 2.104456565781413
        },
        "450.013": {
            "instructions": 846636091252,
            "LLC-loads": 12660992922,
            "LLC-load-misses": 1270293903,
            "LLC-stores": 3940217401,
            "LLC-store-misses": 1587768905,
            "CPU-utilization": 75.13,
            "user-CPU-utilization": 13.26,
            "sys-CPU-utilization": 61.04,
            "LLC-loads-PKI": 14.954468694190682,
            "LLC-load-misses-PKI": 1.5004013130617875,
            "LLC-stores-PKI": 4.653968147251119,
            "LLC-store-misses-PKI": 1.8753853295481622
        },
        "480.022": {
            "instructions": 1035222186660,
            "LLC-loads": 17312740860,
            "LLC-load-misses": 1423405374,
            "LLC-stores": 5255204868,
            "LLC-store-misses": 2181604531,
            "CPU-utilization": 91.77,
            "user-CPU-utilization": 5.96,
            "sys-CPU-utilization": 85.47,
            "LLC-loads-PKI": 16.72369572744296,
            "LLC-load-misses-PKI": 1.3749757224508672,
            "LLC-stores-PKI": 5.076402858941021,
            "LLC-store-misses-PKI": 2.1073780673486557
        },
        "510.023": {
            "instructions": 833231935169,
            "LLC-loads": 12525376052,
            "LLC-load-misses": 1290285859,
            "LLC-stores": 3866087958,
            "LLC-store-misses": 1563788409,
            "CPU-utilization": 74.52,
            "user-CPU-utilization": 13.35,
            "sys-CPU-utilization": 60.31,
            "LLC-loads-PKI": 15.032280357160753,
            "LLC-load-misses-PKI": 1.548531452696059,
            "LLC-stores-PKI": 4.639870118775346,