{
    "Total-Time-Stats-Collected": [
        90.0,
        810.0
    ],
    "time": {
        "120.002": {
            "instructions": 944834054548,
            "LLC-loads": 14976008245,
            "LLC-load-misses": 1215755501,
            "LLC-stores": 4704087867,
            "LLC-store-misses": 1949691307,
            "CPU-utilization": 84.07,
            "user-CPU-utilization": 8.88,
            "sys-CPU-utilization": 74.67,
            "LLC-loads-PKI": 15.850411162587049,
            "LLC-load-misses-PKI": 1.286739713866057,
            "LLC-stores-PKI": 4.97874504454689,
            "LLC-store-misses-PKI": 2.0635277672466144
        },
        "150.003": {
            "instructions": 932445307419,
            "LLC-loads": 14772156111,
            "LLC-load-misses": 1237960842,
            "LLC-stores": 4614102559,
            "LLC-store-misses": 1902859224,
            "CPU-utilization": 82.98,
            "user-CPU-utilization": 9.35,
            "sys-CPU-utilization": 73.08,
            "LLC-loads-PKI": 15.842383455056675,
            "LLC-load-misses-PKI": 1.327649817260236,
            "LLC-stores-PKI": 4.948389489751194,
            "LLC-store-misses-PKI": 2.0407193954003553
        },
        "180.004": {
            "instructions": 938742119037,
            "LLC-loads": 14864348085,
            "LLC-load-misses": 1209777753,
            "LLC-stores": 4682124702,
            "LLC-store-misses": 1930939225,
            "CPU-utilization": 83.52,
            "user-CPU-utilization": 8.88,
            "sys-CPU-utilization": 74.11,
            "LLC-loads-PKI": 15.834325299314846,
            "LLC-load-misses-PKI": 1.2887221404756393,
            "LLC-stores-PKI": 4.987658066097124,
            "LLC-store-misses-PKI": 2.0569432071300224
        },
        "210.005": {
            "instructions": 929307992334,
            "LLC-loads": 14794994226,
            "LLC-load-misses": 1259912242,
            "LLC-stores": 4554735545,
            "LLC-store-misses": 1894086899,
            "CPU-utilization": 82.74,
            "user-CPU-utilization": 9.3,
            "sys-CPU-utilization": 72.88,
            "LLC-loads-PKI": 15.920442251703536,
            "LLC-load-misses-PKI": 1.355753154382835,
            "LLC-stores-PKI": 4.90121206593798,
            "LLC-store-misses-PKI": 2.038169169559075
        },
        "240.006": {
            "instructions": 931967493666,
            "LLC-loads": 14736643295,
            "LLC-load-misses": 1209540146,
            "LLC-stores": 4689474459,
            "LLC-store-misses": 1912170534,
            "CPU-utilization": 83.3,
            "user-CPU-utilization": 8.96,
            "sys-CPU-utilization": 73.8,
            "LLC-loads-PKI": 15.812400534520512,
            "LLC-load-misses-PKI": 1.297835122169483,
            "LLC-stores-PKI": 5.031800455350025,
            "LLC-store-misses-PKI": 2.0517566835708614
        },
        "270.007": {
            "instructions": 924821027229,
            "LLC-loads": 14779969437,
            "LLC-load-misses": 1280494194,
            "LLC-stores": 4507437862,
            "LLC-store-misses": 1876492034,
            "CPU-utilization": 82.38,
            "user-CPU-utilization": 9.51,
            "sys-CPU-utilization": 72.31,
            "LLC-loads-PKI": 15.981437490975484,
            "LLC-load-misses-PKI": 1.3845859429004201,
            "LLC-stores-PKI": 4.873848808893798,
            "LLC-store-misses-PKI": 2.0290326222603845
        },
        "300.008": {
            "instructions": 917191080656,
            "LLC-loads": 14316725394,
            "LLC-load-misses": 1187773869,
            "LLC-stores": 4601803502,
            "LLC-store-misses": 1865435398,
            "CPU-utilization": 82.31,
            "user-CPU-utilization": 9.31,
            "sys-CPU-utilization": 72.44,
            "LLC-loads-PKI": 15.609315982183656,
            "LLC-load-misses-PKI": 1.295012450568612,
            "LLC-stores-PKI": 5.01727894988759,
            "LLC-store-misses-PKI": 2.0338568890855218
        },
        "330.009": {
            "instructions": 956388309088,
            "LLC-loads": 15417748706,
            "LLC-load-misses": 1311218917,
            "LLC-stores": 4719956685,
            "LLC-store-misses": 1952144320,
            "CPU-utilization": 84.84,
            "user-CPU-utilization": 8.63,
            "sys-CPU-utilization": 75.68,
            "LLC-loads-PKI": 16.120804237665947,
            "LLC-load-misses-PKI": 1.3710110261075463,
            "LLC-stores-PKI": 4.935188605035221,
            "LLC-store-misses-PKI": 2.041162884834446
        },
        "360.01": {
            "instructions": 911705912775,
            "LLC-loads": 14216351649,
            "LLC-load-misses": 1200311470,
            "LLC-stores": 4555826342,
            "LLC-store-misses": 1855282035,
            "CPU-utilization": 81.92,
            "user-CPU-utilization": 9.41,
            "sys-CPU-utilization": 71.94,
            "LLC-loads-PKI": 15.59313310333708,
            "LLC-load-misses-PKI": 1.3165555396548414,
            "LLC-stores-PKI": 4.997034984815693,
            "LLC-store-misses-PKI": 2.034956677370881
        },
        "390.011": {
            "instructions": 959956964728,
            "LLC-loads": 15523603545,
            "LLC-load-misses": 1329518764,
            "LLC-stores": 4711102112,
            "LLC-store-misses": 1959044280,
            "CPU-utilization": 85.2,
            "user-CPU-utilization": 8.6,
            "sys-CPU-utilization": 76.1,
            "LLC-loads-PKI": 16.171145286079103,
            "LLC-load-misses-PKI": 1.3849774655020226,
            "LLC-stores-PKI": 4.907618034038507,
            "LLC-store-misses-PKI": 2.0407626091395543
        },
        "420.012": {
            "instructions": 900036723865,
            "LLC-loads": 13968623873,
            "LLC-load-misses": 1208685854,
            "LLC-stores": 4480178154,
            "LLC-store-misses": 1820963269,
            "CPU-utilization": 80.9,
            "user-CPU-utilization": 9.85,
            "sys-CPU-utilization": 70.44,
            "LLC-loads-PKI": 15.520059907127976,
            "LLC-load-misses-PKI": 1.342929484932101,
            "LLC-stores-PKI": 4.977772612167322,
            "LLC-store-misses-PKI": 2.0232099654559574
        },
        "450.013": {
            "instructions": 936925071363,
            "LLC-loads": 15247503928,
            "LLC-load-misses": 1324268789,
            "LLC-stores": 4573062922,
            "LLC-store-misses": 1907151063,
            "CPU-utilization": 83.4,
            "user-CPU-utilization": 8.74,
            "sys-CPU-utilization": 74.12,
            "LLC-loads-PKI": 16.27398432813689,
            "LLC-load-misses-PKI": 1.4134201650442637,
            "LLC-stores-PKI": 4.880927047183503,
            "LLC-store-misses-PKI": 2.0355427784908726
        },
        "480.014": {
            "instructions": 897217758234,
            "LLC-loads": 13946733753,
            "LLC-load-misses": 1187184739,
            "LLC-stores": 4485193651,
            "LLC-store-misses": 1809575401,
            "CPU-utilization": 81.01,
            "user-CPU-utilization": 9.83,
            "sys-CPU-utilization": 70.57,
            "LLC-loads-PKI": 15.544424555808451,
            "LLC-load-misses-PKI": 1.3231846205727626,
            "LLC-stores-PKI": 4.999002315589738,
            "LLC-store-misses-PKI": 2.0168742586658115
        },
        "510.015": {
            "instructions": 949768062883,
            "LLC-loads": 15525712460,
            "LLC-load-misses": 1330042824,
            "LLC-stores": 4630514693,
            "LLC-store-misses": 1946659393,
            "CPU-utilization": 84.13,
            "user-CPU-utilization": 8.56,
            "sys-CPU-utilization": 75.04,
            "LLC-loads-PKI": 16.346846210928636,
            "LLC-load-misses-PKI": 1.4003869744395114,
            "LLC-stores-PKI": 4.875416297895062,
            "LLC-store-misses-PKI": 2.049615552549702
        },