{
    "Total-Time-Stats-Collected": [
        90.0,
        810.0
    ],
    "time": {
        "120.005": {
            "instructions": 123158829737,
            "LLC-loads": 1025321707,
            "LLC-load-misses": 316497340,
            "LLC-stores": 343452207,
            "LLC-store-misses": 140460593,
            "CPU-utilization": 18.78,
            "user-CPU-utilization": 12.03,
            "sys-CPU-utilization": 5.39,
            "LLC-loads-PKI": 8.325198519582617,
            "LLC-load-misses-PKI": 2.569830686730829,
            "LLC-stores-PKI": 2.7886933298524053,
            "LLC-store-misses-PKI": 1.1404833360299633
        },
        "150.007": {
            "instructions": 123188879586,
            "LLC-loads": 1023953452,
            "LLC-load-misses": 312669957,
            "LLC-stores": 339897915,
            "LLC-store-misses": 140897097,
            "CPU-utilization": 18.73,
            "user-CPU-utilization": 11.95,
            "sys-CPU-utilization": 5.44,
            "LLC-loads-PKI": 8.312060759389915,
            "LLC-load-misses-PKI": 2.538134595028283,
            "LLC-stores-PKI": 2.7591606981270753,
            "LLC-store-misses-PKI": 1.1437485061436703
        },
        "180.009": {
            "instructions": 125007076620,
            "LLC-loads": 1025537876,
            "LLC-load-misses": 319176850,
            "LLC-stores": 343791547,
            "LLC-store-misses": 139410225,
            "CPU-utilization": 18.81,
            "user-CPU-utilization": 12.03,
            "sys-CPU-utilization": 5.42,
            "LLC-loads-PKI": 8.203838564415507,
            "LLC-load-misses-PKI": 2.5532702518133648,
            "LLC-stores-PKI": 2.750176680357602,
            "LLC-store-misses-PKI": 1.115218664170374
        },
        "210.011": {
            "instructions": 122603643516,
            "LLC-loads": 1022719761,
            "LLC-load-misses": 317343137,
            "LLC-stores": 338101832,
            "LLC-store-misses": 139087553,
            "CPU-utilization": 18.78,
            "user-CPU-utilization": 11.96,
            "sys-CPU-utilization": 5.47,
            "LLC-loads-PKI": 8.341675105817986,
            "LLC-load-misses-PKI": 2.5883662825940905,
            "LLC-stores-PKI": 2.7576817646196385,
            "LLC-store-misses-PKI": 1.1344487733910518
        },
        "240.012": {
            "instructions": 122921165998,
            "LLC-loads": 1023373331,
            "LLC-load-misses": 322322125,
            "LLC-stores": 340826730,
            "LLC-store-misses": 140664313,
            "CPU-utilization": 18.82,
            "user-CPU-utilization": 12.09,
            "sys-CPU-utilization": 5.38,
            "LLC-loads-PKI": 8.32544438291979,
            "LLC-load-misses-PKI": 2.622185710516644,
            "LLC-stores-PKI": 2.7727261390080327,
            "LLC-store-misses-PKI": 1.1443457427200836
        },
        "270.014": {
            "instructions": 123686016167,
            "LLC-loads": 1032181277,
            "LLC-load-misses": 317576987,
            "LLC-stores": 336524587,
            "LLC-store-misses": 139018515,
            "CPU-utilization": 18.63,
            "user-CPU-utilization": 11.85,
            "sys-CPU-utilization": 5.41,
            "LLC-loads-PKI": 8.345173601568314,
            "LLC-load-misses-PKI": 2.5676062407185123,
            "LLC-stores-PKI": 2.720797366014496,
            "LLC-store-misses-PKI": 1.1239630744699398
        },
        "300.017": {
            "instructions": 124676607911,
            "LLC-loads": 1036107599,
            "LLC-load-misses": 323963962,
            "LLC-stores": 338248097,
            "LLC-store-misses": 138681165,
            "CPU-utilization": 18.69,
            "user-CPU-utilization": 11.93,
            "sys-CPU-utilization": 5.42,
            "LLC-loads-PKI": 8.310360831597393,
            "LLC-load-misses-PKI": 2.5984342005138656,
            "LLC-stores-PKI": 2.713003687439566,
            "LLC-store-misses-PKI": 1.1123270621783126
        },
        "330.019": {
            "instructions": 126733148289,
            "LLC-loads": 1023572588,
            "LLC-load-misses": 319230125,
            "LLC-stores": 343072545,
            "LLC-store-misses": 140623395,
            "CPU-utilization": 18.77,
            "user-CPU-utilization": 12.01,
            "sys-CPU-utilization": 5.37,
            "LLC-loads-PKI": 8.076597179341457,
            "LLC-load-misses-PKI": 2.518915763632995,
            "LLC-stores-PKI": 2.7070466537899267,
            "LLC-store-misses-PKI": 1.1096023171406184
        },
        "360.021": {
            "instructions": 122080436836,
            "LLC-loads": 1010590506,
            "LLC-load-misses": 310975623,
            "LLC-stores": 339689454,
            "LLC-store-misses": 137053822,
            "CPU-utilization": 18.47,
            "user-CPU-utilization": 11.74,
            "sys-CPU-utilization": 5.37,
            "LLC-loads-PKI": 8.278070853871563,
            "LLC-load-misses-PKI": 2.5473010341350384,
            "LLC-stores-PKI": 2.782505230189591,
            "LLC-store-misses-PKI": 1.1226517986998596
        },
        "390.023": {
            "instructions": 123680858811,
            "LLC-loads": 1021992641,
            "LLC-load-misses": 316347440,
            "LLC-stores": 339947719,
            "LLC-store-misses": 139129578,
            "CPU-utilization": 18.5,
            "user-CPU-utilization": 11.83,
            "sys-CPU-utilization": 5.32,
            "LLC-loads-PKI": 8.263143147815088,
            "LLC-load-misses-PKI": 2.557772019382716,
            "LLC-stores-PKI": 2.748587956681989,
            "LLC-store-misses-PKI": 1.1249079230004992
        },
        "420.025": {
            "instructions": 128091670362,
            "LLC-loads": 1032210829,
            "LLC-load-misses": 324853199,
            "LLC-stores": 346217195,
            "LLC-store-misses": 137938210,
            "CPU-utilization": 19.23,
            "user-CPU-utilization": 12.15,
            "sys-CPU-utilization": 5.71,
            "LLC-loads-PKI": 8.058375896597084,
            "LLC-load-misses-PKI": 2.536099327004887,
            "LLC-stores-PKI": 2.702886097289193,
            "LLC-store-misses-PKI": 1.0768710378291786
        },
        "450.027": {
            "instructions": 139836411618,
            "LLC-loads": 1093404257,
            "LLC-load-misses": 358193478,
            "LLC-stores": 357278987,
            "LLC-store-misses": 143506461,
            "CPU-utilization": 20.68,
            "user-CPU-utilization": 12.7,
            "sys-CPU-utilization": 6.64,
            "LLC-loads-PKI": 7.819167013430821,
            "LLC-load-misses-PKI": 2.561517946974354,
            "LLC-stores-PKI": 2.5549782268155,
            "LLC-store-misses-PKI": 1.0262453057793397
        },
        "480.029": {
            "instructions": 142269356981,
            "LLC-loads": 1063449111,
            "LLC-load-misses": 325374460,
            "LLC-stores": 358518183,
            "LLC-store-misses": 142526780,
            "CPU-utilization": 20.34,
            "user-CPU-utilization": 13.13,
            "sys-CPU-utilization": 5.85,
            "LLC-loads-PKI": 7.474899258468027,
            "LLC-load-misses-PKI": 2.2870312125151,
            "LLC-stores-PKI": 2.519995806601417,
            "LLC-store-misses-PKI": 1.0018094059357727
        },
        "510.031": {
            "instructions": 122891439974,
            "LLC-loads": 1018975827,
            "LLC-load-misses": 316836091,
            "LLC-stores": 343741209,
            "LLC-store-misses": 139228896,
            "CPU-utilization": 18.49,
            "user-CPU-utilization": 11.72,
            "sys-CPU-utilization": 5.4,
            "LLC-loads-PKI": 8.291674564278713,
            "LLC-load-misses-PKI": 2.5781786841055214,
            "LLC-stores-PKI": 2.7971127124291564,
            "LLC-store-misses-PKI": 1.1329421807528377
        },