{
    "Total-Time-Stats-Collected": [
        90.0,
        810.0
    ],
    "time": {
        "120.005": {
            "instructions": 33708727345,
            "LLC-loads": 265873362,
            "LLC-load-misses": 43235577,
            "LLC-stores": 61125541,
            "LLC-store-misses": 26873450,
            "CPU-utilization": 3.31,
            "user-CPU-utilization": 2.18,
            "sys-CPU-utilization": 1.01,
            "LLC-loads-PKI": 7.887374663506448,
            "LLC-load-misses-PKI": 1.2826226442041313,
            "LLC-stores-PKI": 1.8133446681150578,
            "LLC-store-misses-PKI": 0.7972252919832088
        },
        "150.009": {
            "instructions": 30941501584,
            "LLC-loads": 264838342,
            "LLC-load-misses": 42835510,
            "LLC-stores": 58769224,
            "LLC-store-misses": 24865329,
            "CPU-utilization": 3.24,
            "user-CPU-utilization": 2.11,
            "sys-CPU-utilization": 1.03,
            "LLC-loads-PKI": 8.559324158235075,
            "LLC-load-misses-PKI": 1.3844030770035558,
            "LLC-stores-PKI": 1.8993656090171736,
            "LLC-store-misses-PKI": 0.8036238620318925
        },
        "180.013": {
            "instructions": 30802061710,
            "LLC-loads": 260797149,
            "LLC-load-misses": 41172079,
            "LLC-stores": 58933357,
            "LLC-store-misses": 24752882,
            "CPU-utilization": 3.16,
            "user-CPU-utilization": 2.05,
            "sys-CPU-utilization": 1.01,
            "LLC-loads-PKI": 8.466873141655036,
            "LLC-load-misses-PKI": 1.3366663370664353,
            "LLC-stores-PKI": 1.9132926086199962,
            "LLC-store-misses-PKI": 0.8036112073616126
        },
        "210.017": {
            "instructions": 31879379914,
            "LLC-loads": 263911793,
            "LLC-load-misses": 44053524,
            "LLC-stores": 59577098,
            "LLC-store-misses": 25353779,
            "CPU-utilization": 3.37,
            "user-CPU-utilization": 2.17,
            "sys-CPU-utilization": 1.09,
            "LLC-loads-PKI": 8.278448128914254,
            "LLC-load-misses-PKI": 1.3818814581350642,
            "LLC-stores-PKI": 1.8688286334526978,
            "LLC-store-misses-PKI": 0.7953033926129082
        },
        "240.021": {
            "instructions": 31495219226,
            "LLC-loads": 260634504,
            "LLC-load-misses": 38059591,
            "LLC-stores": 59449228,
            "LLC-store-misses": 24682050,
            "CPU-utilization": 3.25,
            "user-CPU-utilization": 2.13,
            "sys-CPU-utilization": 1.02,
            "LLC-loads-PKI": 8.275367195566,
            "LLC-load-misses-PKI": 1.2084243874251546,
            "LLC-stores-PKI": 1.8875635560245076,
            "LLC-store-misses-PKI": 0.7836760818487786
        },
        "270.025": {
            "instructions": 30182899084,
            "LLC-loads": 258828603,
            "LLC-load-misses": 40737513,
            "LLC-stores": 59085493,
            "LLC-store-misses": 24316935,
            "CPU-utilization": 3.13,
            "user-CPU-utilization": 2.02,
            "sys-CPU-utilization": 1.02,
            "LLC-loads-PKI": 8.575339376104049,
            "LLC-load-misses-PKI": 1.3496885400778158,
            "LLC-stores-PKI": 1.9575817695829394,
            "LLC-store-misses-PKI": 0.8056527284647234
        },
        "300.029": {
            "instructions": 30251678639,
            "LLC-loads": 259502634,
            "LLC-load-misses": 40496045,
            "LLC-stores": 58938011,
            "LLC-store-misses": 24467970,
            "CPU-utilization": 3.31,
            "user-CPU-utilization": 2.14,
            "sys-CPU-utilization": 1.07,
            "LLC-loads-PKI": 8.578123452146327,
            "LLC-load-misses-PKI": 1.3386379474424643,
            "LLC-stores-PKI": 1.9482558869978877,
            "LLC-store-misses-PKI": 0.8088136295503373
        },
        "330.033": {
            "instructions": 32219668946,
            "LLC-loads": 268311927,
            "LLC-load-misses": 43674230,
            "LLC-stores": 59563526,
            "LLC-store-misses": 25127929,
            "CPU-utilization": 3.4,
            "user-CPU-utilization": 2.24,
            "sys-CPU-utilization": 1.06,
            "LLC-loads-PKI": 8.327581746717803,
            "LLC-load-misses-PKI": 1.35551454837099,
            "LLC-stores-PKI": 1.8486697085506423,
            "LLC-store-misses-PKI": 0.7798940778104915
        },
        "360.037": {
            "instructions": 30026091504,
            "LLC-loads": 264580791,
            "LLC-load-misses": 44579951,
            "LLC-stores": 57354115,
            "LLC-store-misses": 24709299,
            "CPU-utilization": 3.23,
            "user-CPU-utilization": 2.12,
            "sys-CPU-utilization": 1.03,
            "LLC-loads-PKI": 8.811696019934969,
            "LLC-load-misses-PKI": 1.4847070919657048,
            "LLC-stores-PKI": 1.9101425502669713,
            "LLC-store-misses-PKI": 0.822927586053226
        },
        "390.041": {
            "instructions": 29662229142,
            "LLC-loads": 260420121,
            "LLC-load-misses": 43141400,
            "LLC-stores": 57260285,
            "LLC-store-misses": 25065213,
            "CPU-utilization": 3.14,
            "user-CPU-utilization": 2.01,
            "sys-CPU-utilization": 1.05,
            "LLC-loads-PKI": 8.779519561841028,
            "LLC-load-misses-PKI": 1.4544220460799515,
            "LLC-stores-PKI": 1.930410716129313,
            "LLC-store-misses-PKI": 0.8450212180617642
        },
        "420.045": {
            "instructions": 34828829798,
            "LLC-loads": 279199839,
            "LLC-load-misses": 47902748,
            "LLC-stores": 63651423,
            "LLC-store-misses": 27899751,
            "CPU-utilization": 3.57,
            "user-CPU-utilization": 2.34,
            "sys-CPU-utilization": 1.15,
            "LLC-loads-PKI": 8.01634280047022,
            "LLC-load-misses-PKI": 1.3753763269632089,
            "LLC-stores-PKI": 1.8275498593884743,
            "LLC-store-misses-PKI": 0.8010533561366482
        },
        "450.048": {
            "instructions": 30934843149,
            "LLC-loads": 264559661,
            "LLC-load-misses": 44919364,
            "LLC-stores": 60052561,
            "LLC-store-misses": 25116097,
            "CPU-utilization": 3.38,
            "user-CPU-utilization": 2.21,
            "sys-CPU-utilization": 1.08,
            "LLC-loads-PKI": 8.552157828172216,
            "LLC-load-misses-PKI": 1.452063738731194,
            "LLC-stores-PKI": 1.9412595923228808,
            "LLC-store-misses-PKI": 0.811903163013513
        },
        "480.05": {
            "instructions": 30330976025,
            "LLC-loads": 264249202,
            "LLC-load-misses": 43085135,
            "LLC-stores": 59371353,
            "LLC-store-misses": 25012743,
            "CPU-utilization": 3.24,
            "user-CPU-utilization": 2.1,
            "sys-CPU-utilization": 1.06,
            "LLC-loads-PKI": 8.712189208227102,
            "LLC-load-misses-PKI": 1.42049945786405,
            "LLC-stores-PKI": 1.9574494718225937,
            "LLC-store-misses-PKI": 0.8246600102609128
        },
        "510.053": {
            "instructions": 30089338564,
            "LLC-loads": 261612314,
            "LLC-load-misses": 43298777,
            "LLC-stores": 59901169,
            "LLC-store-misses": 25520105,
            "CPU-utilization": 3.25,
            "user-CPU-utilization": 2.13,
            "sys-CPU-utilization": 1.03,
            "LLC-loads-PKI": 8.69451860643433,
            "LLC-load-misses-PKI": 1.4390072718914553,
            "LLC-stores-PKI": 1.9907771941410495,
            "LLC-store-misses-PKI": 0.8481444331426149
        },
        "540.057": {
            "instructions": 30783535896,
            "LLC-loads": 262513725,
            "LLC-load-misses": 42187105,