{
    "Total-Time-Stats-Collected": [
        90.0,
        810.0
    ],
    "time": {
        "120.002": {
            "instructions": 1011267458078,
            "LLC-loads": 16543836898,
            "LLC-load-misses": 1365207964,
            "LLC-stores": 5065834475,
            "LLC-store-misses": 2093395834,
            "CPU-utilization": 88.84,
            "user-CPU-utilization": 7.06,
            "sys-CPU-utilization": 81.31,
            "LLC-loads-PKI": 16.359506840497936,
            "LLC-load-misses-PKI": 1.3499969301837262,
            "LLC-stores-PKI": 5.009391367767386,
            "LLC-store-misses-PKI": 2.0700713913791677
        },
        "150.003": {
            "instructions": 918179813337,
            "LLC-loads": 14296928219,
            "LLC-load-misses": 1308252822,
            "LLC-stores": 4456989165,
            "LLC-store-misses": 1815642132,
            "CPU-utilization": 81.44,
            "user-CPU-utilization": 10.57,
            "sys-CPU-utilization": 70.2,
            "LLC-loads-PKI": 15.57094592075571,
            "LLC-load-misses-PKI": 1.4248329172532475,
            "LLC-stores-PKI": 4.854157214371417,
            "LLC-store-misses-PKI": 1.9774363426715893
        },
        "180.004": {
            "instructions": 1002657487324,
            "LLC-loads": 16355829066,
            "LLC-load-misses": 1360291744,
            "LLC-stores": 5012724510,
            "LLC-store-misses": 2072531036,
            "CPU-utilization": 88.14,
            "user-CPU-utilization": 7.34,
            "sys-CPU-utilization": 80.34,
            "LLC-loads-PKI": 16.312478860205985,
            "LLC-load-misses-PKI": 1.3566863671765848,
            "LLC-stores-PKI": 4.999438565385372,
            "LLC-store-misses-PKI": 2.0670379089587145
        },
        "210.005": {
            "instructions": 920181967950,
            "LLC-loads": 14477271499,
            "LLC-load-misses": 1319278399,
            "LLC-stores": 4435600318,
            "LLC-store-misses": 1815375827,
            "CPU-utilization": 81.95,
            "user-CPU-utilization": 10.58,
            "sys-CPU-utilization": 70.67,
            "LLC-loads-PKI": 15.733052812643956,
            "LLC-load-misses-PKI": 1.4337146835632035,
            "LLC-stores-PKI": 4.8203512701750935,
            "LLC-store-misses-PKI": 1.9728443832086073
        },
        "240.006": {
            "instructions": 1007713058318,
            "LLC-loads": 16433547445,
            "LLC-load-misses": 1371727105,
            "LLC-stores": 5061306894,
            "LLC-store-misses": 2071380444,
            "CPU-utilization": 88.57,
            "user-CPU-utilization": 7.54,
            "sys-CPU-utilization": 80.6,
            "LLC-loads-PKI": 16.30776470479569,
            "LLC-load-misses-PKI": 1.361227875015915,
            "LLC-stores-PKI": 5.022567537675813,
            "LLC-store-misses-PKI": 2.0555260516891534
        },
        "270.007": {
            "instructions": 903745587007,
            "LLC-loads": 14164917111,
            "LLC-load-misses": 1337690100,
            "LLC-stores": 4330247121,
            "LLC-store-misses": 1776910421,
            "CPU-utilization": 80.6,
            "user-CPU-utilization": 10.99,
            "sys-CPU-utilization": 68.89,
            "LLC-loads-PKI": 15.673567112964818,
            "LLC-load-misses-PKI": 1.480162248349257,
            "LLC-stores-PKI": 4.791444830553248,
            "LLC-store-misses-PKI": 1.9661622104122505
        },
        "300.008": {
            "instructions": 992030517597,
            "LLC-loads": 16072058042,
            "LLC-load-misses": 1360251593,
            "LLC-stores": 5002192805,
            "LLC-store-misses": 2027649024,
            "CPU-utilization": 87.59,
            "user-CPU-utilization": 7.55,
            "sys-CPU-utilization": 79.57,
            "LLC-loads-PKI": 16.20117300517268,
            "LLC-load-misses-PKI": 1.371179181357186,
            "LLC-stores-PKI": 5.042377947320446,
            "LLC-store-misses-PKI": 2.043938153144304
        },
        "330.009": {
            "instructions": 899466835713,
            "LLC-loads": 14287541436,
            "LLC-load-misses": 1348482057,
            "LLC-stores": 4314329099,
            "LLC-store-misses": 1778789983,
            "CPU-utilization": 80.28,
            "user-CPU-utilization": 10.4,
            "sys-CPU-utilization": 69.21,
            "LLC-loads-PKI": 15.884456067437307,
            "LLC-load-misses-PKI": 1.499201530794706,
            "LLC-stores-PKI": 4.796540492324063,
            "LLC-store-misses-PKI": 1.9776048569817117
        },
        "360.01": {
            "instructions": 964605290997,
            "LLC-loads": 15499213964,
            "LLC-load-misses": 1328149826,
            "LLC-stores": 4842007036,
            "LLC-store-misses": 1958384323,
            "CPU-utilization": 85.55,
            "user-CPU-utilization": 8.27,
            "sys-CPU-utilization": 76.74,
            "LLC-loads-PKI": 16.06793380531872,
            "LLC-load-misses-PKI": 1.3768842431159034,
            "LLC-stores-PKI": 5.0196770442710115,
            "LLC-store-misses-PKI": 2.030244226605731
        },
        "390.011": {
            "instructions": 871854462787,
            "LLC-loads": 13914881260,
            "LLC-load-misses": 1329865212,
            "LLC-stores": 4137342962,
            "LLC-store-misses": 1717364177,
            "CPU-utilization": 78.75,
            "user-CPU-utilization": 10.65,
            "sys-CPU-utilization": 67.36,
            "LLC-loads-PKI": 15.960096385260462,
            "LLC-load-misses-PKI": 1.5253293625967195,
            "LLC-stores-PKI": 4.7454513781743195,
            "LLC-store-misses-PKI": 1.969783089152534
        },
        "420.012": {
            "instructions": 954256138687,
            "LLC-loads": 15173013308,
            "LLC-load-misses": 1313477806,
            "LLC-stores": 4757877555,
            "LLC-store-misses": 1928851533,
            "CPU-utilization": 84.37,
            "user-CPU-utilization": 8.77,
            "sys-CPU-utilization": 75.03,
            "LLC-loads-PKI": 15.90035703503796,
            "LLC-load-misses-PKI": 1.3764415577218794,
            "LLC-stores-PKI": 4.985954359745128,
            "LLC-store-misses-PKI": 2.021314251804537
        },
        "450.013": {
            "instructions": 886173886304,
            "LLC-loads": 14246364743,
            "LLC-load-misses": 1334500597,
            "LLC-stores": 4219796271,
            "LLC-store-misses": 1767032472,
            "CPU-utilization": 80.02,
            "user-CPU-utilization": 10.24,
            "sys-CPU-utilization": 69.07,
            "LLC-loads-PKI": 16.07626331940097,
            "LLC-load-misses-PKI": 1.5059127984078313,
            "LLC-stores-PKI": 4.761815187987167,
            "LLC-store-misses-PKI": 1.9940019665551545
        },
        "480.014": {
            "instructions": 942444916241,
            "LLC-loads": 14996532959,
            "LLC-load-misses": 1325394949,
            "LLC-stores": 4699252442,
            "LLC-store-misses": 1889125062,
            "CPU-utilization": 83.42,
            "user-CPU-utilization": 9.02,
            "sys-CPU-utilization": 73.79,
            "LLC-loads-PKI": 15.912370792782884,
            "LLC-load-misses-PKI": 1.4063367801764162,
            "LLC-stores-PKI": 4.986235652629184,
            "LLC-store-misses-PKI": 2.00449387486209
        },
        "510.015": {
            "instructions": 904685924174,
            "LLC-loads": 14698287624,
            "LLC-load-misses": 1350810715,
            "LLC-stores": 4369983573,
            "LLC-store-misses": 1825279340,
            "CPU-utilization": 81.78,
            "user-CPU-utilization": 9.38,
            "sys-CPU-utilization": 71.77,
            "LLC-loads-PKI": 16.246840180938914,
            "LLC-load-misses-PKI": 1.4931267071866103,
            "LLC-stores-PKI": 4.830387492753244,