{
    "Total-Time-Stats-Collected": [
        90.0,
        810.0
    ],
    "time": {
        "120.002": {
            "instructions": 1017486728445,
            "LLC-loads": 15495022997,
            "LLC-load-misses": 2162070505,
            "LLC-stores": 5829759835,
            "LLC-store-misses": 2227081723,
            "CPU-utilization": 99.78,
            "user-CPU-utilization": 4.24,
            "sys-CPU-utilization": 95.42,
            "LLC-loads-PKI": 15.22872246272997,
            "LLC-load-misses-PKI": 2.1249127330675255,
            "LLC-stores-PKI": 5.729568427796084,
            "LLC-store-misses-PKI": 2.1888066553984387
        },
        "150.003": {
            "instructions": 984259411662,
            "LLC-loads": 15334842242,
            "LLC-load-misses": 2061911626,
            "LLC-stores": 5530073945,
            "LLC-store-misses": 2149507656,
            "CPU-utilization": 95.94,
            "user-CPU-utilization": 4.31,
            "sys-CPU-utilization": 91.5,
            "LLC-loads-PKI": 15.580081897419609,
            "LLC-load-misses-PKI": 2.0948863699644984,
            "LLC-stores-PKI": 5.618512639530703,
            "LLC-store-misses-PKI": 2.183883263427866
        },
        "180.004": {
            "instructions": 1005033170773,
            "LLC-loads": 15509937003,
            "LLC-load-misses": 2112584734,
            "LLC-stores": 5658723339,
            "LLC-store-misses": 2190554713,
            "CPU-utilization": 98.15,
            "user-CPU-utilization": 4.84,
            "sys-CPU-utilization": 93.13,
            "LLC-loads-PKI": 15.432263783961341,
            "LLC-load-misses-PKI": 2.1020049839500823,
            "LLC-stores-PKI": 5.630384651531165,
            "LLC-store-misses-PKI": 2.1795844920373937
        },
        "210.009": {
            "instructions": 1030983148825,
            "LLC-loads": 17216081199,
            "LLC-load-misses": 2243279024,
            "LLC-stores": 5722951400,
            "LLC-store-misses": 2193553204,
            "CPU-utilization": 99.74,
            "user-CPU-utilization": 4.37,
            "sys-CPU-utilization": 95.22,
            "LLC-loads-PKI": 16.698702804814005,
            "LLC-load-misses-PKI": 2.1758639086939877,
            "LLC-stores-PKI": 5.5509650245228395,
            "LLC-store-misses-PKI": 2.127632451121988
        },
        "240.01": {
            "instructions": 1067704370502,
            "LLC-loads": 17374918654,
            "LLC-load-misses": 2380008506,
            "LLC-stores": 5315907360,
            "LLC-store-misses": 2101514129,
            "CPU-utilization": 98.58,
            "user-CPU-utilization": 7.01,
            "sys-CPU-utilization": 91.28,
            "LLC-loads-PKI": 16.273154942534212,
            "LLC-load-misses-PKI": 2.22908941065868,
            "LLC-stores-PKI": 4.978819518646938,
            "LLC-store-misses-PKI": 1.9682546845920805
        },
        "270.011": {
            "instructions": 1036113181879,
            "LLC-loads": 16726974102,
            "LLC-load-misses": 2362343368,
            "LLC-stores": 5074394396,
            "LLC-store-misses": 2022862572,
            "CPU-utilization": 96.09,
            "user-CPU-utilization": 9.59,
            "sys-CPU-utilization": 85.94,
            "LLC-loads-PKI": 16.14396418706448,
            "LLC-load-misses-PKI": 2.28000512812304,
            "LLC-stores-PKI": 4.897529039054925,
            "LLC-store-misses-PKI": 1.9523567573298524
        },
        "300.012": {
            "instructions": 1075032824316,
            "LLC-loads": 17068069528,
            "LLC-load-misses": 2204113893,
            "LLC-stores": 5091011078,
            "LLC-store-misses": 2049033012,
            "CPU-utilization": 96.7,
            "user-CPU-utilization": 9.67,
            "sys-CPU-utilization": 86.45,
            "LLC-loads-PKI": 15.87678919372506,
            "LLC-load-misses-PKI": 2.050275901484579,
            "LLC-stores-PKI": 4.735679658190162,
            "LLC-store-misses-PKI": 1.9060190216086816
        },
        "330.013": {
            "instructions": 986678944719,
            "LLC-loads": 14575738960,
            "LLC-load-misses": 1835506908,
            "LLC-stores": 4361264993,
            "LLC-store-misses": 1731179748,
            "CPU-utilization": 85.86,
            "user-CPU-utilization": 11.27,
            "sys-CPU-utilization": 74.02,
            "LLC-loads-PKI": 14.772524576523805,
            "LLC-load-misses-PKI": 1.8602879060348663,
            "LLC-stores-PKI": 4.42014600224601,
            "LLC-store-misses-PKI": 1.7545522353201013
        },
        "360.015": {
            "instructions": 950646808475,
            "LLC-loads": 13988049591,
            "LLC-load-misses": 2010246781,
            "LLC-stores": 4675357981,
            "LLC-store-misses": 1714247917,
            "CPU-utilization": 87.81,
            "user-CPU-utilization": 9.08,
            "sys-CPU-utilization": 78.41,
            "LLC-loads-PKI": 14.714244518886275,
            "LLC-load-misses-PKI": 2.1146095091033645,
            "LLC-stores-PKI": 4.9180809732060995,
            "LLC-store-misses-PKI": 1.8032437512202315
        },
        "390.016": {
            "instructions": 900024443996,
            "LLC-loads": 13007399902,
            "LLC-load-misses": 1862261960,
            "LLC-stores": 4411385763,
            "LLC-store-misses": 1603013579,
            "CPU-utilization": 83.62,
            "user-CPU-utilization": 9.44,
            "sys-CPU-utilization": 73.82,
            "LLC-loads-PKI": 14.452274034079243,
            "LLC-load-misses-PKI": 2.06912375816348,
            "LLC-stores-PKI": 4.901406614484801,
            "LLC-store-misses-PKI": 1.7810778248230825
        },
        "420.017": {
            "instructions": 1057675368182,
            "LLC-loads": 18546221767,
            "LLC-load-misses": 2173496475,
            "LLC-stores": 5706759992,
            "LLC-store-misses": 2219598981,
            "CPU-utilization": 99.76,
            "user-CPU-utilization": 3.38,
            "sys-CPU-utilization": 96.3,
            "LLC-loads-PKI": 17.534890501306116,
            "LLC-load-misses-PKI": 2.0549750333469,
            "LLC-stores-PKI": 5.3955685871829875,
            "LLC-store-misses-PKI": 2.098563555295032
        },
        "450.018": {
            "instructions": 955590716916,
            "LLC-loads": 13138939073,
            "LLC-load-misses": 2144554553,
            "LLC-stores": 4310702716,
            "LLC-store-misses": 1630391250,
            "CPU-utilization": 86.58,
            "user-CPU-utilization": 12.66,
            "sys-CPU-utilization": 73.3,
            "LLC-loads-PKI": 13.749546579317558,
            "LLC-load-misses-PKI": 2.244218696390407,
            "LLC-stores-PKI": 4.511034525232759,
            "LLC-store-misses-PKI": 1.7061606199585104
        },
        "480.019": {
            "instructions": 1063104917423,
            "LLC-loads": 16606750568,
            "LLC-load-misses": 2498315981,
            "LLC-stores": 5326198226,
            "LLC-store-misses": 2077873308,
            "CPU-utilization": 99.48,
            "user-CPU-utilization": 7.18,
            "sys-CPU-utilization": 92.1,
            "LLC-loads-PKI": 15.620989326486505,
            "LLC-load-misses-PKI": 2.350018272002727,
            "LLC-stores-PKI": 5.010040061625219,
            "LLC-store-misses-PKI": 1.9545326843533284
        },
        "510.02": {
            "instructions": 820425130016,
            "LLC-loads": 9582370740,
            "LLC-load-misses": 1871788598,
            "LLC-stores": 2996179580,
            "LLC-store-misses": 1188178002,
            "CPU-utilization": 71.4,
            "user-CPU-utilization": 19.01,
            "sys-CPU-utilization": 51.41,
            "LLC-loads-PKI": 11.67976258822438,
            "LLC-load-misses-PKI": 2.2814861826130266,
            "LLC-stores-PKI": 3.6519841608722645,