{
    "Total-Time-Stats-Collected": [
        90.0,
        810.0
    ],
    "time": {
        "120.005": {
            "instructions": 234439140222,
            "LLC-loads": 1838061394,
            "LLC-load-misses": 503451146,
            "LLC-stores": 544772900,
            "LLC-store-misses": 199518235,
            "CPU-utilization": 36.51,
            "user-CPU-utilization": 24.51,
            "sys-CPU-utilization": 10.0,
            "LLC-loads-PKI": 7.840249679552077,
            "LLC-load-misses-PKI": 2.1474705355226162,
            "LLC-stores-PKI": 2.3237284503096722,
            "LLC-store-misses-PKI": 0.8510449015086304
        },
        "150.007": {
            "instructions": 241173012543,
            "LLC-loads": 1977898023,
            "LLC-load-misses": 560925575,
            "LLC-stores": 559321622,
            "LLC-store-misses": 209077505,
            "CPU-utilization": 36.67,
            "user-CPU-utilization": 23.79,
            "sys-CPU-utilization": 10.87,
            "LLC-loads-PKI": 8.201158173314894,
            "LLC-load-misses-PKI": 2.3258223177022748,
            "LLC-stores-PKI": 2.3191716855146702,
            "LLC-store-misses-PKI": 0.8669191581405589
        },
        "180.009": {
            "instructions": 229054520531,
            "LLC-loads": 1802763806,
            "LLC-load-misses": 487073679,
            "LLC-stores": 536624014,
            "LLC-store-misses": 195690066,
            "CPU-utilization": 36.06,
            "user-CPU-utilization": 24.07,
            "sys-CPU-utilization": 9.96,
            "LLC-loads-PKI": 7.870457224859773,
            "LLC-load-misses-PKI": 2.1264530290467674,
            "LLC-stores-PKI": 2.3427785348046597,
            "LLC-store-misses-PKI": 0.8543383712591497
        },
        "210.011": {
            "instructions": 237348993675,
            "LLC-loads": 1951848283,
            "LLC-load-misses": 551806858,
            "LLC-stores": 552571257,
            "LLC-store-misses": 206399185,
            "CPU-utilization": 36.14,
            "user-CPU-utilization": 23.49,
            "sys-CPU-utilization": 10.65,
            "LLC-loads-PKI": 8.223537217405058,
            "LLC-load-misses-PKI": 2.3248754901214563,
            "LLC-stores-PKI": 2.328096059916863,
            "LLC-store-misses-PKI": 0.8696021070248172
        },
        "240.013": {
            "instructions": 228024532209,
            "LLC-loads": 1781167105,
            "LLC-load-misses": 480583579,
            "LLC-stores": 527765289,
            "LLC-store-misses": 191588387,
            "CPU-utilization": 35.43,
            "user-CPU-utilization": 23.52,
            "sys-CPU-utilization": 9.86,
            "LLC-loads-PKI": 7.811295950242052,
            "LLC-load-misses-PKI": 2.107595943051919,
            "LLC-stores-PKI": 2.3145110040891006,
            "LLC-store-misses-PKI": 0.8402095386140128
        },
        "270.015": {
            "instructions": 241992959200,
            "LLC-loads": 1996337286,
            "LLC-load-misses": 566268120,
            "LLC-stores": 558697850,
            "LLC-store-misses": 208721748,
            "CPU-utilization": 36.19,
            "user-CPU-utilization": 23.34,
            "sys-CPU-utilization": 10.81,
            "LLC-loads-PKI": 8.249567642792808,
            "LLC-load-misses-PKI": 2.340018990106221,
            "LLC-stores-PKI": 2.308735972513369,
            "LLC-store-misses-PKI": 0.8625116560829262
        },
        "300.017": {
            "instructions": 223755581876,
            "LLC-loads": 1729846950,
            "LLC-load-misses": 458873406,
            "LLC-stores": 518661331,
            "LLC-store-misses": 187654686,
            "CPU-utilization": 34.77,
            "user-CPU-utilization": 23.0,
            "sys-CPU-utilization": 9.73,
            "LLC-loads-PKI": 7.730966689173546,
            "LLC-load-misses-PKI": 2.050779704142964,
            "LLC-stores-PKI": 2.3179816416263965,
            "LLC-store-misses-PKI": 0.8386592389189814
        },
        "330.018": {
            "instructions": 234085376830,
            "LLC-loads": 1948341693,
            "LLC-load-misses": 539850682,
            "LLC-stores": 546438729,
            "LLC-store-misses": 199333448,
            "CPU-utilization": 35.6,
            "user-CPU-utilization": 22.82,
            "sys-CPU-utilization": 10.77,
            "LLC-loads-PKI": 8.323209759552583,
            "LLC-load-misses-PKI": 2.3062127558359022,
            "LLC-stores-PKI": 2.334356534354731,
            "LLC-store-misses-PKI": 0.8515416498859819
        },
        "360.02": {
            "instructions": 223277092606,
            "LLC-loads": 1746553902,
            "LLC-load-misses": 463380760,
            "LLC-stores": 520872401,
            "LLC-store-misses": 185197414,
            "CPU-utilization": 34.6,
            "user-CPU-utilization": 22.72,
            "sys-CPU-utilization": 9.77,
            "LLC-loads-PKI": 7.82236046526282,
            "LLC-load-misses-PKI": 2.075361850119092,
            "LLC-stores-PKI": 2.332851950554299,
            "LLC-store-misses-PKI": 0.829451028040766
        },
        "390.022": {
            "instructions": 235023247749,
            "LLC-loads": 1914153490,
            "LLC-load-misses": 511775472,
            "LLC-stores": 545046156,
            "LLC-store-misses": 192069783,
            "CPU-utilization": 35.31,
            "user-CPU-utilization": 22.61,
            "sys-CPU-utilization": 10.63,
            "LLC-loads-PKI": 8.144528289577023,
            "LLC-load-misses-PKI": 2.177552548106074,
            "LLC-stores-PKI": 2.3191159224473745,
            "LLC-store-misses-PKI": 0.8172373790235704
        },
        "420.024": {
            "instructions": 221535731460,
            "LLC-loads": 1731638421,
            "LLC-load-misses": 446993602,
            "LLC-stores": 511824586,
            "LLC-store-misses": 180464879,
            "CPU-utilization": 34.3,
            "user-CPU-utilization": 22.56,
            "sys-CPU-utilization": 9.68,
            "LLC-loads-PKI": 7.816519753214893,
            "LLC-load-misses-PKI": 2.0177043181889966,
            "LLC-stores-PKI": 2.310347782847003,
            "LLC-store-misses-PKI": 0.81460845079334
        },
        "450.027": {
            "instructions": 230423109204,
            "LLC-loads": 1878654478,
            "LLC-load-misses": 510365619,
            "LLC-stores": 532715653,
            "LLC-store-misses": 189063642,
            "CPU-utilization": 34.88,
            "user-CPU-utilization": 22.42,
            "sys-CPU-utilization": 10.39,
            "LLC-loads-PKI": 8.153064527641517,
            "LLC-load-misses-PKI": 2.2149063987681856,
            "LLC-stores-PKI": 2.3119020259741916,
            "LLC-store-misses-PKI": 0.8205064268645759
        },
        "480.028": {
            "instructions": 224881581967,
            "LLC-loads": 1771479803,
            "LLC-load-misses": 463304986,
            "LLC-stores": 519098027,
            "LLC-store-misses": 183200111,
            "CPU-utilization": 34.46,
            "user-CPU-utilization": 22.52,
            "sys-CPU-utilization": 9.89,
            "LLC-loads-PKI": 7.877389457621096,
            "LLC-load-misses-PKI": 2.060217568497838,
            "LLC-stores-PKI": 2.3083172150406455,
            "LLC-store-misses-PKI": 0.814651468553274
        },
        "510.03": {
            "instructions": 228273218935,
            "LLC-loads": 1846501344,
            "LLC-load-misses": 496288191,
            "LLC-stores": 530102207,
            "LLC-store-misses": 187750629,
            "CPU-utilization": 34.54,
            "user-CPU-utilization": 22.27,
            "sys-CPU-utilization": 10.19,
            "LLC-loads-PKI": 8.088996828514452,
            "LLC-load-misses-PKI": 2.1740973089853184,
            "LLC-stores-PKI": 2.322226888783413,
            "LLC-store-misses-PKI": 0.8224820672172732
        },