{
    "Total-Time-Stats-Collected": [
        90.0,
        810.0
    ],
    "time": {
        "120.004": {
            "instructions": 979062728921,
            "LLC-loads": 15848227353,
            "LLC-load-misses": 1299188257,
            "LLC-stores": 4928758418,
            "LLC-store-misses": 2032139669,
            "CPU-utilization": 87.08,
            "user-CPU-utilization": 7.63,
            "sys-CPU-utilization": 78.95,
            "LLC-loads-PKI": 16.1871419316165,
            "LLC-load-misses-PKI": 1.3269714172776264,
            "LLC-stores-PKI": 5.034159990373507,
            "LLC-store-misses-PKI": 2.0755970061689193
        },
        "150.005": {
            "instructions": 887267843045,
            "LLC-loads": 13626687526,
            "LLC-load-misses": 1174020617,
            "LLC-stores": 4428464237,
            "LLC-store-misses": 1792437909,
            "CPU-utilization": 80.09,
            "user-CPU-utilization": 9.89,
            "sys-CPU-utilization": 69.57,
            "LLC-loads-PKI": 15.358031549114633,
            "LLC-load-misses-PKI": 1.32318625790708,
            "LLC-stores-PKI": 4.9911244633886716,
            "LLC-store-misses-PKI": 2.0201767967252837
        },
        "180.006": {
            "instructions": 960337151837,
            "LLC-loads": 15543822969,
            "LLC-load-misses": 1289634572,
            "LLC-stores": 4811587886,
            "LLC-store-misses": 1994571716,
            "CPU-utilization": 85.91,
            "user-CPU-utilization": 7.91,
            "sys-CPU-utilization": 77.5,
            "LLC-loads-PKI": 16.185797809932367,
            "LLC-load-misses-PKI": 1.342897720381948,
            "LLC-stores-PKI": 5.010311094177767,
            "LLC-store-misses-PKI": 2.076949446540357
        },
        "210.007": {
            "instructions": 894239087193,
            "LLC-loads": 13846574284,
            "LLC-load-misses": 1175996876,
            "LLC-stores": 4498284733,
            "LLC-store-misses": 1805196268,
            "CPU-utilization": 80.72,
            "user-CPU-utilization": 9.57,
            "sys-CPU-utilization": 70.51,
            "LLC-loads-PKI": 15.484197103779193,
            "LLC-load-misses-PKI": 1.3150810480577768,
            "LLC-stores-PKI": 5.030293125656174,
            "LLC-store-misses-PKI": 2.018695328635743
        },
        "240.008": {
            "instructions": 957984038595,
            "LLC-loads": 15476797408,
            "LLC-load-misses": 1284548033,
            "LLC-stores": 4813646101,
            "LLC-store-misses": 1974338246,
            "CPU-utilization": 85.74,
            "user-CPU-utilization": 7.98,
            "sys-CPU-utilization": 77.23,
            "LLC-loads-PKI": 16.15559005627965,
            "LLC-load-misses-PKI": 1.3408866758197202,
            "LLC-stores-PKI": 5.0247664961723135,
            "LLC-store-misses-PKI": 2.060930210168853
        },
        "270.009": {
            "instructions": 885836950730,
            "LLC-loads": 13613945115,
            "LLC-load-misses": 1172598023,
            "LLC-stores": 4432921515,
            "LLC-store-misses": 1782935808,
            "CPU-utilization": 80.0,
            "user-CPU-utilization": 9.83,
            "sys-CPU-utilization": 69.49,
            "LLC-loads-PKI": 15.36845477464112,
            "LLC-load-misses-PKI": 1.3237176683967473,
            "LLC-stores-PKI": 5.004218339895305,
            "LLC-store-misses-PKI": 2.0127132950716486
        },
        "300.01": {
            "instructions": 975984903631,
            "LLC-loads": 15861452599,
            "LLC-load-misses": 1324742763,
            "LLC-stores": 4915567488,
            "LLC-store-misses": 2017363975,
            "CPU-utilization": 86.95,
            "user-CPU-utilization": 7.39,
            "sys-CPU-utilization": 79.05,
            "LLC-loads-PKI": 16.25173969391323,
            "LLC-load-misses-PKI": 1.35733939948405,
            "LLC-stores-PKI": 5.036520001193047,
            "LLC-store-misses-PKI": 2.067003257422027
        },
        "330.011": {
            "instructions": 882987682712,
            "LLC-loads": 13677742068,
            "LLC-load-misses": 1187371734,
            "LLC-stores": 4402590116,
            "LLC-store-misses": 1779848493,
            "CPU-utilization": 79.82,
            "user-CPU-utilization": 9.79,
            "sys-CPU-utilization": 69.34,
            "LLC-loads-PKI": 15.49029769700786,
            "LLC-load-misses-PKI": 1.344720608506245,
            "LLC-stores-PKI": 4.986015322974751,
            "LLC-store-misses-PKI": 2.015711575424688
        },
        "360.012": {
            "instructions": 977331192507,
            "LLC-loads": 15923687715,
            "LLC-load-misses": 1307502652,
            "LLC-stores": 4926726435,
            "LLC-store-misses": 2034084953,
            "CPU-utilization": 87.29,
            "user-CPU-utilization": 7.51,
            "sys-CPU-utilization": 79.33,
            "LLC-loads-PKI": 16.293031305133493,
            "LLC-load-misses-PKI": 1.337829654905479,
            "LLC-stores-PKI": 5.040999891103663,
            "LLC-store-misses-PKI": 2.08126474279642
        },
        "390.014": {
            "instructions": 872086257904,
            "LLC-loads": 13386574650,
            "LLC-load-misses": 1178310830,
            "LLC-stores": 4328427553,
            "LLC-store-misses": 1738485888,
            "CPU-utilization": 78.8,
            "user-CPU-utilization": 10.07,
            "sys-CPU-utilization": 68.03,
            "LLC-loads-PKI": 15.350058011662426,
            "LLC-load-misses-PKI": 1.3511402333434195,
            "LLC-stores-PKI": 4.9633020974359585,
            "LLC-store-misses-PKI": 1.9934792828616892
        },
        "420.015": {
            "instructions": 965843323041,
            "LLC-loads": 15638612677,
            "LLC-load-misses": 1301193113,
            "LLC-stores": 4844764005,
            "LLC-store-misses": 2004478007,
            "CPU-utilization": 86.29,
            "user-CPU-utilization": 7.98,
            "sys-CPU-utilization": 77.78,
            "LLC-loads-PKI": 16.191666188426034,
            "LLC-load-misses-PKI": 1.347209306063365,
            "LLC-stores-PKI": 5.016097217244354,
            "LLC-store-misses-PKI": 2.075365599348778
        },
        "450.016": {
            "instructions": 882734602629,
            "LLC-loads": 13647704110,
            "LLC-load-misses": 1204603669,
            "LLC-stores": 4405104237,
            "LLC-store-misses": 1769484378,
            "CPU-utilization": 80.0,
            "user-CPU-utilization": 9.91,
            "sys-CPU-utilization": 69.38,
            "LLC-loads-PKI": 15.46071046649105,
            "LLC-load-misses-PKI": 1.3646272225110412,
            "LLC-stores-PKI": 4.990292919163381,
            "LLC-store-misses-PKI": 2.004548561628877
        },
        "480.018": {
            "instructions": 970104284949,
            "LLC-loads": 15733801646,
            "LLC-load-misses": 1306324099,
            "LLC-stores": 4880520318,
            "LLC-store-misses": 2007257234,
            "CPU-utilization": 86.24,
            "user-CPU-utilization": 7.53,
            "sys-CPU-utilization": 78.2,
            "LLC-loads-PKI": 16.21867039462376,
            "LLC-load-misses-PKI": 1.3465811039775746,
            "LLC-stores-PKI": 5.030923369497927,
            "LLC-store-misses-PKI": 2.069114903564749
        },
        "510.019": {
            "instructions": 883844829537,
            "LLC-loads": 13729804186,
            "LLC-load-misses": 1204140401,
            "LLC-stores": 4391306836,
            "LLC-store-misses": 1784150030,
            "CPU-utilization": 80.09,
            "user-CPU-utilization": 9.95,
            "sys-CPU-utilization": 69.46,
            "LLC-loads-PKI": 15.534179447757053,
            "LLC-load-misses-PKI": 1.3623889180081374,
            "LLC-stores-PKI": 4.968413786275557,
            "LLC-store-misses-PKI": 2.018623598142926
        },