{
    "Total-Time-Stats-Collected": [
        90.0,
        810.0
    ],
    "time": {
        "120.011": {
            "instructions": 25327301170,
            "LLC-loads": 205679935,
            "LLC-load-misses": 49821460,
            "LLC-stores": 102864044,
            "LLC-store-misses": 19540950,
            "CPU-utilization": 4.07,
            "user-CPU-utilization": 2.58,
            "sys-CPU-utilization": 1.19,
            "LLC-loads-PKI": 8.120878478897165,
            "LLC-load-misses-PKI": 1.967104969676483,
            "LLC-stores-PKI": 4.061389853958925,
            "LLC-store-misses-PKI": 0.7715370014688383
        },
        "150.015": {
            "instructions": 25319354573,
            "LLC-loads": 204177401,
            "LLC-load-misses": 48962839,
            "LLC-stores": 103144843,
            "LLC-store-misses": 19159861,
            "CPU-utilization": 4.14,
            "user-CPU-utilization": 2.69,
            "sys-CPU-utilization": 1.18,
            "LLC-loads-PKI": 8.064083956457967,
            "LLC-load-misses-PKI": 1.9338107082797795,
            "LLC-stores-PKI": 4.073754830622396,
            "LLC-store-misses-PKI": 0.7567278598970154
        },
        "180.019": {
            "instructions": 26308931361,
            "LLC-loads": 206660776,
            "LLC-load-misses": 46596775,
            "LLC-stores": 103552251,
            "LLC-store-misses": 19194578,
            "CPU-utilization": 4.18,
            "user-CPU-utilization": 2.65,
            "sys-CPU-utilization": 1.24,
            "LLC-loads-PKI": 7.855156606868157,
            "LLC-load-misses-PKI": 1.771139023498097,
            "LLC-stores-PKI": 3.9360112951415593,
            "LLC-store-misses-PKI": 0.7295840996587866
        },
        "210.021": {
            "instructions": 26012904934,
            "LLC-loads": 208475668,
            "LLC-load-misses": 49142253,
            "LLC-stores": 104819666,
            "LLC-store-misses": 19231316,
            "CPU-utilization": 4.13,
            "user-CPU-utilization": 2.65,
            "sys-CPU-utilization": 1.19,
            "LLC-loads-PKI": 8.014317067968568,
            "LLC-load-misses-PKI": 1.8891489868080413,
            "LLC-stores-PKI": 4.029525586086932,
            "LLC-store-misses-PKI": 0.7392990536348685
        },
        "240.024": {
            "instructions": 25665844876,
            "LLC-loads": 206642153,
            "LLC-load-misses": 50849471,
            "LLC-stores": 103883912,
            "LLC-store-misses": 19458792,
            "CPU-utilization": 4.07,
            "user-CPU-utilization": 2.62,
            "sys-CPU-utilization": 1.17,
            "LLC-loads-PKI": 8.051250757508864,
            "LLC-load-misses-PKI": 1.9812116548537655,
            "LLC-stores-PKI": 4.047554736728784,
            "LLC-store-misses-PKI": 0.7581590278446596
        },
        "270.027": {
            "instructions": 28982120953,
            "LLC-loads": 210659616,
            "LLC-load-misses": 56351811,
            "LLC-stores": 106416458,
            "LLC-store-misses": 22844804,
            "CPU-utilization": 4.28,
            "user-CPU-utilization": 2.82,
            "sys-CPU-utilization": 1.18,
            "LLC-loads-PKI": 7.268605922307221,
            "LLC-load-misses-PKI": 1.9443646340233394,
            "LLC-stores-PKI": 3.671796766446957,
            "LLC-store-misses-PKI": 0.7882378255562171
        },
        "300.03": {
            "instructions": 27163625859,
            "LLC-loads": 209729862,
            "LLC-load-misses": 48831674,
            "LLC-stores": 104451161,
            "LLC-store-misses": 19961010,
            "CPU-utilization": 4.21,
            "user-CPU-utilization": 2.73,
            "sys-CPU-utilization": 1.19,
            "LLC-loads-PKI": 7.720981841255599,
            "LLC-load-misses-PKI": 1.7976861503495059,
            "LLC-stores-PKI": 3.845258418083854,
            "LLC-store-misses-PKI": 0.7348433564654775
        },
        "330.032": {
            "instructions": 26053745118,
            "LLC-loads": 212842714,
            "LLC-load-misses": 52553655,
            "LLC-stores": 104098886,
            "LLC-store-misses": 19090167,
            "CPU-utilization": 4.14,
            "user-CPU-utilization": 2.63,
            "sys-CPU-utilization": 1.22,
            "LLC-loads-PKI": 8.169371160883559,
            "LLC-load-misses-PKI": 2.0171247842480717,
            "LLC-stores-PKI": 3.9955440390057477,
            "LLC-store-misses-PKI": 0.7327225668915827
        },
        "360.034": {
            "instructions": 25512501419,
            "LLC-loads": 206145442,
            "LLC-load-misses": 51749088,
            "LLC-stores": 105206083,
            "LLC-store-misses": 19786162,
            "CPU-utilization": 4.19,
            "user-CPU-utilization": 2.7,
            "sys-CPU-utilization": 1.21,
            "LLC-loads-PKI": 8.080173661312438,
            "LLC-load-misses-PKI": 2.0283815824292617,
            "LLC-stores-PKI": 4.1237070905814655,
            "LLC-store-misses-PKI": 0.7755477079665968
        },
        "390.036": {
            "instructions": 25258371893,
            "LLC-loads": 205338831,
            "LLC-load-misses": 48340963,
            "LLC-stores": 106886872,
            "LLC-store-misses": 18785649,
            "CPU-utilization": 4.13,
            "user-CPU-utilization": 2.65,
            "sys-CPU-utilization": 1.19,
            "LLC-loads-PKI": 8.129535500936495,
            "LLC-load-misses-PKI": 1.913859024832753,
            "LLC-stores-PKI": 4.231740369204959,
            "LLC-store-misses-PKI": 0.7437395046513737
        },
        "420.038": {
            "instructions": 27334251200,
            "LLC-loads": 211319055,
            "LLC-load-misses": 54132019,
            "LLC-stores": 104613291,
            "LLC-store-misses": 20363018,
            "CPU-utilization": 4.28,
            "user-CPU-utilization": 2.75,
            "sys-CPU-utilization": 1.24,
            "LLC-loads-PKI": 7.730925330780599,
            "LLC-load-misses-PKI": 1.980373217613512,
            "LLC-stores-PKI": 3.827187005583676,
            "LLC-store-misses-PKI": 0.7449634471786811
        },
        "450.041": {
            "instructions": 25920656953,
            "LLC-loads": 206022578,
            "LLC-load-misses": 51563443,
            "LLC-stores": 104281802,
            "LLC-store-misses": 20088786,
            "CPU-utilization": 4.15,
            "user-CPU-utilization": 2.67,
            "sys-CPU-utilization": 1.21,
            "LLC-loads-PKI": 7.948200478620793,
            "LLC-load-misses-PKI": 1.9892799435406345,
            "LLC-stores-PKI": 4.023115702240358,
            "LLC-store-misses-PKI": 0.7750106811114202
        },
        "480.045": {
            "instructions": 26533003259,
            "LLC-loads": 208956156,
            "LLC-load-misses": 54158185,
            "LLC-stores": 102374920,
            "LLC-store-misses": 20953435,
            "CPU-utilization": 4.1,
            "user-CPU-utilization": 2.61,
            "sys-CPU-utilization": 1.22,
            "LLC-loads-PKI": 7.8753299790562545,
            "LLC-load-misses-PKI": 2.041163017670438,
            "LLC-stores-PKI": 3.8583992547196635,
            "LLC-store-misses-PKI": 0.7897121481298048
        },
        "510.048": {
            "instructions": 26320116778,
            "LLC-loads": 205545117,
            "LLC-load-misses": 53966935,
            "LLC-stores": 104589436,
            "LLC-store-misses": 21119454,
            "CPU-utilization": 4.13,
            "user-CPU-utilization": 2.65,
            "sys-CPU-utilization": 1.19,
            "LLC-loads-PKI": 7.809430282308149,
            "LLC-load-misses-PKI": 2.050406366171937,
            "LLC-stores-PKI": 3.9737451350300392,
            "LLC-store-misses-PKI": 0.8024073060972495
        },
        "540.051": {
            "instructions": 27612699461,
            "LLC-loads": 212559354,