{
    "Total-Time-Stats-Collected": [
        90.0,
        810.0
    ],
    "time": {
        "120.002": {
            "instructions": 1087672082249,
            "LLC-loads": 16819312043,
            "LLC-load-misses": 2186464250,
            "LLC-stores": 5611731212,
            "LLC-store-misses": 2232509987,
            "CPU-utilization": 98.78,
            "user-CPU-utilization": 5.86,
            "sys-CPU-utilization": 92.71,
            "LLC-loads-PKI": 15.463587157833814,
            "LLC-load-misses-PKI": 2.010223748208198,
            "LLC-stores-PKI": 5.1593962036761285,
            "LLC-store-misses-PKI": 2.052557956975228
        },
        "150.003": {
            "instructions": 718247793983,
            "LLC-loads": 8027566417,
            "LLC-load-misses": 1279721862,
            "LLC-stores": 2784522405,
            "LLC-store-misses": 1053387600,
            "CPU-utilization": 62.4,
            "user-CPU-utilization": 15.6,
            "sys-CPU-utilization": 46.19,
            "LLC-loads-PKI": 11.17659738637499,
            "LLC-load-misses-PKI": 1.7817275217837834,
            "LLC-stores-PKI": 3.8768269507081925,
            "LLC-store-misses-PKI": 1.4666074978922001
        },
        "180.005": {
            "instructions": 1040670374084,
            "LLC-loads": 15453495253,
            "LLC-load-misses": 2205844327,
            "LLC-stores": 5688903391,
            "LLC-store-misses": 2185465165,
            "CPU-utilization": 97.32,
            "user-CPU-utilization": 5.57,
            "sys-CPU-utilization": 91.6,
            "LLC-loads-PKI": 14.849558167351688,
            "LLC-load-misses-PKI": 2.119637862220867,
            "LLC-stores-PKI": 5.466575711840921,
            "LLC-store-misses-PKI": 2.1000551369819194
        },
        "210.006": {
            "instructions": 1112762145043,
            "LLC-loads": 18661833178,
            "LLC-load-misses": 1982727523,
            "LLC-stores": 5745731902,
            "LLC-store-misses": 2297425469,
            "CPU-utilization": 99.86,
            "user-CPU-utilization": 4.36,
            "sys-CPU-utilization": 95.4,
            "LLC-loads-PKI": 16.77072972075165,
            "LLC-load-misses-PKI": 1.7818071290728372,
            "LLC-stores-PKI": 5.16348613007317,
            "LLC-store-misses-PKI": 2.064615047550186
        },
        "240.007": {
            "instructions": 907271641875,
            "LLC-loads": 13999154358,
            "LLC-load-misses": 1611193129,
            "LLC-stores": 4320596181,
            "LLC-store-misses": 1730956320,
            "CPU-utilization": 80.85,
            "user-CPU-utilization": 7.85,
            "sys-CPU-utilization": 72.71,
            "LLC-loads-PKI": 15.429948112418511,
            "LLC-load-misses-PKI": 1.7758662947628903,
            "LLC-stores-PKI": 4.762185856565407,
            "LLC-store-misses-PKI": 1.9078699698171362
        },
        "270.009": {
            "instructions": 513778801866,
            "LLC-loads": 6560224980,
            "LLC-load-misses": 1150984759,
            "LLC-stores": 2530728285,
            "LLC-store-misses": 994159390,
            "CPU-utilization": 50.67,
            "user-CPU-utilization": 7.71,
            "sys-CPU-utilization": 42.67,
            "LLC-loads-PKI": 12.768578532578287,
            "LLC-load-misses-PKI": 2.2402340361644413,
            "LLC-stores-PKI": 4.925715650020232,
            "LLC-store-misses-PKI": 1.9349949557850565
        },
        "300.01": {
            "instructions": 983658813997,
            "LLC-loads": 12930025118,
            "LLC-load-misses": 2278975624,
            "LLC-stores": 5612730192,
            "LLC-store-misses": 2166302662,
            "CPU-utilization": 95.21,
            "user-CPU-utilization": 6.43,
            "sys-CPU-utilization": 88.56,
            "LLC-loads-PKI": 13.144827183990886,
            "LLC-load-misses-PKI": 2.316835463243204,
            "LLC-stores-PKI": 5.705972550780314,
            "LLC-store-misses-PKI": 2.202290704027186
        },
        "330.011": {
            "instructions": 1000756451704,
            "LLC-loads": 13572591907,
            "LLC-load-misses": 2511987050,
            "LLC-stores": 5986276814,
            "LLC-store-misses": 2330410565,
            "CPU-utilization": 99.68,
            "user-CPU-utilization": 4.33,
            "sys-CPU-utilization": 95.23,
            "LLC-loads-PKI": 13.562332657351131,
            "LLC-load-misses-PKI": 2.5100882894362653,
            "LLC-stores-PKI": 5.981751907576608,
            "LLC-store-misses-PKI": 2.32864905445474
        },
        "360.012": {
            "instructions": 1005724796398,
            "LLC-loads": 13947168276,
            "LLC-load-misses": 2405973859,
            "LLC-stores": 5981666050,
            "LLC-store-misses": 2327708584,
            "CPU-utilization": 99.41,
            "user-CPU-utilization": 4.14,
            "sys-CPU-utilization": 95.15,
            "LLC-loads-PKI": 13.867778070056278,
            "LLC-load-misses-PKI": 2.3922785513661267,
            "LLC-stores-PKI": 5.947617152747269,
            "LLC-store-misses-PKI": 2.314458778720263
        },
        "390.013": {
            "instructions": 1038286285205,
            "LLC-loads": 15127109412,
            "LLC-load-misses": 2221021941,
            "LLC-stores": 5927411285,
            "LLC-store-misses": 2322913140,
            "CPU-utilization": 99.82,
            "user-CPU-utilization": 4.54,
            "sys-CPU-utilization": 95.15,
            "LLC-loads-PKI": 14.56930485122732,
            "LLC-load-misses-PKI": 2.1391228726106886,
            "LLC-stores-PKI": 5.708840971379765,
            "LLC-store-misses-PKI": 2.2372568848305288
        },
        "420.014": {
            "instructions": 1068788220070,
            "LLC-loads": 16000717269,
            "LLC-load-misses": 2191546118,
            "LLC-stores": 5731638487,
            "LLC-store-misses": 2281602692,
            "CPU-utilization": 99.64,
            "user-CPU-utilization": 4.84,
            "sys-CPU-utilization": 94.68,
            "LLC-loads-PKI": 14.970895981574381,
            "LLC-load-misses-PKI": 2.0504961383804035,
            "LLC-stores-PKI": 5.362744816390855,
            "LLC-store-misses-PKI": 2.134756586155644
        },
        "450.015": {
            "instructions": 1024365190791,
            "LLC-loads": 14488696690,
            "LLC-load-misses": 2185376380,
            "LLC-stores": 5303387626,
            "LLC-store-misses": 2108178243,
            "CPU-utilization": 95.25,
            "user-CPU-utilization": 8.05,
            "sys-CPU-utilization": 86.84,
            "LLC-loads-PKI": 14.14407363726606,
            "LLC-load-misses-PKI": 2.1333957846737097,
            "LLC-stores-PKI": 5.177243109856946,
            "LLC-store-misses-PKI": 2.058033855457442
        },
        "480.016": {
            "instructions": 1044695539483,
            "LLC-loads": 14946357144,
            "LLC-load-misses": 2290937876,
            "LLC-stores": 5498168576,
            "LLC-store-misses": 2184180902,
            "CPU-utilization": 97.93,
            "user-CPU-utilization": 7.4,
            "sys-CPU-utilization": 90.18,
            "LLC-loads-PKI": 14.306902421921576,
            "LLC-load-misses-PKI": 2.1929239567096666,
            "LLC-stores-PKI": 5.262938691899593,
            "LLC-store-misses-PKI": 2.090734400073068
        },
        "510.016": {
            "instructions": 1057992852715,
            "LLC-loads": 14980258206,
            "LLC-load-misses": 2328436123,
            "LLC-stores": 5477586187,
            "LLC-store-misses": 2180158027,
            "CPU-utilization": 98.51,
            "user-CPU-utilization": 7.99,
            "sys-CPU-utilization": 90.13,
            "LLC-loads-PKI": 14.159129872718859,
            "LLC-load-misses-PKI": 2.200805153857906,
            "LLC-stores-PKI": 5.1773376095533425,