{
    "Total-Time-Stats-Collected": [
        90.0,
        810.0
    ],
    "time": {
        "120.005": {
            "instructions": 40840634450,
            "LLC-loads": 321354207,
            "LLC-load-misses": 54449675,
            "LLC-stores": 74319323,
            "LLC-store-misses": 30775518,
            "CPU-utilization": 4.24,
            "user-CPU-utilization": 2.75,
            "sys-CPU-utilization": 1.37,
            "LLC-loads-PKI": 7.868492038080961,
            "LLC-load-misses-PKI": 1.3332230444818665,
            "LLC-stores-PKI": 1.819739678407469,
            "LLC-store-misses-PKI": 0.7535514179555063
        },
        "150.007": {
            "instructions": 43367474462,
            "LLC-loads": 324418530,
            "LLC-load-misses": 56428704,
            "LLC-stores": 77969898,
            "LLC-store-misses": 31743720,
            "CPU-utilization": 4.39,
            "user-CPU-utilization": 2.85,
            "sys-CPU-utilization": 1.41,
            "LLC-loads-PKI": 7.480687635713399,
            "LLC-load-misses-PKI": 1.301175701376032,
            "LLC-stores-PKI": 1.7978888318322472,
            "LLC-store-misses-PKI": 0.7319706852612523
        },
        "180.009": {
            "instructions": 40876073074,
            "LLC-loads": 319565820,
            "LLC-load-misses": 53132319,
            "LLC-stores": 74363526,
            "LLC-store-misses": 30698471,
            "CPU-utilization": 4.21,
            "user-CPU-utilization": 2.68,
            "sys-CPU-utilization": 1.42,
            "LLC-loads-PKI": 7.817918796198303,
            "LLC-load-misses-PKI": 1.2998391235824418,
            "LLC-stores-PKI": 1.8192433961397414,
            "LLC-store-misses-PKI": 0.7510132136329492
        },
        "210.011": {
            "instructions": 44494551716,
            "LLC-loads": 326993707,
            "LLC-load-misses": 56696605,
            "LLC-stores": 76965041,
            "LLC-store-misses": 32981191,
            "CPU-utilization": 4.45,
            "user-CPU-utilization": 2.89,
            "sys-CPU-utilization": 1.43,
            "LLC-loads-PKI": 7.349072962621058,
            "LLC-load-misses-PKI": 1.274237020340902,
            "LLC-stores-PKI": 1.7297632638542528,
            "LLC-store-misses-PKI": 0.7412411121818346
        },
        "240.014": {
            "instructions": 41164566752,
            "LLC-loads": 326743414,
            "LLC-load-misses": 54824355,
            "LLC-stores": 75719856,
            "LLC-store-misses": 31117112,
            "CPU-utilization": 4.35,
            "user-CPU-utilization": 2.82,
            "sys-CPU-utilization": 1.41,
            "LLC-loads-PKI": 7.937491871795906,
            "LLC-load-misses-PKI": 1.3318336454333346,
            "LLC-stores-PKI": 1.8394425588439145,
            "LLC-store-misses-PKI": 0.7559198226831371
        },
        "270.018": {
            "instructions": 41802046069,
            "LLC-loads": 334918208,
            "LLC-load-misses": 58358406,
            "LLC-stores": 77760066,
            "LLC-store-misses": 32350620,
            "CPU-utilization": 4.61,
            "user-CPU-utilization": 3.02,
            "sys-CPU-utilization": 1.46,
            "LLC-loads-PKI": 8.012005140781186,
            "LLC-load-misses-PKI": 1.3960657787820112,
            "LLC-stores-PKI": 1.860197605438891,
            "LLC-store-misses-PKI": 0.7739003958466739
        },
        "300.021": {
            "instructions": 39694288688,
            "LLC-loads": 321772487,
            "LLC-load-misses": 53885067,
            "LLC-stores": 74584937,
            "LLC-store-misses": 30516608,
            "CPU-utilization": 4.27,
            "user-CPU-utilization": 2.78,
            "sys-CPU-utilization": 1.37,
            "LLC-loads-PKI": 8.10626661001927,
            "LLC-load-misses-PKI": 1.3575017661492954,
            "LLC-stores-PKI": 1.8789840923021202,
            "LLC-store-misses-PKI": 0.7687909018816979
        },
        "330.023": {
            "instructions": 40992501428,
            "LLC-loads": 325279342,
            "LLC-load-misses": 54035372,
            "LLC-stores": 76544124,
            "LLC-store-misses": 30774971,
            "CPU-utilization": 4.3,
            "user-CPU-utilization": 2.77,
            "sys-CPU-utilization": 1.4,
            "LLC-loads-PKI": 7.935093752971547,
            "LLC-load-misses-PKI": 1.3181769864644328,
            "LLC-stores-PKI": 1.8672713626525947,
            "LLC-store-misses-PKI": 0.7507463542827153
        },
        "360.025": {
            "instructions": 40999446689,
            "LLC-loads": 328951108,
            "LLC-load-misses": 56996362,
            "LLC-stores": 76523929,
            "LLC-store-misses": 31365469,
            "CPU-utilization": 4.45,
            "user-CPU-utilization": 2.91,
            "sys-CPU-utilization": 1.39,
            "LLC-loads-PKI": 8.023306033743534,
            "LLC-load-misses-PKI": 1.3901739316714221,
            "LLC-stores-PKI": 1.866462481322488,
            "LLC-store-misses-PKI": 0.765021763291631
        },
        "390.027": {
            "instructions": 39249126390,
            "LLC-loads": 322432185,
            "LLC-load-misses": 55208795,
            "LLC-stores": 75577440,
            "LLC-store-misses": 31556913,
            "CPU-utilization": 4.33,
            "user-CPU-utilization": 2.81,
            "sys-CPU-utilization": 1.39,
            "LLC-loads-PKI": 8.215015585216952,
            "LLC-load-misses-PKI": 1.406624811248442,
            "LLC-stores-PKI": 1.9255827314224203,
            "LLC-store-misses-PKI": 0.8040156788824772
        },
        "420.03": {
            "instructions": 39068279280,
            "LLC-loads": 322362783,
            "LLC-load-misses": 53459998,
            "LLC-stores": 75256016,
            "LLC-store-misses": 30331264,
            "CPU-utilization": 4.1,
            "user-CPU-utilization": 2.67,
            "sys-CPU-utilization": 1.33,
            "LLC-loads-PKI": 8.251266473489794,
            "LLC-load-misses-PKI": 1.3683734985320295,
            "LLC-stores-PKI": 1.9262690189307974,
            "LLC-store-misses-PKI": 0.7763654954603365
        },
        "450.034": {
            "instructions": 39616568739,
            "LLC-loads": 327838688,
            "LLC-load-misses": 56771464,
            "LLC-stores": 76758770,
            "LLC-store-misses": 31225480,
            "CPU-utilization": 4.38,
            "user-CPU-utilization": 2.83,
            "sys-CPU-utilization": 1.42,
            "LLC-loads-PKI": 8.275292344469591,
            "LLC-load-misses-PKI": 1.4330232477734017,
            "LLC-stores-PKI": 1.9375421053170578,
            "LLC-store-misses-PKI": 0.7881924405346215
        },
        "480.038": {
            "instructions": 40209094034,
            "LLC-loads": 321963127,
            "LLC-load-misses": 55862677,
            "LLC-stores": 76744693,
            "LLC-store-misses": 30725477,
            "CPU-utilization": 4.36,
            "user-CPU-utilization": 2.85,
            "sys-CPU-utilization": 1.39,
            "LLC-loads-PKI": 8.00722161826761,
            "LLC-load-misses-PKI": 1.3893045427177158,
            "LLC-stores-PKI": 1.9086401930644403,
            "LLC-store-misses-PKI": 0.7641424841360304
        },
        "510.041": {
            "instructions": 43696193392,
            "LLC-loads": 330940575,
            "LLC-load-misses": 57276614,
            "LLC-stores": 77950174,
            "LLC-store-misses": 32932105,
            "CPU-utilization": 4.41,
            "user-CPU-utilization": 2.91,
            "sys-CPU-utilization": 1.38,
            "LLC-loads-PKI": 7.573670594852992,
            "LLC-load-misses-PKI": 1.3107918460120678,
            "LLC-stores-PKI": 1.7839122346586669,
            "LLC-store-misses-PKI": 0.7536607297703256
        },
        "540.043": {
            "instructions": 38896332916,
            "LLC-loads": 325721536,
            "LLC-load-misses": 54754151,