{
    "Total-Time-Stats-Collected": [
        90.0,
        810.0
    ],
    "time": {
        "120.002": {
            "instructions": 943599421439,
            "LLC-loads": 15161232947,
            "LLC-load-misses": 1353283583,
            "LLC-stores": 4707981086,
            "LLC-store-misses": 1918556057,
            "CPU-utilization": 84.48,
            "user-CPU-utilization": 8.33,
            "sys-CPU-utilization": 75.63,
            "LLC-loads-PKI": 16.067446209196422,
            "LLC-load-misses-PKI": 1.4341716964347297,
            "LLC-stores-PKI": 4.989385303797955,
            "LLC-store-misses-PKI": 2.0332314893476515
        },
        "150.003": {
            "instructions": 896382315649,
            "LLC-loads": 13872252643,
            "LLC-load-misses": 1198793346,
            "LLC-stores": 4535334096,
            "LLC-store-misses": 1818489414,
            "CPU-utilization": 80.9,
            "user-CPU-utilization": 9.42,
            "sys-CPU-utilization": 70.87,
            "LLC-loads-PKI": 15.475821422197729,
            "LLC-load-misses-PKI": 1.3373683584242155,
            "LLC-stores-PKI": 5.059597915780301,
            "LLC-store-misses-PKI": 2.0286984495933242
        },
        "180.004": {
            "instructions": 955604868616,
            "LLC-loads": 15447481044,
            "LLC-load-misses": 1334692622,
            "LLC-stores": 4810058004,
            "LLC-store-misses": 1963582107,
            "CPU-utilization": 85.58,
            "user-CPU-utilization": 8.03,
            "sys-CPU-utilization": 77.01,
            "LLC-loads-PKI": 16.165134305324905,
            "LLC-load-misses-PKI": 1.3966992695767988,
            "LLC-stores-PKI": 5.033521868684485,
            "LLC-store-misses-PKI": 2.0548054656145176
        },
        "210.005": {
            "instructions": 891777879474,
            "LLC-loads": 13783774565,
            "LLC-load-misses": 1200931922,
            "LLC-stores": 4549530762,
            "LLC-store-misses": 1803913348,
            "CPU-utilization": 80.84,
            "user-CPU-utilization": 9.25,
            "sys-CPU-utilization": 70.98,
            "LLC-loads-PKI": 15.456510956663474,
            "LLC-load-misses-PKI": 1.3466715755590948,
            "LLC-stores-PKI": 5.10164118971359,
            "LLC-store-misses-PKI": 2.022828093767035
        },
        "240.006": {
            "instructions": 954496350736,
            "LLC-loads": 15440645630,
            "LLC-load-misses": 1352286513,
            "LLC-stores": 4785070662,
            "LLC-store-misses": 1955029363,
            "CPU-utilization": 85.65,
            "user-CPU-utilization": 8.12,
            "sys-CPU-utilization": 77.01,
            "LLC-loads-PKI": 16.176746635116956,
            "LLC-load-misses-PKI": 1.4167539896378536,
            "LLC-stores-PKI": 5.013189058617451,
            "LLC-store-misses-PKI": 2.048231364627535
        },
        "270.007": {
            "instructions": 889749436051,
            "LLC-loads": 13742200966,
            "LLC-load-misses": 1209470138,
            "LLC-stores": 4527721692,
            "LLC-store-misses": 1798173377,
            "CPU-utilization": 80.54,
            "user-CPU-utilization": 9.51,
            "sys-CPU-utilization": 70.45,
            "LLC-loads-PKI": 15.445023519197044,
            "LLC-load-misses-PKI": 1.3593379090724973,
            "LLC-stores-PKI": 5.088760395393466,
            "LLC-store-misses-PKI": 2.020988498718115
        },
        "300.008": {
            "instructions": 959114104462,
            "LLC-loads": 15680068797,
            "LLC-load-misses": 1366131839,
            "LLC-stores": 4795817312,
            "LLC-store-misses": 1967684211,
            "CPU-utilization": 85.91,
            "user-CPU-utilization": 7.92,
            "sys-CPU-utilization": 77.49,
            "LLC-loads-PKI": 16.348491513213112,
            "LLC-load-misses-PKI": 1.424368417318094,
            "LLC-stores-PKI": 5.000257310041477,
            "LLC-store-misses-PKI": 2.0515642527264695
        },
        "330.01": {
            "instructions": 885896908357,
            "LLC-loads": 13643322964,
            "LLC-load-misses": 1220574281,
            "LLC-stores": 4465144750,
            "LLC-store-misses": 1789928592,
            "CPU-utilization": 80.49,
            "user-CPU-utilization": 9.78,
            "sys-CPU-utilization": 70.06,
            "LLC-loads-PKI": 15.400576337153211,
            "LLC-load-misses-PKI": 1.3777836557345016,
            "LLC-stores-PKI": 5.040253225718031,
            "LLC-store-misses-PKI": 2.020470525537371
        },
        "360.012": {
            "instructions": 956227405825,
            "LLC-loads": 15587717933,
            "LLC-load-misses": 1368658236,
            "LLC-stores": 4785922984,
            "LLC-store-misses": 1966133127,
            "CPU-utilization": 85.58,
            "user-CPU-utilization": 7.97,
            "sys-CPU-utilization": 77.09,
            "LLC-loads-PKI": 16.3012666631861,
            "LLC-load-misses-PKI": 1.4313104055192487,
            "LLC-stores-PKI": 5.005005038389243,
            "LLC-store-misses-PKI": 2.0561355123509437
        },
        "390.013": {
            "instructions": 876102243613,
            "LLC-loads": 13422237347,
            "LLC-load-misses": 1206642590,
            "LLC-stores": 4401126264,
            "LLC-store-misses": 1747733909,
            "CPU-utilization": 79.4,
            "user-CPU-utilization": 9.95,
            "sys-CPU-utilization": 68.78,
            "LLC-loads-PKI": 15.320400609462421,
            "LLC-load-misses-PKI": 1.3772851271603515,
            "LLC-stores-PKI": 5.023530411073923,
            "LLC-store-misses-PKI": 1.99489719577984
        },
        "420.014": {
            "instructions": 972783355686,
            "LLC-loads": 16007665563,
            "LLC-load-misses": 1375478747,
            "LLC-stores": 4884770082,
            "LLC-store-misses": 2008070215,
            "CPU-utilization": 87.07,
            "user-CPU-utilization": 7.34,
            "sys-CPU-utilization": 79.26,
            "LLC-loads-PKI": 16.455529866371435,
            "LLC-load-misses-PKI": 1.4139620491656357,
            "LLC-stores-PKI": 5.021436739689377,
            "LLC-store-misses-PKI": 2.064252233822322
        },
        "450.015": {
            "instructions": 875762610978,
            "LLC-loads": 13484950415,
            "LLC-load-misses": 1212081250,
            "LLC-stores": 4393554775,
            "LLC-store-misses": 1746296269,
            "CPU-utilization": 79.38,
            "user-CPU-utilization": 10.01,
            "sys-CPU-utilization": 68.7,
            "LLC-loads-PKI": 15.397951734820928,
            "LLC-load-misses-PKI": 1.3840294559348898,
            "LLC-stores-PKI": 5.016833009225567,
            "LLC-store-misses-PKI": 1.9940292575973748
        },
        "480.016": {
            "instructions": 951891799373,
            "LLC-loads": 15554212050,
            "LLC-load-misses": 1338877423,
            "LLC-stores": 4751558902,
            "LLC-store-misses": 1955079690,
            "CPU-utilization": 85.41,
            "user-CPU-utilization": 8.02,
            "sys-CPU-utilization": 76.87,
            "LLC-loads-PKI": 16.340315212553964,
            "LLC-load-misses-PKI": 1.4065437099908864,
            "LLC-stores-PKI": 4.991700637750841,
            "LLC-store-misses-PKI": 2.053888573562445
        },
        "510.017": {
            "instructions": 895952225068,
            "LLC-loads": 13936893966,
            "LLC-load-misses": 1223868147,
            "LLC-stores": 4511871808,
            "LLC-store-misses": 1789878528,
            "CPU-utilization": 80.86,
            "user-CPU-utilization": 9.33,
            "sys-CPU-utilization": 70.89,
            "LLC-loads-PKI": 15.555398576014735,
            "LLC-load-misses-PKI": 1.36599710649428,
            "LLC-stores-PKI": 5.035839726451444,