{
    "Total-Time-Stats-Collected": [
        90.0,
        810.0
    ],
    "time": {
        "120.006": {
            "instructions": 139601228783,
            "LLC-loads": 927314563,
            "LLC-load-misses": 175226758,
            "LLC-stores": 326281873,
            "LLC-store-misses": 104640796,
            "CPU-utilization": 19.27,
            "user-CPU-utilization": 12.79,
            "sys-CPU-utilization": 5.02,
            "LLC-loads-PKI": 6.642595993488305,
            "LLC-load-misses-PKI": 1.255194954425346,
            "LLC-stores-PKI": 2.337242127769388,
            "LLC-store-misses-PKI": 0.7495693047419844
        },
        "150.008": {
            "instructions": 137436627249,
            "LLC-loads": 912238578,
            "LLC-load-misses": 168777594,
            "LLC-stores": 320481765,
            "LLC-store-misses": 103051095,
            "CPU-utilization": 18.64,
            "user-CPU-utilization": 12.16,
            "sys-CPU-utilization": 5.06,
            "LLC-loads-PKI": 6.637521570921972,
            "LLC-load-misses-PKI": 1.2280394053487518,
            "LLC-stores-PKI": 2.331851206006162,
            "LLC-store-misses-PKI": 0.7498080901919819
        },
        "180.01": {
            "instructions": 139166628240,
            "LLC-loads": 901964412,
            "LLC-load-misses": 162702843,
            "LLC-stores": 322771113,
            "LLC-store-misses": 98964701,
            "CPU-utilization": 18.49,
            "user-CPU-utilization": 12.15,
            "sys-CPU-utilization": 4.86,
            "LLC-loads-PKI": 6.481183193175566,
            "LLC-load-misses-PKI": 1.1691225479675387,
            "LLC-stores-PKI": 2.319314027234781,
            "LLC-store-misses-PKI": 0.7111237963553323
        },
        "210.012": {
            "instructions": 137316185354,
            "LLC-loads": 904013860,
            "LLC-load-misses": 166989247,
            "LLC-stores": 317262663,
            "LLC-store-misses": 102959470,
            "CPU-utilization": 18.5,
            "user-CPU-utilization": 12.08,
            "sys-CPU-utilization": 4.95,
            "LLC-loads-PKI": 6.583447229250213,
            "LLC-load-misses-PKI": 1.2160929650754797,
            "LLC-stores-PKI": 2.3104535141440135,
            "LLC-store-misses-PKI": 0.7497985014262618
        },
        "240.014": {
            "instructions": 135753682419,
            "LLC-loads": 891943074,
            "LLC-load-misses": 169933414,
            "LLC-stores": 308089525,
            "LLC-store-misses": 104756585,
            "CPU-utilization": 18.17,
            "user-CPU-utilization": 11.78,
            "sys-CPU-utilization": 4.93,
            "LLC-loads-PKI": 6.570304820513393,
            "LLC-load-misses-PKI": 1.2517775648656455,
            "LLC-stores-PKI": 2.2694745329197787,
            "LLC-store-misses-PKI": 0.7716666180492379
        },
        "270.016": {
            "instructions": 135276711609,
            "LLC-loads": 884672479,
            "LLC-load-misses": 160008690,
            "LLC-stores": 311316398,
            "LLC-store-misses": 98625585,
            "CPU-utilization": 18.04,
            "user-CPU-utilization": 11.73,
            "sys-CPU-utilization": 4.89,
            "LLC-loads-PKI": 6.539724897786046,
            "LLC-load-misses-PKI": 1.182825100468768,
            "LLC-stores-PKI": 2.3013303198840327,
            "LLC-store-misses-PKI": 0.7290655119194841
        },
        "300.018": {
            "instructions": 139350094770,
            "LLC-loads": 894878354,
            "LLC-load-misses": 171458514,
            "LLC-stores": 311707549,
            "LLC-store-misses": 104939894,
            "CPU-utilization": 18.32,
            "user-CPU-utilization": 11.9,
            "sys-CPU-utilization": 4.91,
            "LLC-loads-PKI": 6.421799392939157,
            "LLC-load-misses-PKI": 1.2304154818336908,
            "LLC-stores-PKI": 2.236866429940211,
            "LLC-store-misses-PKI": 0.7530665420300238
        },
        "330.02": {
            "instructions": 134580382026,
            "LLC-loads": 878883488,
            "LLC-load-misses": 158357619,
            "LLC-stores": 309885760,
            "LLC-store-misses": 99017441,
            "CPU-utilization": 17.99,
            "user-CPU-utilization": 11.67,
            "sys-CPU-utilization": 4.84,
            "LLC-loads-PKI": 6.530546835795175,
            "LLC-load-misses-PKI": 1.1766768426129626,
            "LLC-stores-PKI": 2.3026072250272867,
            "LLC-store-misses-PKI": 0.735749442150272
        },
        "360.022": {
            "instructions": 134977150956,
            "LLC-loads": 882247177,
            "LLC-load-misses": 173390922,
            "LLC-stores": 297396190,
            "LLC-store-misses": 104940956,
            "CPU-utilization": 17.74,
            "user-CPU-utilization": 11.44,
            "sys-CPU-utilization": 4.8,
            "LLC-loads-PKI": 6.536270552099562,
            "LLC-load-misses-PKI": 1.2845946204370706,
            "LLC-stores-PKI": 2.203307655359725,
            "LLC-store-misses-PKI": 0.7774720036445929
        },
        "390.024": {
            "instructions": 134015349721,
            "LLC-loads": 875009685,
            "LLC-load-misses": 156642804,
            "LLC-stores": 304595404,
            "LLC-store-misses": 96546476,
            "CPU-utilization": 17.79,
            "user-CPU-utilization": 11.48,
            "sys-CPU-utilization": 4.82,
            "LLC-loads-PKI": 6.529175104356627,
            "LLC-load-misses-PKI": 1.168842258189879,
            "LLC-stores-PKI": 2.2728396757097027,
            "LLC-store-misses-PKI": 0.7204135660653453
        },
        "420.026": {
            "instructions": 134547762060,
            "LLC-loads": 868783406,
            "LLC-load-misses": 150683210,
            "LLC-stores": 310439733,
            "LLC-store-misses": 93412292,
            "CPU-utilization": 17.71,
            "user-CPU-utilization": 11.39,
            "sys-CPU-utilization": 4.88,
            "LLC-loads-PKI": 6.457063221999755,
            "LLC-load-misses-PKI": 1.119923569838379,
            "LLC-stores-PKI": 2.3072827689364543,
            "LLC-store-misses-PKI": 0.6942686416318384
        },
        "450.028": {
            "instructions": 133661842762,
            "LLC-loads": 874088754,
            "LLC-load-misses": 167766994,
            "LLC-stores": 298618013,
            "LLC-store-misses": 104429131,
            "CPU-utilization": 17.71,
            "user-CPU-utilization": 11.39,
            "sys-CPU-utilization": 4.83,
            "LLC-loads-PKI": 6.539553367945208,
            "LLC-load-misses-PKI": 1.2551599658754373,
            "LLC-stores-PKI": 2.234130600247096,
            "LLC-store-misses-PKI": 0.7812935153523797
        },
        "480.03": {
            "instructions": 132917392541,
            "LLC-loads": 860726229,
            "LLC-load-misses": 146259978,
            "LLC-stores": 306155878,
            "LLC-store-misses": 93435203,
            "CPU-utilization": 17.32,
            "user-CPU-utilization": 11.12,
            "sys-CPU-utilization": 4.72,
            "LLC-loads-PKI": 6.475647863273412,
            "LLC-load-misses-PKI": 1.1003825398913414,
            "LLC-stores-PKI": 2.3033545283064627,
            "LLC-store-misses-PKI": 0.7029569359869798
        },
        "510.032": {
            "instructions": 132429413825,
            "LLC-loads": 860883192,
            "LLC-load-misses": 155825489,
            "LLC-stores": 301665183,
            "LLC-store-misses": 95702259,
            "CPU-utilization": 17.44,
            "user-CPU-utilization": 11.18,
            "sys-CPU-utilization": 4.78,
            "LLC-loads-PKI": 6.500694725853137,
            "LLC-load-misses-PKI": 1.1766682680172318,
            "LLC-stores-PKI": 2.2779318754565967,
            "LLC-store-misses-PKI": 0.7226661829558996
        },
        "540.033": {
            "instructions": 134425135884,