{
    "Total-Time-Stats-Collected": [
        90.0,
        810.0
    ],
    "time": {
        "120.002": {
            "instructions": 959128636153,
            "LLC-loads": 15273098151,
            "LLC-load-misses": 1365606152,
            "LLC-stores": 4664959842,
            "LLC-store-misses": 1927772470,
            "CPU-utilization": 84.53,
            "user-CPU-utilization": 9.61,
            "sys-CPU-utilization": 74.33,
            "LLC-loads-PKI": 15.923930925740432,
            "LLC-load-misses-PKI": 1.4237987487031498,
            "LLC-stores-PKI": 4.863747850039009,
            "LLC-store-misses-PKI": 2.009920668964869
        },
        "150.003": {
            "instructions": 959425269229,
            "LLC-loads": 15186177464,
            "LLC-load-misses": 1309780990,
            "LLC-stores": 4726514486,
            "LLC-store-misses": 1942511856,
            "CPU-utilization": 84.67,
            "user-CPU-utilization": 9.26,
            "sys-CPU-utilization": 74.87,
            "LLC-loads-PKI": 15.828410977963614,
            "LLC-load-misses-PKI": 1.3651724965015233,
            "LLC-stores-PKI": 4.926401917471129,
            "LLC-store-misses-PKI": 2.024661970349201
        },
        "180.004": {
            "instructions": 958512583925,
            "LLC-loads": 15341036438,
            "LLC-load-misses": 1374763957,
            "LLC-stores": 4638980070,
            "LLC-store-misses": 1928172901,
            "CPU-utilization": 84.61,
            "user-CPU-utilization": 9.64,
            "sys-CPU-utilization": 74.38,
            "LLC-loads-PKI": 16.005044373210207,
            "LLC-load-misses-PKI": 1.4342680315896303,
            "LLC-stores-PKI": 4.839769605323181,
            "LLC-store-misses-PKI": 2.0116302418319343
        },
        "210.005": {
            "instructions": 956309556883,
            "LLC-loads": 15123702720,
            "LLC-load-misses": 1309504917,
            "LLC-stores": 4740502499,
            "LLC-store-misses": 1925294101,
            "CPU-utilization": 84.52,
            "user-CPU-utilization": 9.21,
            "sys-CPU-utilization": 74.75,
            "LLC-loads-PKI": 15.814651867847342,
            "LLC-load-misses-PKI": 1.3693316223548018,
            "LLC-stores-PKI": 4.95707949887191,
            "LLC-store-misses-PKI": 2.0132540631250335
        },
        "240.006": {
            "instructions": 966686692829,
            "LLC-loads": 15572498679,
            "LLC-load-misses": 1405844327,
            "LLC-stores": 4656212710,
            "LLC-store-misses": 1944042947,
            "CPU-utilization": 85.06,
            "user-CPU-utilization": 9.39,
            "sys-CPU-utilization": 75.11,
            "LLC-loads-PKI": 16.10914766337294,
            "LLC-load-misses-PKI": 1.4542915894350517,
            "LLC-stores-PKI": 4.816671983322368,
            "LLC-store-misses-PKI": 2.01103724859476
        },
        "270.007": {
            "instructions": 942186137446,
            "LLC-loads": 14801776653,
            "LLC-load-misses": 1289175353,
            "LLC-stores": 4639005596,
            "LLC-store-misses": 1886087543,
            "CPU-utilization": 83.26,
            "user-CPU-utilization": 9.76,
            "sys-CPU-utilization": 72.95,
            "LLC-loads-PKI": 15.710034423902085,
            "LLC-load-misses-PKI": 1.3682809603785826,
            "LLC-stores-PKI": 4.92366148431671,
            "LLC-store-misses-PKI": 2.001820519364305
        },
        "300.008": {
            "instructions": 974373819218,
            "LLC-loads": 15827066227,
            "LLC-load-misses": 1409357099,
            "LLC-stores": 4729937267,
            "LLC-store-misses": 1971105212,
            "CPU-utilization": 86.04,
            "user-CPU-utilization": 9.1,
            "sys-CPU-utilization": 76.4,
            "LLC-loads-PKI": 16.243320494491815,
            "LLC-load-misses-PKI": 1.4464234067076054,
            "LLC-stores-PKI": 4.854335342051874,
            "LLC-store-misses-PKI": 2.0229455811753474
        },
        "330.009": {
            "instructions": 930656358220,
            "LLC-loads": 14515572232,
            "LLC-load-misses": 1267700535,
            "LLC-stores": 4556568880,
            "LLC-store-misses": 1848127145,
            "CPU-utilization": 82.29,
            "user-CPU-utilization": 10.17,
            "sys-CPU-utilization": 71.48,
            "LLC-loads-PKI": 15.597134327608204,
            "LLC-load-misses-PKI": 1.3621574964841376,
            "LLC-stores-PKI": 4.896080964530263,
            "LLC-store-misses-PKI": 1.9858319654472474
        },
        "360.01": {
            "instructions": 974315323075,
            "LLC-loads": 15945577331,
            "LLC-load-misses": 1402788267,
            "LLC-stores": 4699146011,
            "LLC-store-misses": 1977196824,
            "CPU-utilization": 85.72,
            "user-CPU-utilization": 8.68,
            "sys-CPU-utilization": 76.5,
            "LLC-loads-PKI": 16.36593098081919,
            "LLC-load-misses-PKI": 1.439768249330938,
            "LLC-stores-PKI": 4.823023819608216,
            "LLC-store-misses-PKI": 2.029319232874059
        },
        "390.011": {
            "instructions": 924901802372,
            "LLC-loads": 14269206736,
            "LLC-load-misses": 1259015870,
            "LLC-stores": 4505747959,
            "LLC-store-misses": 1819658606,
            "CPU-utilization": 81.36,
            "user-CPU-utilization": 10.43,
            "sys-CPU-utilization": 70.31,
            "LLC-loads-PKI": 15.427807254137944,
            "LLC-load-misses-PKI": 1.3612427468204,
            "LLC-stores-PKI": 4.8715960412711645,
            "LLC-store-misses-PKI": 1.96740735214626
        },
        "420.012": {
            "instructions": 979887655811,
            "LLC-loads": 16080677136,
            "LLC-load-misses": 1382351107,
            "LLC-stores": 4759398615,
            "LLC-store-misses": 2007181401,
            "CPU-utilization": 86.65,
            "user-CPU-utilization": 8.45,
            "sys-CPU-utilization": 77.7,
            "LLC-loads-PKI": 16.41073549670436,
            "LLC-load-misses-PKI": 1.4107240751552308,
            "LLC-stores-PKI": 4.857086000395528,
            "LLC-store-misses-PKI": 2.048379106621937
        },
        "450.014": {
            "instructions": 899298715153,
            "LLC-loads": 13831690087,
            "LLC-load-misses": 1251015694,
            "LLC-stores": 4321215720,
            "LLC-store-misses": 1757847689,
            "CPU-utilization": 79.26,
            "user-CPU-utilization": 11.19,
            "sys-CPU-utilization": 67.37,
            "LLC-loads-PKI": 15.380529132243648,
            "LLC-load-misses-PKI": 1.3911013914738681,
            "LLC-stores-PKI": 4.805094955867718,
            "LLC-store-misses-PKI": 1.9546872016835173
        },
        "480.015": {
            "instructions": 1004485196649,
            "LLC-loads": 16572341090,
            "LLC-load-misses": 1420471434,
            "LLC-stores": 4948105867,
            "LLC-store-misses": 2077709312,
            "CPU-utilization": 89.01,
            "user-CPU-utilization": 7.71,
            "sys-CPU-utilization": 80.86,
            "LLC-loads-PKI": 16.49834277825691,
            "LLC-load-misses-PKI": 1.4141287882974738,
            "LLC-stores-PKI": 4.9260117356702375,
            "LLC-store-misses-PKI": 2.068431987779726
        },
        "510.016": {
            "instructions": 856192363754,
            "LLC-loads": 12905062435,
            "LLC-load-misses": 1237118081,
            "LLC-stores": 4054664949,
            "LLC-store-misses": 1642432378,
            "CPU-utilization": 75.89,
            "user-CPU-utilization": 12.06,
            "sys-CPU-utilization": 63.05,
            "LLC-loads-PKI": 15.072620337814488,
            "LLC-load-misses-PKI": 1.4449066978077454,
            "LLC-stores-PKI": 4.735693893860727,