{
    "Total-Time-Stats-Collected": [
        90.0,
        810.0
    ],
    "time": {
        "120.005": {
            "instructions": 70847936679,
            "LLC-loads": 573141911,
            "LLC-load-misses": 129267071,
            "LLC-stores": 119518477,
            "LLC-store-misses": 51400537,
            "CPU-utilization": 9.43,
            "user-CPU-utilization": 6.4,
            "sys-CPU-utilization": 2.52,
            "LLC-loads-PKI": 8.089747392317278,
            "LLC-load-misses-PKI": 1.8245707223018675,
            "LLC-stores-PKI": 1.6869718809387206,
            "LLC-store-misses-PKI": 0.7255050663350596
        },
        "150.007": {
            "instructions": 70808758985,
            "LLC-loads": 574235885,
            "LLC-load-misses": 131115282,
            "LLC-stores": 119545119,
            "LLC-store-misses": 52113357,
            "CPU-utilization": 9.46,
            "user-CPU-utilization": 6.42,
            "sys-CPU-utilization": 2.57,
            "LLC-loads-PKI": 8.109673057843665,
            "LLC-load-misses-PKI": 1.8516816828801537,
            "LLC-stores-PKI": 1.6882815164904137,
            "LLC-store-misses-PKI": 0.7359733138528751
        },
        "180.009": {
            "instructions": 71342039598,
            "LLC-loads": 581547738,
            "LLC-load-misses": 134337469,
            "LLC-stores": 119834847,
            "LLC-store-misses": 52668605,
            "CPU-utilization": 9.53,
            "user-CPU-utilization": 6.48,
            "sys-CPU-utilization": 2.54,
            "LLC-loads-PKI": 8.151543483714798,
            "LLC-load-misses-PKI": 1.8830057250531147,
            "LLC-stores-PKI": 1.6797227507826877,
            "LLC-store-misses-PKI": 0.7382548255807997
        },
        "210.011": {
            "instructions": 72042536752,
            "LLC-loads": 577461602,
            "LLC-load-misses": 131679316,
            "LLC-stores": 120555732,
            "LLC-store-misses": 52803597,
            "CPU-utilization": 9.48,
            "user-CPU-utilization": 6.44,
            "sys-CPU-utilization": 2.53,
            "LLC-loads-PKI": 8.015564526660965,
            "LLC-load-misses-PKI": 1.8277995464442665,
            "LLC-stores-PKI": 1.6733965436975429,
            "LLC-store-misses-PKI": 0.7329502732777397
        },
        "240.013": {
            "instructions": 74328769103,
            "LLC-loads": 582854671,
            "LLC-load-misses": 134695408,
            "LLC-stores": 124551275,
            "LLC-store-misses": 54824647,
            "CPU-utilization": 9.8,
            "user-CPU-utilization": 6.81,
            "sys-CPU-utilization": 2.5,
            "LLC-loads-PKI": 7.841575718714213,
            "LLC-load-misses-PKI": 1.812157117970672,
            "LLC-stores-PKI": 1.6756805810601398,
            "LLC-store-misses-PKI": 0.7375965949877031
        },
        "270.014": {
            "instructions": 71031935946,
            "LLC-loads": 577730044,
            "LLC-load-misses": 131297646,
            "LLC-stores": 119756718,
            "LLC-store-misses": 52420028,
            "CPU-utilization": 9.43,
            "user-CPU-utilization": 6.45,
            "sys-CPU-utilization": 2.48,
            "LLC-loads-PKI": 8.133384460184258,
            "LLC-load-misses-PKI": 1.8484311915673435,
            "LLC-stores-PKI": 1.6859559915562716,
            "LLC-store-misses-PKI": 0.7379783093600438
        },
        "300.016": {
            "instructions": 70921197385,
            "LLC-loads": 576040729,
            "LLC-load-misses": 129294764,
            "LLC-stores": 118898333,
            "LLC-store-misses": 51339350,
            "CPU-utilization": 9.38,
            "user-CPU-utilization": 6.35,
            "sys-CPU-utilization": 2.52,
            "LLC-loads-PKI": 8.122264573071547,
            "LLC-load-misses-PKI": 1.8230764393065104,
            "LLC-stores-PKI": 1.6764851325697903,
            "LLC-store-misses-PKI": 0.7238928824241537
        },
        "330.019": {
            "instructions": 78107059516,
            "LLC-loads": 582435410,
            "LLC-load-misses": 132077308,
            "LLC-stores": 121954064,
            "LLC-store-misses": 52314352,
            "CPU-utilization": 9.53,
            "user-CPU-utilization": 6.51,
            "sys-CPU-utilization": 2.52,
            "LLC-loads-PKI": 7.456885633758749,
            "LLC-load-misses-PKI": 1.6909778555028607,
            "LLC-stores-PKI": 1.561370569519623,
            "LLC-store-misses-PKI": 0.669777512099064
        },
        "360.021": {
            "instructions": 76964078204,
            "LLC-loads": 579271370,
            "LLC-load-misses": 132680006,
            "LLC-stores": 120412109,
            "LLC-store-misses": 52692474,
            "CPU-utilization": 9.55,
            "user-CPU-utilization": 6.49,
            "sys-CPU-utilization": 2.56,
            "LLC-loads-PKI": 7.526516051612945,
            "LLC-load-misses-PKI": 1.7239211992940404,
            "LLC-stores-PKI": 1.5645234999220963,
            "LLC-store-misses-PKI": 0.6846372389510598
        },
        "390.023": {
            "instructions": 70735020403,
            "LLC-loads": 571643459,
            "LLC-load-misses": 129116408,
            "LLC-stores": 119890982,
            "LLC-store-misses": 51801832,
            "CPU-utilization": 9.48,
            "user-CPU-utilization": 6.44,
            "sys-CPU-utilization": 2.52,
            "LLC-loads-PKI": 8.081477261802778,
            "LLC-load-misses-PKI": 1.8253533718430077,
            "LLC-stores-PKI": 1.694931044296627,
            "LLC-store-misses-PKI": 0.7323364255056183
        },
        "420.025": {
            "instructions": 70596888770,
            "LLC-loads": 570985434,
            "LLC-load-misses": 126840119,
            "LLC-stores": 118611086,
            "LLC-store-misses": 52075538,
            "CPU-utilization": 9.32,
            "user-CPU-utilization": 6.32,
            "sys-CPU-utilization": 2.48,
            "LLC-loads-PKI": 8.0879688035578,
            "LLC-load-misses-PKI": 1.7966814290249635,
            "LLC-stores-PKI": 1.6801177511721102,
            "LLC-store-misses-PKI": 0.7376463595960816
        },
        "450.028": {
            "instructions": 71751501476,
            "LLC-loads": 572784203,
            "LLC-load-misses": 129041908,
            "LLC-stores": 119368009,
            "LLC-store-misses": 51610858,
            "CPU-utilization": 9.34,
            "user-CPU-utilization": 6.36,
            "sys-CPU-utilization": 2.5,
            "LLC-loads-PKI": 7.982888040211803,
            "LLC-load-misses-PKI": 1.7984558559121293,
            "LLC-stores-PKI": 1.6636308167004301,
            "LLC-store-misses-PKI": 0.7193000416480929
        },
        "480.029": {
            "instructions": 70979548006,
            "LLC-loads": 573886720,
            "LLC-load-misses": 128494469,
            "LLC-stores": 119228355,
            "LLC-store-misses": 50847815,
            "CPU-utilization": 9.41,
            "user-CPU-utilization": 6.33,
            "sys-CPU-utilization": 2.57,
            "LLC-loads-PKI": 8.085240553398403,
            "LLC-load-misses-PKI": 1.810302722541121,
            "LLC-stores-PKI": 1.6797564699893759,
            "LLC-store-misses-PKI": 0.716372764105257
        },
        "510.031": {
            "instructions": 70352759304,
            "LLC-loads": 571712014,
            "LLC-load-misses": 126414614,
            "LLC-stores": 117154907,
            "LLC-store-misses": 51223539,
            "CPU-utilization": 9.27,
            "user-CPU-utilization": 6.32,
            "sys-CPU-utilization": 2.46,
            "LLC-loads-PKI": 8.126362343935734,
            "LLC-load-misses-PKI": 1.7968678876368185,
            "LLC-stores-PKI": 1.6652496385218398,
            "LLC-store-misses-PKI": 0.7280956640045761
        },
        "540.033": {
            "instructions": 73816127410,
            "LLC-loads": 576057725,