{
    "Total-Time-Stats-Collected": [
        90.0,
        810.0
    ],
    "time": {
        "120.006": {
            "instructions": 95493119169,
            "LLC-loads": 653470540,
            "LLC-load-misses": 165160575,
            "LLC-stores": 199161644,
            "LLC-store-misses": 70405923,
            "CPU-utilization": 12.79,
            "user-CPU-utilization": 9.01,
            "sys-CPU-utilization": 3.08,
            "LLC-loads-PKI": 6.84311650605436,
            "LLC-load-misses-PKI": 1.7295547201438173,
            "LLC-stores-PKI": 2.0856125104420506,
            "LLC-store-misses-PKI": 0.7372879178383349
        },
        "150.008": {
            "instructions": 91378896291,
            "LLC-loads": 649307967,
            "LLC-load-misses": 157390712,
            "LLC-stores": 200624272,
            "LLC-store-misses": 69520339,
            "CPU-utilization": 12.59,
            "user-CPU-utilization": 8.91,
            "sys-CPU-utilization": 3.03,
            "LLC-loads-PKI": 7.105666552726255,
            "LLC-load-misses-PKI": 1.7223967282202943,
            "LLC-stores-PKI": 2.195520849377557,
            "LLC-store-misses-PKI": 0.760792062738529
        },
        "180.01": {
            "instructions": 92471660415,
            "LLC-loads": 647563154,
            "LLC-load-misses": 156518710,
            "LLC-stores": 198465925,
            "LLC-store-misses": 68831001,
            "CPU-utilization": 12.34,
            "user-CPU-utilization": 8.73,
            "sys-CPU-utilization": 2.92,
            "LLC-loads-PKI": 7.0028282296849245,
            "LLC-load-misses-PKI": 1.6926127345131008,
            "LLC-stores-PKI": 2.146235117973576,
            "LLC-store-misses-PKI": 0.744346978210362
        },
        "210.011": {
            "instructions": 92638029056,
            "LLC-loads": 649913534,
            "LLC-load-misses": 158622576,
            "LLC-stores": 197273005,
            "LLC-store-misses": 69475799,
            "CPU-utilization": 12.47,
            "user-CPU-utilization": 8.81,
            "sys-CPU-utilization": 2.94,
            "LLC-loads-PKI": 7.015623503897358,
            "LLC-load-misses-PKI": 1.7122835796097533,
            "LLC-stores-PKI": 2.1295034772463457,
            "LLC-store-misses-PKI": 0.749970608269328
        },
        "240.013": {
            "instructions": 95586429289,
            "LLC-loads": 655944359,
            "LLC-load-misses": 165208326,
            "LLC-stores": 200270930,
            "LLC-store-misses": 73274270,
            "CPU-utilization": 12.98,
            "user-CPU-utilization": 9.18,
            "sys-CPU-utilization": 3.03,
            "LLC-loads-PKI": 6.862316794121375,
            "LLC-load-misses-PKI": 1.7283659116557462,
            "LLC-stores-PKI": 2.095181622429817,
            "LLC-store-misses-PKI": 0.7665760772217939
        },
        "270.015": {
            "instructions": 90557002156,
            "LLC-loads": 648416893,
            "LLC-load-misses": 159715692,
            "LLC-stores": 194176238,
            "LLC-store-misses": 69961565,
            "CPU-utilization": 12.65,
            "user-CPU-utilization": 8.79,
            "sys-CPU-utilization": 3.07,
            "LLC-loads-PKI": 7.160317563107825,
            "LLC-load-misses-PKI": 1.7637033934147055,
            "LLC-stores-PKI": 2.144243221142613,
            "LLC-store-misses-PKI": 0.7725693578005064
        },
        "300.017": {
            "instructions": 92511804167,
            "LLC-loads": 642955159,
            "LLC-load-misses": 157073115,
            "LLC-stores": 195620543,
            "LLC-store-misses": 69313528,
            "CPU-utilization": 12.65,
            "user-CPU-utilization": 8.89,
            "sys-CPU-utilization": 3.0,
            "LLC-loads-PKI": 6.949979678694336,
            "LLC-load-misses-PKI": 1.6978710599617703,
            "LLC-stores-PKI": 2.1145468382269432,
            "LLC-store-misses-PKI": 0.7492398253835473
        },
        "330.02": {
            "instructions": 90710829112,
            "LLC-loads": 641083291,
            "LLC-load-misses": 156829577,
            "LLC-stores": 194900031,
            "LLC-store-misses": 68057486,
            "CPU-utilization": 12.64,
            "user-CPU-utilization": 8.81,
            "sys-CPU-utilization": 3.02,
            "LLC-loads-PKI": 7.067329196257914,
            "LLC-load-misses-PKI": 1.728895861004243,
            "LLC-stores-PKI": 2.1485861490622953,
            "LLC-store-misses-PKI": 0.7502685915919688
        },
        "360.022": {
            "instructions": 91222542689,
            "LLC-loads": 640312337,
            "LLC-load-misses": 154003422,
            "LLC-stores": 195311288,
            "LLC-store-misses": 68291035,
            "CPU-utilization": 12.58,
            "user-CPU-utilization": 8.8,
            "sys-CPU-utilization": 3.02,
            "LLC-loads-PKI": 7.019233603068725,
            "LLC-load-misses-PKI": 1.6882167220994422,
            "LLC-stores-PKI": 2.1410419205904403,
            "LLC-store-misses-PKI": 0.7486201654433254
        },
        "390.024": {
            "instructions": 89820661824,
            "LLC-loads": 641253052,
            "LLC-load-misses": 156991306,
            "LLC-stores": 191746504,
            "LLC-store-misses": 68958592,
            "CPU-utilization": 12.47,
            "user-CPU-utilization": 8.7,
            "sys-CPU-utilization": 2.98,
            "LLC-loads-PKI": 7.139259931712703,
            "LLC-load-misses-PKI": 1.7478306529027607,
            "LLC-stores-PKI": 2.134770553970306,
            "LLC-store-misses-PKI": 0.7677364049612728
        },
        "420.026": {
            "instructions": 91161113301,
            "LLC-loads": 634091480,
            "LLC-load-misses": 153382173,
            "LLC-stores": 193069088,
            "LLC-store-misses": 69075463,
            "CPU-utilization": 12.02,
            "user-CPU-utilization": 8.4,
            "sys-CPU-utilization": 2.95,
            "LLC-loads-PKI": 6.955723301736424,
            "LLC-load-misses-PKI": 1.682539489108208,
            "LLC-stores-PKI": 2.1178886589780395,
            "LLC-store-misses-PKI": 0.7577294802436586
        },
        "450.028": {
            "instructions": 91329129323,
            "LLC-loads": 643391247,
            "LLC-load-misses": 157749110,
            "LLC-stores": 194547582,
            "LLC-store-misses": 68463605,
            "CPU-utilization": 12.25,
            "user-CPU-utilization": 8.59,
            "sys-CPU-utilization": 2.94,
            "LLC-loads-PKI": 7.0447539768450484,
            "LLC-load-misses-PKI": 1.7272595410615945,
            "LLC-stores-PKI": 2.1301810653636206,
            "LLC-store-misses-PKI": 0.7496360198274481
        },
        "480.03": {
            "instructions": 90684290286,
            "LLC-loads": 636795304,
            "LLC-load-misses": 156933909,
            "LLC-stores": 192914710,
            "LLC-store-misses": 69404090,
            "CPU-utilization": 12.07,
            "user-CPU-utilization": 8.48,
            "sys-CPU-utilization": 2.9,
            "LLC-loads-PKI": 7.022112672345737,
            "LLC-load-misses-PKI": 1.7305523206396833,
            "LLC-stores-PKI": 2.1273222670827088,
            "LLC-store-misses-PKI": 0.7653375218697027
        },
        "510.032": {
            "instructions": 89235472300,
            "LLC-loads": 635023247,
            "LLC-load-misses": 152338644,
            "LLC-stores": 189918397,
            "LLC-store-misses": 67811472,
            "CPU-utilization": 12.02,
            "user-CPU-utilization": 8.4,
            "sys-CPU-utilization": 2.95,
            "LLC-loads-PKI": 7.11626476145182,
            "LLC-load-misses-PKI": 1.707153445525048,
            "LLC-stores-PKI": 2.1282836534053957,
            "LLC-store-misses-PKI": 0.7599160989704314
        },
        "540.034": {
            "instructions": 93586898772,
            "LLC-loads": 639773258,