{
    "Total-Time-Stats-Collected": [
        90.0,
        810.0
    ],
    "time": {
        "120.008": {
            "instructions": 85989883578,
            "LLC-loads": 625806014,
            "LLC-load-misses": 108169299,
            "LLC-stores": 192694183,
            "LLC-store-misses": 61007200,
            "CPU-utilization": 13.6,
            "user-CPU-utilization": 9.17,
            "sys-CPU-utilization": 3.26,
            "LLC-loads-PKI": 7.277670209104793,
            "LLC-load-misses-PKI": 1.2579305204185027,
            "LLC-stores-PKI": 2.2408936375080715,
            "LLC-store-misses-PKI": 0.7094695034057277
        },
        "150.01": {
            "instructions": 85385408628,
            "LLC-loads": 612121920,
            "LLC-load-misses": 94396158,
            "LLC-stores": 196720583,
            "LLC-store-misses": 58023347,
            "CPU-utilization": 13.45,
            "user-CPU-utilization": 9.08,
            "sys-CPU-utilization": 3.21,
            "LLC-loads-PKI": 7.168928858405322,
            "LLC-load-misses-PKI": 1.1055303185495928,
            "LLC-stores-PKI": 2.303913351952858,
            "LLC-store-misses-PKI": 0.6795463994649397
        },
        "180.012": {
            "instructions": 89243371685,
            "LLC-loads": 623413637,
            "LLC-load-misses": 113131803,
            "LLC-stores": 194323439,
            "LLC-store-misses": 63877023,
            "CPU-utilization": 13.58,
            "user-CPU-utilization": 9.14,
            "sys-CPU-utilization": 3.24,
            "LLC-loads-PKI": 6.985545539454144,
            "LLC-load-misses-PKI": 1.2676773732767332,
            "LLC-stores-PKI": 2.177455146875203,
            "LLC-store-misses-PKI": 0.7157620985619533
        },
        "210.014": {
            "instructions": 85776545532,
            "LLC-loads": 610988795,
            "LLC-load-misses": 100655997,
            "LLC-stores": 191478533,
            "LLC-store-misses": 58236203,
            "CPU-utilization": 13.41,
            "user-CPU-utilization": 8.97,
            "sys-CPU-utilization": 3.25,
            "LLC-loads-PKI": 7.123028692873428,
            "LLC-load-misses-PKI": 1.173467599746705,
            "LLC-stores-PKI": 2.2322947585778747,
            "LLC-store-misses-PKI": 0.6789292182240455
        },
        "240.016": {
            "instructions": 84014414333,
            "LLC-loads": 603904112,
            "LLC-load-misses": 99741035,
            "LLC-stores": 189351360,
            "LLC-store-misses": 60666394,
            "CPU-utilization": 13.29,
            "user-CPU-utilization": 8.92,
            "sys-CPU-utilization": 3.2,
            "LLC-loads-PKI": 7.188101194235102,
            "LLC-load-misses-PKI": 1.187189553029149,
            "LLC-stores-PKI": 2.253796107528476,
            "LLC-store-misses-PKI": 0.7220950652532355
        },
        "270.019": {
            "instructions": 83496756948,
            "LLC-loads": 600150730,
            "LLC-load-misses": 101213661,
            "LLC-stores": 187315768,
            "LLC-store-misses": 60487551,
            "CPU-utilization": 13.08,
            "user-CPU-utilization": 8.7,
            "sys-CPU-utilization": 3.15,
            "LLC-loads-PKI": 7.187713055415566,
            "LLC-load-misses-PKI": 1.2121867327497966,
            "LLC-stores-PKI": 2.2433897416717183,
            "LLC-store-misses-PKI": 0.724429944478806
        },
        "300.022": {
            "instructions": 84923835314,
            "LLC-loads": 609220293,
            "LLC-load-misses": 103074596,
            "LLC-stores": 185806040,
            "LLC-store-misses": 60531598,
            "CPU-utilization": 13.28,
            "user-CPU-utilization": 8.88,
            "sys-CPU-utilization": 3.18,
            "LLC-loads-PKI": 7.173725618343192,
            "LLC-load-misses-PKI": 1.2137298747623542,
            "LLC-stores-PKI": 2.187913903240416,
            "LLC-store-misses-PKI": 0.7127751328727513
        },
        "330.024": {
            "instructions": 84169368492,
            "LLC-loads": 600848537,
            "LLC-load-misses": 91491266,
            "LLC-stores": 190909254,
            "LLC-store-misses": 55729771,
            "CPU-utilization": 12.98,
            "user-CPU-utilization": 8.62,
            "sys-CPU-utilization": 3.13,
            "LLC-loads-PKI": 7.138565344672967,
            "LLC-load-misses-PKI": 1.0869900492207676,
            "LLC-stores-PKI": 2.2681559505599145,
            "LLC-store-misses-PKI": 0.6621146385967825
        },
        "360.026": {
            "instructions": 82895233954,
            "LLC-loads": 598669184,
            "LLC-load-misses": 97738870,
            "LLC-stores": 185710330,
            "LLC-store-misses": 57848036,
            "CPU-utilization": 13.08,
            "user-CPU-utilization": 8.66,
            "sys-CPU-utilization": 3.21,
            "LLC-loads-PKI": 7.221997640204646,
            "LLC-load-misses-PKI": 1.17906501179835,
            "LLC-stores-PKI": 2.2403016571863934,
            "LLC-store-misses-PKI": 0.6978451382633273
        },
        "390.028": {
            "instructions": 82152366990,
            "LLC-loads": 593281577,
            "LLC-load-misses": 96169636,
            "LLC-stores": 184027815,
            "LLC-store-misses": 56615965,
            "CPU-utilization": 13.02,
            "user-CPU-utilization": 8.62,
            "sys-CPU-utilization": 3.19,
            "LLC-loads-PKI": 7.221722255089951,
            "LLC-load-misses-PKI": 1.1706252603982337,
            "LLC-stores-PKI": 2.2400792788161636,
            "LLC-store-misses-PKI": 0.6891580495409412
        },
        "420.03": {
            "instructions": 83636923661,
            "LLC-loads": 593798845,
            "LLC-load-misses": 90783905,
            "LLC-stores": 187136919,
            "LLC-store-misses": 54000972,
            "CPU-utilization": 12.96,
            "user-CPU-utilization": 8.65,
            "sys-CPU-utilization": 3.11,
            "LLC-loads-PKI": 7.099721259557627,
            "LLC-load-misses-PKI": 1.0854524655637547,
            "LLC-stores-PKI": 2.2374916580924196,
            "LLC-store-misses-PKI": 0.6456594723507355
        },
        "450.032": {
            "instructions": 82643194885,
            "LLC-loads": 595641963,
            "LLC-load-misses": 95617445,
            "LLC-stores": 186533814,
            "LLC-store-misses": 57457673,
            "CPU-utilization": 13.02,
            "user-CPU-utilization": 8.62,
            "sys-CPU-utilization": 3.15,
            "LLC-loads-PKI": 7.207392742122932,
            "LLC-load-misses-PKI": 1.156991148914971,
            "LLC-stores-PKI": 2.2570982917536804,
            "LLC-store-misses-PKI": 0.6952499002483356
        },
        "480.034": {
            "instructions": 85229306760,
            "LLC-loads": 601002218,
            "LLC-load-misses": 102303808,
            "LLC-stores": 186505097,
            "LLC-store-misses": 60599805,
            "CPU-utilization": 13.17,
            "user-CPU-utilization": 8.82,
            "sys-CPU-utilization": 3.11,
            "LLC-loads-PKI": 7.051591064707142,
            "LLC-load-misses-PKI": 1.200336033332767,
            "LLC-stores-PKI": 2.1882742461485205,
            "LLC-store-misses-PKI": 0.7110207427903289
        },
        "510.036": {
            "instructions": 81746252302,
            "LLC-loads": 587470316,
            "LLC-load-misses": 92662481,
            "LLC-stores": 184051828,
            "LLC-store-misses": 57205073,
            "CPU-utilization": 12.85,
            "user-CPU-utilization": 8.52,
            "sys-CPU-utilization": 3.09,
            "LLC-loads-PKI": 7.186510689562548,
            "LLC-load-misses-PKI": 1.1335379713515372,
            "LLC-stores-PKI": 2.2515017241407778,
            "LLC-store-misses-PKI": 0.6997883253248594
        },
        "540.038": {
            "instructions": 82686703195,
            "LLC-loads": 592949178,