{
    "Total-Time-Stats-Collected": [
        90.0,
        810.0
    ],
    "time": {
        "120.005": {
            "instructions": 244093401835,
            "LLC-loads": 2060295223,
            "LLC-load-misses": 683054898,
            "LLC-stores": 773824530,
            "LLC-store-misses": 296159753,
            "CPU-utilization": 37.4,
            "user-CPU-utilization": 24.05,
            "sys-CPU-utilization": 10.45,
            "LLC-loads-PKI": 8.440601865972187,
            "LLC-load-misses-PKI": 2.798334133020626,
            "LLC-stores-PKI": 3.170198473955813,
            "LLC-store-misses-PKI": 1.2133050331290616
        },
        "150.007": {
            "instructions": 243437724757,
            "LLC-loads": 2073266979,
            "LLC-load-misses": 687750159,
            "LLC-stores": 771230662,
            "LLC-store-misses": 295137760,
            "CPU-utilization": 37.53,
            "user-CPU-utilization": 24.03,
            "sys-CPU-utilization": 10.57,
            "LLC-loads-PKI": 8.516621575680347,
            "LLC-load-misses-PKI": 2.8251585069097795,
            "LLC-stores-PKI": 3.1680819510198917,
            "LLC-store-misses-PKI": 1.2123747882322145
        },
        "180.009": {
            "instructions": 243044875127,
            "LLC-loads": 2057789604,
            "LLC-load-misses": 669188217,
            "LLC-stores": 771005893,
            "LLC-store-misses": 287043638,
            "CPU-utilization": 37.06,
            "user-CPU-utilization": 23.63,
            "sys-CPU-utilization": 10.46,
            "LLC-loads-PKI": 8.46670641758946,
            "LLC-load-misses-PKI": 2.7533525101087784,
            "LLC-stores-PKI": 3.172277928498269,
            "LLC-store-misses-PKI": 1.1810314364785885
        },
        "210.011": {
            "instructions": 241320853456,
            "LLC-loads": 2050487325,
            "LLC-load-misses": 671573941,
            "LLC-stores": 767872429,
            "LLC-store-misses": 291376093,
            "CPU-utilization": 36.94,
            "user-CPU-utilization": 23.62,
            "sys-CPU-utilization": 10.36,
            "LLC-loads-PKI": 8.496933835740245,
            "LLC-load-misses-PKI": 2.7829088592314632,
            "LLC-stores-PKI": 3.181956378834066,
            "LLC-store-misses-PKI": 1.207421939824718
        },
        "240.013": {
            "instructions": 241213928037,
            "LLC-loads": 2048186873,
            "LLC-load-misses": 670388836,
            "LLC-stores": 773858287,
            "LLC-store-misses": 291647769,
            "CPU-utilization": 37.03,
            "user-CPU-utilization": 23.66,
            "sys-CPU-utilization": 10.45,
            "LLC-loads-PKI": 8.491163382098843,
            "LLC-load-misses-PKI": 2.7792293813861715,
            "LLC-stores-PKI": 3.208182434976546,
            "LLC-store-misses-PKI": 1.2090834529060193
        },
        "270.014": {
            "instructions": 241370329349,
            "LLC-loads": 2045217282,
            "LLC-load-misses": 671168953,
            "LLC-stores": 770883741,
            "LLC-store-misses": 293736557,
            "CPU-utilization": 36.97,
            "user-CPU-utilization": 23.59,
            "sys-CPU-utilization": 10.48,
            "LLC-loads-PKI": 8.47335829352413,
            "LLC-load-misses-PKI": 2.780660550989055,
            "LLC-stores-PKI": 3.1937800436331623,
            "LLC-store-misses-PKI": 1.2169538724674112
        },
        "300.016": {
            "instructions": 242575370400,
            "LLC-loads": 2060007474,
            "LLC-load-misses": 673492901,
            "LLC-stores": 768064496,
            "LLC-store-misses": 291971105,
            "CPU-utilization": 37.03,
            "user-CPU-utilization": 23.72,
            "sys-CPU-utilization": 10.34,
            "LLC-loads-PKI": 8.492236745235534,
            "LLC-load-misses-PKI": 2.7764273837423357,
            "LLC-stores-PKI": 3.1662921702788007,
            "LLC-store-misses-PKI": 1.2036304614048319
        },
        "330.018": {
            "instructions": 244279024363,
            "LLC-loads": 1862670429,
            "LLC-load-misses": 623231027,
            "LLC-stores": 678864372,
            "LLC-store-misses": 259065440,
            "CPU-utilization": 34.0,
            "user-CPU-utilization": 22.17,
            "sys-CPU-utilization": 9.34,
            "LLC-loads-PKI": 7.625175488797029,
            "LLC-load-misses-PKI": 2.5513079914461883,
            "LLC-stores-PKI": 2.7790530675740857,
            "LLC-store-misses-PKI": 1.0605308444945616
        },
        "360.02": {
            "instructions": 244148211225,
            "LLC-loads": 1086860817,
            "LLC-load-misses": 360980776,
            "LLC-stores": 339524534,
            "LLC-store-misses": 126950114,
            "CPU-utilization": 21.64,
            "user-CPU-utilization": 15.56,
            "sys-CPU-utilization": 5.3,
            "LLC-loads-PKI": 4.451643579720436,
            "LLC-load-misses-PKI": 1.4785313158298359,
            "LLC-stores-PKI": 1.3906492793719627,
            "LLC-store-misses-PKI": 0.5199715097769299
        },
        "390.023": {
            "instructions": 180643433651,
            "LLC-loads": 836881944,
            "LLC-load-misses": 235432212,
            "LLC-stores": 225110461,
            "LLC-store-misses": 86419201,
            "CPU-utilization": 17.28,
            "user-CPU-utilization": 12.81,
            "sys-CPU-utilization": 3.92,
            "LLC-loads-PKI": 4.632783639491937,
            "LLC-load-misses-PKI": 1.3032979236591071,
            "LLC-stores-PKI": 1.2461591127353653,
            "LLC-store-misses-PKI": 0.4783965807855513
        },
        "420.025": {
            "instructions": 296228522210,
            "LLC-loads": 1907233380,
            "LLC-load-misses": 676052685,
            "LLC-stores": 559989310,
            "LLC-store-misses": 204907135,
            "CPU-utilization": 29.9,
            "user-CPU-utilization": 19.26,
            "sys-CPU-utilization": 9.24,
            "LLC-loads-PKI": 6.4383853579363945,
            "LLC-load-misses-PKI": 2.2821998366542773,
            "LLC-stores-PKI": 1.8903963258575647,
            "LLC-store-misses-PKI": 0.691719802911952
        },
        "450.027": {
            "instructions": 303705761080,
            "LLC-loads": 1866366572,
            "LLC-load-misses": 569546787,
            "LLC-stores": 503562367,
            "LLC-store-misses": 180196050,
            "CPU-utilization": 27.23,
            "user-CPU-utilization": 16.11,
            "sys-CPU-utilization": 10.25,
            "LLC-loads-PKI": 6.145311716719048,
            "LLC-load-misses-PKI": 1.8753242775989818,
            "LLC-stores-PKI": 1.6580599762391575,
            "LLC-store-misses-PKI": 0.5933244379665688
        },
        "480.028": {
            "instructions": 193984162100,
            "LLC-loads": 1182829672,
            "LLC-load-misses": 363076191,
            "LLC-stores": 341430409,
            "LLC-store-misses": 130183955,
            "CPU-utilization": 19.26,
            "user-CPU-utilization": 12.52,
            "sys-CPU-utilization": 5.93,
            "LLC-loads-PKI": 6.097557961408438,
            "LLC-load-misses-PKI": 1.8716795591427307,
            "LLC-stores-PKI": 1.760094253591644,
            "LLC-store-misses-PKI": 0.6711061026357883
        },
        "510.03": {
            "instructions": 264868435469,
            "LLC-loads": 1628363135,
            "LLC-load-misses": 404480994,
            "LLC-stores": 465257709,
            "LLC-store-misses": 149302671,
            "CPU-utilization": 24.45,
            "user-CPU-utilization": 14.72,
            "sys-CPU-utilization": 9.12,
            "LLC-loads-PKI": 6.147818754305975,
            "LLC-load-misses-PKI": 1.5271015335737887,
            "LLC-stores-PKI": 1.756561547910277,
            "LLC-store-misses-PKI": 0.5636861588872649
        },