{
    "Total-Time-Stats-Collected": [
        90.0,
        810.0
    ],
    "time": {
        "120.012": {
            "instructions": 30807789022,
            "LLC-loads": 206967061,
            "LLC-load-misses": 48022176,
            "LLC-stores": 97600301,
            "LLC-store-misses": 28056271,
            "CPU-utilization": 3.99,
            "user-CPU-utilization": 2.65,
            "sys-CPU-utilization": 1.11,
            "LLC-loads-PKI": 6.718010852781541,
            "LLC-load-misses-PKI": 1.5587673612574768,
            "LLC-stores-PKI": 3.1680397749511697,
            "LLC-store-misses-PKI": 0.9106875855312069
        },
        "150.016": {
            "instructions": 32122961575,
            "LLC-loads": 213746940,
            "LLC-load-misses": 52589961,
            "LLC-stores": 98164175,
            "LLC-store-misses": 28641779,
            "CPU-utilization": 4.17,
            "user-CPU-utilization": 2.76,
            "sys-CPU-utilization": 1.17,
            "LLC-loads-PKI": 6.654023462343229,
            "LLC-load-misses-PKI": 1.6371454692063212,
            "LLC-stores-PKI": 3.0558880684400287,
            "LLC-store-misses-PKI": 0.8916294636510332
        },
        "180.019": {
            "instructions": 31294970818,
            "LLC-loads": 208865428,
            "LLC-load-misses": 50852017,
            "LLC-stores": 97109408,
            "LLC-store-misses": 28823197,
            "CPU-utilization": 3.95,
            "user-CPU-utilization": 2.58,
            "sys-CPU-utilization": 1.16,
            "LLC-loads-PKI": 6.674089239919227,
            "LLC-load-misses-PKI": 1.6249261677135463,
            "LLC-stores-PKI": 3.103035582450371,
            "LLC-store-misses-PKI": 0.9210168997320711
        },
        "210.022": {
            "instructions": 30932345649,
            "LLC-loads": 208333889,
            "LLC-load-misses": 49862653,
            "LLC-stores": 98300616,
            "LLC-store-misses": 27719890,
            "CPU-utilization": 4.07,
            "user-CPU-utilization": 2.68,
            "sys-CPU-utilization": 1.18,
            "LLC-loads-PKI": 6.735146806001605,
            "LLC-load-misses-PKI": 1.611990683338688,
            "LLC-stores-PKI": 3.1779231072693617,
            "LLC-store-misses-PKI": 0.8961457470618994
        },
        "240.025": {
            "instructions": 31104074456,
            "LLC-loads": 209606673,
            "LLC-load-misses": 48442911,
            "LLC-stores": 98088106,
            "LLC-store-misses": 27724102,
            "CPU-utilization": 3.99,
            "user-CPU-utilization": 2.65,
            "sys-CPU-utilization": 1.12,
            "LLC-loads-PKI": 6.738881534524063,
            "LLC-load-misses-PKI": 1.5574458281511516,
            "LLC-stores-PKI": 3.153545241757828,
            "LLC-store-misses-PKI": 0.8913334501953649
        },
        "270.028": {
            "instructions": 31860608192,
            "LLC-loads": 210253763,
            "LLC-load-misses": 54052163,
            "LLC-stores": 97685864,
            "LLC-store-misses": 28813254,
            "CPU-utilization": 4.03,
            "user-CPU-utilization": 2.66,
            "sys-CPU-utilization": 1.14,
            "LLC-loads-PKI": 6.599176065094495,
            "LLC-load-misses-PKI": 1.696520125236409,
            "LLC-stores-PKI": 3.06603889703927,
            "LLC-store-misses-PKI": 0.9043535461207809
        },
        "300.032": {
            "instructions": 35810939450,
            "LLC-loads": 218447449,
            "LLC-load-misses": 54472600,
            "LLC-stores": 101532206,
            "LLC-store-misses": 31000590,
            "CPU-utilization": 4.3,
            "user-CPU-utilization": 2.91,
            "sys-CPU-utilization": 1.15,
            "LLC-loads-PKI": 6.10002005965247,
            "LLC-load-misses-PKI": 1.5211161962409787,
            "LLC-stores-PKI": 2.8352287753232903,
            "LLC-store-misses-PKI": 0.8656737431667685
        },
        "330.036": {
            "instructions": 31247408917,
            "LLC-loads": 207378578,
            "LLC-load-misses": 48170170,
            "LLC-stores": 98504849,
            "LLC-store-misses": 28222473,
            "CPU-utilization": 4.02,
            "user-CPU-utilization": 2.61,
            "sys-CPU-utilization": 1.19,
            "LLC-loads-PKI": 6.636664772776622,
            "LLC-load-misses-PKI": 1.5415732590164701,
            "LLC-stores-PKI": 3.1524165495337733,
            "LLC-store-misses-PKI": 0.903194024021803
        },
        "360.04": {
            "instructions": 31168716836,
            "LLC-loads": 207589966,
            "LLC-load-misses": 50453556,
            "LLC-stores": 98692330,
            "LLC-store-misses": 28032790,
            "CPU-utilization": 4.01,
            "user-CPU-utilization": 2.62,
            "sys-CPU-utilization": 1.16,
            "LLC-loads-PKI": 6.660202506643864,
            "LLC-load-misses-PKI": 1.6187241927690115,
            "LLC-stores-PKI": 3.1663905357184916,
            "LLC-store-misses-PKI": 0.899388644951274
        },
        "390.043": {
            "instructions": 33008187041,
            "LLC-loads": 213130885,
            "LLC-load-misses": 48533303,
            "LLC-stores": 99869345,
            "LLC-store-misses": 29098517,
            "CPU-utilization": 4.15,
            "user-CPU-utilization": 2.77,
            "sys-CPU-utilization": 1.16,
            "LLC-loads-PKI": 6.456909758032657,
            "LLC-load-misses-PKI": 1.4703413713608688,
            "LLC-stores-PKI": 3.0255931619616274,
            "LLC-store-misses-PKI": 0.8815545356628118
        },
        "420.046": {
            "instructions": 30983109867,
            "LLC-loads": 206771084,
            "LLC-load-misses": 50480676,
            "LLC-stores": 99984351,
            "LLC-store-misses": 27926196,
            "CPU-utilization": 3.99,
            "user-CPU-utilization": 2.62,
            "sys-CPU-utilization": 1.15,
            "LLC-loads-PKI": 6.673671070709114,
            "LLC-load-misses-PKI": 1.6292966140809122,
            "LLC-stores-PKI": 3.2270598861508404,
            "LLC-store-misses-PKI": 0.9013361189331124
        },
        "450.049": {
            "instructions": 31327263651,
            "LLC-loads": 208571236,
            "LLC-load-misses": 51463831,
            "LLC-stores": 99359014,
            "LLC-store-misses": 27885885,
            "CPU-utilization": 4.13,
            "user-CPU-utilization": 2.74,
            "sys-CPU-utilization": 1.16,
            "LLC-loads-PKI": 6.657818516279578,
            "LLC-load-misses-PKI": 1.642780919946617,
            "LLC-stores-PKI": 3.1716467517528733,
            "LLC-store-misses-PKI": 0.8901474865682962
        },
        "480.052": {
            "instructions": 33124983310,
            "LLC-loads": 213762125,
            "LLC-load-misses": 53177158,
            "LLC-stores": 101008670,
            "LLC-store-misses": 28977536,
            "CPU-utilization": 4.22,
            "user-CPU-utilization": 2.81,
            "sys-CPU-utilization": 1.2,
            "LLC-loads-PKI": 6.4531994778535635,
            "LLC-load-misses-PKI": 1.6053489748913023,
            "LLC-stores-PKI": 3.049319876019584,
            "LLC-store-misses-PKI": 0.8747939803867633
        },
        "510.055": {
            "instructions": 31487061056,
            "LLC-loads": 213536472,
            "LLC-load-misses": 51527313,
            "LLC-stores": 99595802,
            "LLC-store-misses": 28019255,
            "CPU-utilization": 4.1,
            "user-CPU-utilization": 2.65,
            "sys-CPU-utilization": 1.21,
            "LLC-loads-PKI": 6.781721279741657,
            "LLC-load-misses-PKI": 1.6364599067648216,
            "LLC-stores-PKI": 3.1630707554086435,
            "LLC-store-misses-PKI": 0.8898656800699031
        },
        "540.057": {
            "instructions": 31217735102,
            "LLC-loads": 209138899,
            "LLC-load-misses": 50652304,