{
    "Total-Time-Stats-Collected": [
        90.0,
        810.0
    ],
    "time": {
        "120.007": {
            "instructions": 46887815959,
            "LLC-loads": 371415588,
            "LLC-load-misses": 61372573,
            "LLC-stores": 101398414,
            "LLC-store-misses": 34708398,
            "CPU-utilization": 5.64,
            "user-CPU-utilization": 3.65,
            "sys-CPU-utilization": 1.56,
            "LLC-loads-PKI": 7.921366785878361,
            "LLC-load-misses-PKI": 1.3089236882704427,
            "LLC-stores-PKI": 2.162574901946074,
            "LLC-store-misses-PKI": 0.7402434361700699
        },
        "150.01": {
            "instructions": 45282271228,
            "LLC-loads": 365030701,
            "LLC-load-misses": 57169888,
            "LLC-stores": 101718790,
            "LLC-store-misses": 33182036,
            "CPU-utilization": 5.44,
            "user-CPU-utilization": 3.49,
            "sys-CPU-utilization": 1.54,
            "LLC-loads-PKI": 8.06122774103004,
            "LLC-load-misses-PKI": 1.2625225380622995,
            "LLC-stores-PKI": 2.2463270335500054,
            "LLC-store-misses-PKI": 0.7327820601781586
        },
        "180.013": {
            "instructions": 49132376187,
            "LLC-loads": 377116081,
            "LLC-load-misses": 64844909,
            "LLC-stores": 103872754,
            "LLC-store-misses": 37585191,
            "CPU-utilization": 5.7,
            "user-CPU-utilization": 3.71,
            "sys-CPU-utilization": 1.58,
            "LLC-loads-PKI": 7.675510737862127,
            "LLC-load-misses-PKI": 1.3197999777824179,
            "LLC-stores-PKI": 2.11414065553548,
            "LLC-store-misses-PKI": 0.7649780840427725
        },
        "210.015": {
            "instructions": 46132283534,
            "LLC-loads": 374481752,
            "LLC-load-misses": 66141205,
            "LLC-stores": 98190763,
            "LLC-store-misses": 36726036,
            "CPU-utilization": 5.6,
            "user-CPU-utilization": 3.64,
            "sys-CPU-utilization": 1.55,
            "LLC-loads-PKI": 8.117563738721124,
            "LLC-load-misses-PKI": 1.4337292657809408,
            "LLC-stores-PKI": 2.128460927533152,
            "LLC-store-misses-PKI": 0.7961027113026501
        },
        "240.018": {
            "instructions": 47088731336,
            "LLC-loads": 376631535,
            "LLC-load-misses": 63146231,
            "LLC-stores": 100361358,
            "LLC-store-misses": 35612182,
            "CPU-utilization": 5.61,
            "user-CPU-utilization": 3.63,
            "sys-CPU-utilization": 1.55,
            "LLC-loads-PKI": 7.998336848630702,
            "LLC-load-misses-PKI": 1.341005145146559,
            "LLC-stores-PKI": 2.1313243137487614,
            "LLC-store-misses-PKI": 0.7562782217658514
        },
        "270.022": {
            "instructions": 45376142606,
            "LLC-loads": 368242157,
            "LLC-load-misses": 60568951,
            "LLC-stores": 99113724,
            "LLC-store-misses": 36172364,
            "CPU-utilization": 5.49,
            "user-CPU-utilization": 3.55,
            "sys-CPU-utilization": 1.49,
            "LLC-loads-PKI": 8.11532527560657,
            "LLC-load-misses-PKI": 1.3348193019825154,
            "LLC-stores-PKI": 2.1842694929051634,
            "LLC-store-misses-PKI": 0.7971670116185018
        },
        "300.024": {
            "instructions": 46878259350,
            "LLC-loads": 378951183,
            "LLC-load-misses": 66035544,
            "LLC-stores": 100250283,
            "LLC-store-misses": 36047841,
            "CPU-utilization": 5.57,
            "user-CPU-utilization": 3.58,
            "sys-CPU-utilization": 1.56,
            "LLC-loads-PKI": 8.083729819631198,
            "LLC-load-misses-PKI": 1.40866032390343,
            "LLC-stores-PKI": 2.138524006437965,
            "LLC-store-misses-PKI": 0.7689671395616783
        },
        "330.027": {
            "instructions": 45574602954,
            "LLC-loads": 369442232,
            "LLC-load-misses": 59213728,
            "LLC-stores": 98931939,
            "LLC-store-misses": 36226479,
            "CPU-utilization": 5.54,
            "user-CPU-utilization": 3.63,
            "sys-CPU-utilization": 1.51,
            "LLC-loads-PKI": 8.10631816963695,
            "LLC-load-misses-PKI": 1.2992702988497,
            "LLC-stores-PKI": 2.1707690816276637,
            "LLC-store-misses-PKI": 0.794883041253582
        },
        "360.03": {
            "instructions": 46661327763,
            "LLC-loads": 373901416,
            "LLC-load-misses": 64476041,
            "LLC-stores": 97354889,
            "LLC-store-misses": 36138123,
            "CPU-utilization": 5.48,
            "user-CPU-utilization": 3.56,
            "sys-CPU-utilization": 1.49,
            "LLC-loads-PKI": 8.013089938183978,
            "LLC-load-misses-PKI": 1.3817875335113403,
            "LLC-stores-PKI": 2.0864148893164876,
            "LLC-store-misses-PKI": 0.7744769540967852
        },
        "390.032": {
            "instructions": 45445047828,
            "LLC-loads": 366505622,
            "LLC-load-misses": 60574752,
            "LLC-stores": 99866131,
            "LLC-store-misses": 35151732,
            "CPU-utilization": 5.45,
            "user-CPU-utilization": 3.53,
            "sys-CPU-utilization": 1.51,
            "LLC-loads-PKI": 8.0648088079288,
            "LLC-load-misses-PKI": 1.3329230553186513,
            "LLC-stores-PKI": 2.197514047690574,
            "LLC-store-misses-PKI": 0.7734997250534745
        },
        "420.035": {
            "instructions": 45487350456,
            "LLC-loads": 370835008,
            "LLC-load-misses": 64775997,
            "LLC-stores": 97438223,
            "LLC-store-misses": 37315477,
            "CPU-utilization": 5.55,
            "user-CPU-utilization": 3.58,
            "sys-CPU-utilization": 1.55,
            "LLC-loads-PKI": 8.152486444747082,
            "LLC-load-misses-PKI": 1.4240441870242133,
            "LLC-stores-PKI": 2.142094934596206,
            "LLC-store-misses-PKI": 0.8203484403008993
        },
        "450.038": {
            "instructions": 45771299426,
            "LLC-loads": 368090443,
            "LLC-load-misses": 59892211,
            "LLC-stores": 98363625,
            "LLC-store-misses": 36326731,
            "CPU-utilization": 5.52,
            "user-CPU-utilization": 3.59,
            "sys-CPU-utilization": 1.52,
            "LLC-loads-PKI": 8.041948723677907,
            "LLC-load-misses-PKI": 1.3085101745216945,
            "LLC-stores-PKI": 2.149024087879082,
            "LLC-store-misses-PKI": 0.7936574109880942
        },
        "480.042": {
            "instructions": 49157809027,
            "LLC-loads": 375529389,
            "LLC-load-misses": 63705144,
            "LLC-stores": 104575140,
            "LLC-store-misses": 37178689,
            "CPU-utilization": 5.74,
            "user-CPU-utilization": 3.78,
            "sys-CPU-utilization": 1.55,
            "LLC-loads-PKI": 7.639262132161747,
            "LLC-load-misses-PKI": 1.2959313130699102,
            "LLC-stores-PKI": 2.127335250897003,
            "LLC-store-misses-PKI": 0.756312979278217
        },
        "510.044": {
            "instructions": 46264740092,
            "LLC-loads": 374275533,
            "LLC-load-misses": 65399415,
            "LLC-stores": 98362245,
            "LLC-store-misses": 35698349,
            "CPU-utilization": 5.59,
            "user-CPU-utilization": 3.62,
            "sys-CPU-utilization": 1.55,
            "LLC-loads-PKI": 8.08986567860821,
            "LLC-load-misses-PKI": 1.413590887357189,
            "LLC-stores-PKI": 2.126073653594535,
            "LLC-store-misses-PKI": 0.7716102787784359
        },
        "540.046": {
            "instructions": 45041984909,
            "LLC-loads": 367880666,
            "LLC-load-misses": 63221367,