{
    "Total-Time-Stats-Collected": [
        90.0,
        810.0
    ],
    "time": {
        "120.004": {
            "instructions": 939791063923,
            "LLC-loads": 14904561718,
            "LLC-load-misses": 1229554818,
            "LLC-stores": 4697995576,
            "LLC-store-misses": 1939350822,
            "CPU-utilization": 83.83,
            "user-CPU-utilization": 8.58,
            "sys-CPU-utilization": 74.68,
            "LLC-loads-PKI": 15.85944183783086,
            "LLC-load-misses-PKI": 1.3083278456249945,
            "LLC-stores-PKI": 4.998978769162803,
            "LLC-store-misses-PKI": 2.0635978532340005
        },
        "150.005": {
            "instructions": 919132090908,
            "LLC-loads": 14544547830,
            "LLC-load-misses": 1234563124,
            "LLC-stores": 4528036041,
            "LLC-store-misses": 1877613156,
            "CPU-utilization": 82.36,
            "user-CPU-utilization": 9.42,
            "sys-CPU-utilization": 72.31,
            "LLC-loads-PKI": 15.824219362890059,
            "LLC-load-misses-PKI": 1.343183570905885,
            "LLC-stores-PKI": 4.926425794280347,
            "LLC-store-misses-PKI": 2.0428110111410946
        },
        "180.006": {
            "instructions": 930864013711,
            "LLC-loads": 14665667704,
            "LLC-load-misses": 1194270644,
            "LLC-stores": 4688496103,
            "LLC-store-misses": 1921613525,
            "CPU-utilization": 83.43,
            "user-CPU-utilization": 8.56,
            "sys-CPU-utilization": 74.32,
            "LLC-loads-PKI": 15.754898124736364,
            "LLC-load-misses-PKI": 1.282970043324479,
            "LLC-stores-PKI": 5.036714314810338,
            "LLC-store-misses-PKI": 2.0643332395451184
        },
        "210.007": {
            "instructions": 942485552718,
            "LLC-loads": 15020096174,
            "LLC-load-misses": 1273746516,
            "LLC-stores": 4612447008,
            "LLC-store-misses": 1918867029,
            "CPU-utilization": 83.67,
            "user-CPU-utilization": 9.1,
            "sys-CPU-utilization": 73.95,
            "LLC-loads-PKI": 15.93668585230202,
            "LLC-load-misses-PKI": 1.3514759057331844,
            "LLC-stores-PKI": 4.893917996618973,
            "LLC-store-misses-PKI": 2.035964395916997
        },
        "240.008": {
            "instructions": 914575673441,
            "LLC-loads": 14249691345,
            "LLC-load-misses": 1155583275,
            "LLC-stores": 4626962708,
            "LLC-store-misses": 1892401961,
            "CPU-utilization": 82.41,
            "user-CPU-utilization": 8.76,
            "sys-CPU-utilization": 73.02,
            "LLC-loads-PKI": 15.58065861448835,
            "LLC-load-misses-PKI": 1.2635184912061272,
            "LLC-stores-PKI": 5.059135993188527,
            "LLC-store-misses-PKI": 2.069158426092863
        },
        "270.009": {
            "instructions": 939432962674,
            "LLC-loads": 15113657386,
            "LLC-load-misses": 1269827232,
            "LLC-stores": 4617535379,
            "LLC-store-misses": 1925914220,
            "CPU-utilization": 83.53,
            "user-CPU-utilization": 8.4,
            "sys-CPU-utilization": 74.57,
            "LLC-loads-PKI": 16.088063743239875,
            "LLC-load-misses-PKI": 1.3516954188892483,
            "LLC-stores-PKI": 4.915236703911961,
            "LLC-store-misses-PKI": 2.050081588065722
        },
        "300.009": {
            "instructions": 911044745952,
            "LLC-loads": 14166998143,
            "LLC-load-misses": 1181329741,
            "LLC-stores": 4568921979,
            "LLC-store-misses": 1853932654,
            "CPU-utilization": 81.79,
            "user-CPU-utilization": 9.18,
            "sys-CPU-utilization": 72.01,
            "LLC-loads-PKI": 15.550276982494571,
            "LLC-load-misses-PKI": 1.296675872671396,
            "LLC-stores-PKI": 5.01503575900181,
            "LLC-store-misses-PKI": 2.034952357979657
        },
        "330.01": {
            "instructions": 944204203537,
            "LLC-loads": 15109561114,
            "LLC-load-misses": 1291279589,
            "LLC-stores": 4618473796,
            "LLC-store-misses": 1926310738,
            "CPU-utilization": 83.84,
            "user-CPU-utilization": 8.89,
            "sys-CPU-utilization": 74.36,
            "LLC-loads-PKI": 16.002429408171885,
            "LLC-load-misses-PKI": 1.367585088228639,
            "LLC-stores-PKI": 4.8913929621358845,
            "LLC-store-misses-PKI": 2.0401420908570596
        },
        "360.011": {
            "instructions": 916496396841,
            "LLC-loads": 14322155826,
            "LLC-load-misses": 1204684777,
            "LLC-stores": 4613269400,
            "LLC-store-misses": 1873417888,
            "CPU-utilization": 82.4,
            "user-CPU-utilization": 9.1,
            "sys-CPU-utilization": 72.68,
            "LLC-loads-PKI": 15.627072703576276,
            "LLC-load-misses-PKI": 1.314445731758831,
            "LLC-stores-PKI": 5.0335925115484565,
            "LLC-store-misses-PKI": 2.044108295959851
        },
        "390.012": {
            "instructions": 946559121248,
            "LLC-loads": 15395501740,
            "LLC-load-misses": 1316907486,
            "LLC-stores": 4602170643,
            "LLC-store-misses": 1935326238,
            "CPU-utilization": 84.04,
            "user-CPU-utilization": 8.56,
            "sys-CPU-utilization": 74.93,
            "LLC-loads-PKI": 16.26470169100653,
            "LLC-load-misses-PKI": 1.39125750989934,
            "LLC-stores-PKI": 4.862000206529332,
            "LLC-store-misses-PKI": 2.044590976471021
        },
        "420.013": {
            "instructions": 904161153157,
            "LLC-loads": 13992161124,
            "LLC-load-misses": 1173928100,
            "LLC-stores": 4547391423,
            "LLC-store-misses": 1846524800,
            "CPU-utilization": 81.74,
            "user-CPU-utilization": 9.51,
            "sys-CPU-utilization": 71.61,
            "LLC-loads-PKI": 15.475295609797538,
            "LLC-load-misses-PKI": 1.2983615762533842,
            "LLC-stores-PKI": 5.029403671151069,
            "LLC-store-misses-PKI": 2.0422518635672535
        },
        "450.014": {
            "instructions": 947739519665,
            "LLC-loads": 15570276253,
            "LLC-load-misses": 1318851975,
            "LLC-stores": 4589089950,
            "LLC-store-misses": 1937507171,
            "CPU-utilization": 83.97,
            "user-CPU-utilization": 8.35,
            "sys-CPU-utilization": 75.08,
            "LLC-loads-PKI": 16.428856167677452,
            "LLC-load-misses-PKI": 1.3915764275253375,
            "LLC-stores-PKI": 4.842142650780372,
            "LLC-store-misses-PKI": 2.0443456570058993
        },
        "480.015": {
            "instructions": 892551770455,
            "LLC-loads": 13730917379,
            "LLC-load-misses": 1149316018,
            "LLC-stores": 4448923161,
            "LLC-store-misses": 1800997109,
            "CPU-utilization": 80.23,
            "user-CPU-utilization": 9.54,
            "sys-CPU-utilization": 70.04,
            "LLC-loads-PKI": 15.383889017440781,
            "LLC-load-misses-PKI": 1.287674346793473,
            "LLC-stores-PKI": 4.9844987240707095,
            "LLC-store-misses-PKI": 2.017806886520317
        },
        "510.016": {
            "instructions": 951068203783,
            "LLC-loads": 15623154457,
            "LLC-load-misses": 1306888016,
            "LLC-stores": 4631022931,
            "LLC-store-misses": 1949229906,
            "CPU-utilization": 84.35,
            "user-CPU-utilization": 7.95,
            "sys-CPU-utilization": 75.88,
            "LLC-loads-PKI": 16.426954864915924,
            "LLC-load-misses-PKI": 1.3741264935592203,
            "LLC-stores-PKI": 4.869285833107964,