{
    "Total-Time-Stats-Collected": [
        90.0,
        810.0
    ],
    "time": {
        "120.002": {
            "instructions": 929383244181,
            "LLC-loads": 12304274770,
            "LLC-load-misses": 2349731838,
            "LLC-stores": 5375441198,
            "LLC-store-misses": 2022470274,
            "CPU-utilization": 92.52,
            "user-CPU-utilization": 5.19,
            "sys-CPU-utilization": 87.2,
            "LLC-loads-PKI": 13.239182917315118,
            "LLC-load-misses-PKI": 2.5282700680392116,
            "LLC-stores-PKI": 5.783880042658825,
            "LLC-store-misses-PKI": 2.1761423897654413
        },
        "150.003": {
            "instructions": 925812842652,
            "LLC-loads": 13299891713,
            "LLC-load-misses": 2345355664,
            "LLC-stores": 6009829060,
            "LLC-store-misses": 2273968325,
            "CPU-utilization": 97.77,
            "user-CPU-utilization": 2.6,
            "sys-CPU-utilization": 95.1,
            "LLC-loads-PKI": 14.36563752442916,
            "LLC-load-misses-PKI": 2.533293508093607,
            "LLC-stores-PKI": 6.491408180064543,
            "LLC-store-misses-PKI": 2.4561857648098675
        },
        "180.004": {
            "instructions": 950607568004,
            "LLC-loads": 13290763947,
            "LLC-load-misses": 2414928746,
            "LLC-stores": 5947891531,
            "LLC-store-misses": 2264412192,
            "CPU-utilization": 98.47,
            "user-CPU-utilization": 3.92,
            "sys-CPU-utilization": 94.46,
            "LLC-loads-PKI": 13.98133614158653,
            "LLC-load-misses-PKI": 2.5404055545977293,
            "LLC-stores-PKI": 6.256936859327604,
            "LLC-store-misses-PKI": 2.3820683405189045
        },
        "210.005": {
            "instructions": 978416247304,
            "LLC-loads": 13384254749,
            "LLC-load-misses": 2550378536,
            "LLC-stores": 5793420876,
            "LLC-store-misses": 2231680239,
            "CPU-utilization": 99.67,
            "user-CPU-utilization": 5.01,
            "sys-CPU-utilization": 94.56,
            "LLC-loads-PKI": 13.679509907853594,
            "LLC-load-misses-PKI": 2.606639600504898,
            "LLC-stores-PKI": 5.921223090850767,
            "LLC-store-misses-PKI": 2.2809108548118817
        },
        "240.006": {
            "instructions": 994424436048,
            "LLC-loads": 13387508975,
            "LLC-load-misses": 2534292406,
            "LLC-stores": 5716879284,
            "LLC-store-misses": 2211228485,
            "CPU-utilization": 99.53,
            "user-CPU-utilization": 6.15,
            "sys-CPU-utilization": 93.3,
            "LLC-loads-PKI": 13.462570397207935,
            "LLC-load-misses-PKI": 2.548501740435582,
            "LLC-stores-PKI": 5.748932826630631,
            "LLC-store-misses-PKI": 2.2236264565136508
        },
        "270.007": {
            "instructions": 982666804083,
            "LLC-loads": 14013613153,
            "LLC-load-misses": 2426496793,
            "LLC-stores": 5882462324,
            "LLC-store-misses": 2262428338,
            "CPU-utilization": 99.87,
            "user-CPU-utilization": 4.78,
            "sys-CPU-utilization": 94.96,
            "LLC-loads-PKI": 14.260798364993262,
            "LLC-load-misses-PKI": 2.4692976122912245,
            "LLC-stores-PKI": 5.986222694771262,
            "LLC-store-misses-PKI": 2.302335164472398
        },
        "300.008": {
            "instructions": 1017613592303,
            "LLC-loads": 16385635108,
            "LLC-load-misses": 2182894158,
            "LLC-stores": 5713692025,
            "LLC-store-misses": 2250346694,
            "CPU-utilization": 99.81,
            "user-CPU-utilization": 4.48,
            "sys-CPU-utilization": 95.23,
            "LLC-loads-PKI": 16.10202068047956,
            "LLC-load-misses-PKI": 2.145111046580863,
            "LLC-stores-PKI": 5.614795309552742,
            "LLC-store-misses-PKI": 2.211396065285601
        },
        "330.009": {
            "instructions": 1040740243683,
            "LLC-loads": 18288000482,
            "LLC-load-misses": 2187178872,
            "LLC-stores": 5650001718,
            "LLC-store-misses": 2271741816,
            "CPU-utilization": 99.89,
            "user-CPU-utilization": 3.4,
            "sys-CPU-utilization": 96.42,
            "LLC-loads-PKI": 17.57210849969818,
            "LLC-load-misses-PKI": 2.101560773954461,
            "LLC-stores-PKI": 5.428829866332083,
            "LLC-store-misses-PKI": 2.182813463579248
        },
        "360.009": {
            "instructions": 1008670657999,
            "LLC-loads": 15420912925,
            "LLC-load-misses": 2079420037,
            "LLC-stores": 5109241209,
            "LLC-store-misses": 2019138332,
            "CPU-utilization": 93.49,
            "user-CPU-utilization": 7.13,
            "sys-CPU-utilization": 86.21,
            "LLC-loads-PKI": 15.288352846103399,
            "LLC-load-misses-PKI": 2.0615450846217254,
            "LLC-stores-PKI": 5.065321538286549,
            "LLC-store-misses-PKI": 2.00178156862971
        },
        "390.01": {
            "instructions": 972408582745,
            "LLC-loads": 14006350746,
            "LLC-load-misses": 2100564919,
            "LLC-stores": 5393585791,
            "LLC-store-misses": 2109370260,
            "CPU-utilization": 94.7,
            "user-CPU-utilization": 5.92,
            "sys-CPU-utilization": 88.6,
            "LLC-loads-PKI": 14.403771207429749,
            "LLC-load-misses-PKI": 2.1601669876980534,
            "LLC-stores-PKI": 5.546625036745885,
            "LLC-store-misses-PKI": 2.1692221741250832
        },
        "420.011": {
            "instructions": 1018734995062,
            "LLC-loads": 14103736222,
            "LLC-load-misses": 2424191984,
            "LLC-stores": 5536005455,
            "LLC-store-misses": 2175600911,
            "CPU-utilization": 98.79,
            "user-CPU-utilization": 6.46,
            "sys-CPU-utilization": 92.15,
            "LLC-loads-PKI": 13.844362165198467,
            "LLC-load-misses-PKI": 2.3796100023563675,
            "LLC-stores-PKI": 5.434195823088496,
            "LLC-store-misses-PKI": 2.135590631072405
        },
        "450.012": {
            "instructions": 1009742079145,
            "LLC-loads": 15029141871,
            "LLC-load-misses": 2286399314,
            "LLC-stores": 5765705941,
            "LLC-store-misses": 2263943103,
            "CPU-utilization": 99.84,
            "user-CPU-utilization": 4.52,
            "sys-CPU-utilization": 95.18,
            "LLC-loads-PKI": 14.884139406892837,
            "LLC-load-misses-PKI": 2.264339935140675,
            "LLC-stores-PKI": 5.710077910075924,
            "LLC-store-misses-PKI": 2.242100383611819
        },
        "480.013": {
            "instructions": 1040957348700,
            "LLC-loads": 15837974306,
            "LLC-load-misses": 2274634286,
            "LLC-stores": 5561398580,
            "LLC-store-misses": 2197804501,
            "CPU-utilization": 99.8,
            "user-CPU-utilization": 6.32,
            "sys-CPU-utilization": 93.3,
            "LLC-loads-PKI": 15.214815790271581,
            "LLC-load-misses-PKI": 2.1851368731299874,
            "LLC-stores-PKI": 5.342580641700023,
            "LLC-store-misses-PKI": 2.1113300211048314
        },
        "510.014": {
            "instructions": 1033056286414,
            "LLC-loads": 16890538969,
            "LLC-load-misses": 2274801369,
            "LLC-stores": 5586136429,
            "LLC-store-misses": 2200974827,
            "CPU-utilization": 99.74,
            "user-CPU-utilization": 4.93,
            "sys-CPU-utilization": 94.67,
            "LLC-loads-PKI": 16.35006648827562,
            "LLC-load-misses-PKI": 2.202011060691002,
            "LLC-stores-PKI": 5.407388254120106,