{
    "Total-Time-Stats-Collected": [
        90.0,
        810.0
    ],
    "time": {
        "120.006": {
            "instructions": 107435684312,
            "LLC-loads": 747659600,
            "LLC-load-misses": 190367125,
            "LLC-stores": 224020411,
            "LLC-store-misses": 84362815,
            "CPU-utilization": 15.02,
            "user-CPU-utilization": 10.54,
            "sys-CPU-utilization": 3.61,
            "LLC-loads-PKI": 6.9591365735498965,
            "LLC-load-misses-PKI": 1.7719170889921627,
            "LLC-stores-PKI": 2.085158319924976,
            "LLC-store-misses-PKI": 0.7852401698769383
        },
        "150.008": {
            "instructions": 111332056631,
            "LLC-loads": 745480989,
            "LLC-load-misses": 192571027,
            "LLC-stores": 230886306,
            "LLC-store-misses": 84322020,
            "CPU-utilization": 15.17,
            "user-CPU-utilization": 10.72,
            "sys-CPU-utilization": 3.62,
            "LLC-loads-PKI": 6.696013812722684,
            "LLC-load-misses-PKI": 1.729699718368261,
            "LLC-stores-PKI": 2.073852877480308,
            "LLC-store-misses-PKI": 0.7573920984813717
        },
        "180.01": {
            "instructions": 106803468930,
            "LLC-loads": 736527264,
            "LLC-load-misses": 185697160,
            "LLC-stores": 227611044,
            "LLC-store-misses": 81267440,
            "CPU-utilization": 15.01,
            "user-CPU-utilization": 10.56,
            "sys-CPU-utilization": 3.6,
            "LLC-loads-PKI": 6.896098707081574,
            "LLC-load-misses-PKI": 1.7386809797508327,
            "LLC-stores-PKI": 2.13112033045648,
            "LLC-store-misses-PKI": 0.760906371433155
        },
        "210.012": {
            "instructions": 107797709634,
            "LLC-loads": 738569828,
            "LLC-load-misses": 183667313,
            "LLC-stores": 227682444,
            "LLC-store-misses": 81092454,
            "CPU-utilization": 14.93,
            "user-CPU-utilization": 10.48,
            "sys-CPU-utilization": 3.55,
            "LLC-loads-PKI": 6.851442674502344,
            "LLC-load-misses-PKI": 1.7038146137204226,
            "LLC-stores-PKI": 2.112126915989574,
            "LLC-store-misses-PKI": 0.7522650924154977
        },
        "240.014": {
            "instructions": 104582624400,
            "LLC-loads": 757732141,
            "LLC-load-misses": 183951466,
            "LLC-stores": 209751984,
            "LLC-store-misses": 83813106,
            "CPU-utilization": 14.6,
            "user-CPU-utilization": 10.09,
            "sys-CPU-utilization": 3.66,
            "LLC-loads-PKI": 7.245296676643735,
            "LLC-load-misses-PKI": 1.7589104027112175,
            "LLC-stores-PKI": 2.0056102550817227,
            "LLC-store-misses-PKI": 0.8014056491777998
        },
        "270.015": {
            "instructions": 101360812710,
            "LLC-loads": 752170423,
            "LLC-load-misses": 181771249,
            "LLC-stores": 207734093,
            "LLC-store-misses": 81347039,
            "CPU-utilization": 14.24,
            "user-CPU-utilization": 9.81,
            "sys-CPU-utilization": 3.58,
            "LLC-loads-PKI": 7.420722100482851,
            "LLC-load-misses-PKI": 1.7933089143637748,
            "LLC-stores-PKI": 2.0494517303678395,
            "LLC-store-misses-PKI": 0.8025491985027712
        },
        "300.018": {
            "instructions": 102424547323,
            "LLC-loads": 748514045,
            "LLC-load-misses": 178418819,
            "LLC-stores": 209028936,
            "LLC-store-misses": 79303691,
            "CPU-utilization": 14.25,
            "user-CPU-utilization": 9.87,
            "sys-CPU-utilization": 3.53,
            "LLC-loads-PKI": 7.307955607941623,
            "LLC-load-misses-PKI": 1.7419536982413888,
            "LLC-stores-PKI": 2.0408089804958447,
            "LLC-store-misses-PKI": 0.7742645007735555
        },
        "330.02": {
            "instructions": 102534178899,
            "LLC-loads": 753827044,
            "LLC-load-misses": 181096264,
            "LLC-stores": 207288620,
            "LLC-store-misses": 78940687,
            "CPU-utilization": 14.32,
            "user-CPU-utilization": 10.0,
            "sys-CPU-utilization": 3.51,
            "LLC-loads-PKI": 7.351958655099271,
            "LLC-load-misses-PKI": 1.766203874109009,
            "LLC-stores-PKI": 2.021653874111452,
            "LLC-store-misses-PKI": 0.7698963199164985
        },
        "360.022": {
            "instructions": 102342828429,
            "LLC-loads": 747696468,
            "LLC-load-misses": 179945701,
            "LLC-stores": 206693281,
            "LLC-store-misses": 79166576,
            "CPU-utilization": 14.23,
            "user-CPU-utilization": 9.78,
            "sys-CPU-utilization": 3.58,
            "LLC-loads-PKI": 7.305802267510243,
            "LLC-load-misses-PKI": 1.7582639034139722,
            "LLC-stores-PKI": 2.0196166568074947,
            "LLC-store-misses-PKI": 0.7735429752649601
        },
        "390.024": {
            "instructions": 100546327347,
            "LLC-loads": 740584165,
            "LLC-load-misses": 177032625,
            "LLC-stores": 207048927,
            "LLC-store-misses": 78416764,
            "CPU-utilization": 13.93,
            "user-CPU-utilization": 9.53,
            "sys-CPU-utilization": 3.58,
            "LLC-loads-PKI": 7.365601355523771,
            "LLC-load-misses-PKI": 1.7607070260163225,
            "LLC-stores-PKI": 2.0592390837453864,
            "LLC-store-misses-PKI": 0.7799067958929254
        },
        "420.026": {
            "instructions": 105021691777,
            "LLC-loads": 715537068,
            "LLC-load-misses": 178158673,
            "LLC-stores": 222203554,
            "LLC-store-misses": 76089080,
            "CPU-utilization": 14.3,
            "user-CPU-utilization": 9.98,
            "sys-CPU-utilization": 3.45,
            "LLC-loads-PKI": 6.813231208647357,
            "LLC-load-misses-PKI": 1.6963988104314385,
            "LLC-stores-PKI": 2.115787226812348,
            "LLC-store-misses-PKI": 0.7245082298004238
        },
        "450.029": {
            "instructions": 108268026491,
            "LLC-loads": 722377272,
            "LLC-load-misses": 183742297,
            "LLC-stores": 223840187,
            "LLC-store-misses": 80115653,
            "CPU-utilization": 14.63,
            "user-CPU-utilization": 10.26,
            "sys-CPU-utilization": 3.52,
            "LLC-loads-PKI": 6.672120065475185,
            "LLC-load-misses-PKI": 1.697105811892433,
            "LLC-stores-PKI": 2.067463444700427,
            "LLC-store-misses-PKI": 0.7399751856256452
        },
        "480.031": {
            "instructions": 103749820258,
            "LLC-loads": 734103078,
            "LLC-load-misses": 182560974,
            "LLC-stores": 214004870,
            "LLC-store-misses": 78743278,
            "CPU-utilization": 14.42,
            "user-CPU-utilization": 9.98,
            "sys-CPU-utilization": 3.56,
            "LLC-loads-PKI": 7.075704576397995,
            "LLC-load-misses-PKI": 1.7596268942540456,
            "LLC-stores-PKI": 2.0627011157014357,
            "LLC-store-misses-PKI": 0.7589726691013541
        },
        "510.032": {
            "instructions": 103825301276,
            "LLC-loads": 710952699,
            "LLC-load-misses": 181684177,
            "LLC-stores": 221545340,
            "LLC-store-misses": 76799314,
            "CPU-utilization": 14.16,
            "user-CPU-utilization": 9.77,
            "sys-CPU-utilization": 3.53,
            "LLC-loads-PKI": 6.84758618816878,
            "LLC-load-misses-PKI": 1.749902718962759,
            "LLC-stores-PKI": 2.1338280484355487,
            "LLC-store-misses-PKI": 0.7396974827536835
        },
        "540.034": {
            "instructions": 104103237179,