{
    "Total-Time-Stats-Collected": [
        90.0,
        810.0
    ],
    "time": {
        "120.005": {
            "instructions": 86855016780,
            "LLC-loads": 713146525,
            "LLC-load-misses": 187810069,
            "LLC-stores": 186420993,
            "LLC-store-misses": 84240118,
            "CPU-utilization": 10.81,
            "user-CPU-utilization": 6.89,
            "sys-CPU-utilization": 3.23,
            "LLC-loads-PKI": 8.210769526489981,
            "LLC-load-misses-PKI": 2.1623399080759467,
            "LLC-stores-PKI": 2.1463468652846656,
            "LLC-store-misses-PKI": 0.9698935205248601
        },
        "150.007": {
            "instructions": 83732363073,
            "LLC-loads": 698475369,
            "LLC-load-misses": 183268628,
            "LLC-stores": 183429944,
            "LLC-store-misses": 81944369,
            "CPU-utilization": 10.47,
            "user-CPU-utilization": 6.54,
            "sys-CPU-utilization": 3.21,
            "LLC-loads-PKI": 8.341761098884207,
            "LLC-load-misses-PKI": 2.188743053151644,
            "LLC-stores-PKI": 2.190669620061733,
            "LLC-store-misses-PKI": 0.9786463201636721
        },
        "180.009": {
            "instructions": 85437795220,
            "LLC-loads": 707195808,
            "LLC-load-misses": 185011050,
            "LLC-stores": 182674272,
            "LLC-store-misses": 83384868,
            "CPU-utilization": 10.69,
            "user-CPU-utilization": 6.77,
            "sys-CPU-utilization": 3.24,
            "LLC-loads-PKI": 8.277318090652855,
            "LLC-load-misses-PKI": 2.165447382198962,
            "LLC-stores-PKI": 2.1380967466402745,
            "LLC-store-misses-PKI": 0.9759716737222237
        },
        "210.011": {
            "instructions": 82948141081,
            "LLC-loads": 701451280,
            "LLC-load-misses": 186974000,
            "LLC-stores": 181099670,
            "LLC-store-misses": 82832884,
            "CPU-utilization": 10.61,
            "user-CPU-utilization": 6.6,
            "sys-CPU-utilization": 3.29,
            "LLC-loads-PKI": 8.456503917490124,
            "LLC-load-misses-PKI": 2.2541071754388966,
            "LLC-stores-PKI": 2.183287866851093,
            "LLC-store-misses-PKI": 0.998610492296778
        },
        "240.013": {
            "instructions": 83354414250,
            "LLC-loads": 697003204,
            "LLC-load-misses": 182395405,
            "LLC-stores": 183524640,
            "LLC-store-misses": 82196359,
            "CPU-utilization": 10.42,
            "user-CPU-utilization": 6.48,
            "sys-CPU-utilization": 3.22,
            "LLC-loads-PKI": 8.361923123945413,
            "LLC-load-misses-PKI": 2.1881913110558506,
            "LLC-stores-PKI": 2.2017387039583207,
            "LLC-store-misses-PKI": 0.9861068515636532
        },
        "270.014": {
            "instructions": 84333835540,
            "LLC-loads": 708604268,
            "LLC-load-misses": 188897353,
            "LLC-stores": 182673036,
            "LLC-store-misses": 82969182,
            "CPU-utilization": 10.65,
            "user-CPU-utilization": 6.77,
            "sys-CPU-utilization": 3.21,
            "LLC-loads-PKI": 8.402372113905635,
            "LLC-load-misses-PKI": 2.239876222757649,
            "LLC-stores-PKI": 2.1660705318372147,
            "LLC-store-misses-PKI": 0.983818433831902
        },
        "300.017": {
            "instructions": 85144332594,
            "LLC-loads": 709411747,
            "LLC-load-misses": 186503984,
            "LLC-stores": 182002428,
            "LLC-store-misses": 85037496,
            "CPU-utilization": 10.72,
            "user-CPU-utilization": 6.76,
            "sys-CPU-utilization": 3.22,
            "LLC-loads-PKI": 8.331872778693802,
            "LLC-load-misses-PKI": 2.190445075062373,
            "LLC-stores-PKI": 2.137575367087033,
            "LLC-store-misses-PKI": 0.9987452295326638
        },
        "330.019": {
            "instructions": 84122810668,
            "LLC-loads": 703430936,
            "LLC-load-misses": 183871282,
            "LLC-stores": 186407652,
            "LLC-store-misses": 81872307,
            "CPU-utilization": 10.79,
            "user-CPU-utilization": 6.74,
            "sys-CPU-utilization": 3.33,
            "LLC-loads-PKI": 8.361952369567968,
            "LLC-load-misses-PKI": 2.185748200041347,
            "LLC-stores-PKI": 2.215898999567174,
            "LLC-store-misses-PKI": 0.9732474028134668
        },
        "360.021": {
            "instructions": 106044513578,
            "LLC-loads": 751462871,
            "LLC-load-misses": 201635160,
            "LLC-stores": 203227551,
            "LLC-store-misses": 87716210,
            "CPU-utilization": 12.79,
            "user-CPU-utilization": 8.21,
            "sys-CPU-utilization": 3.85,
            "LLC-loads-PKI": 7.086296552695005,
            "LLC-load-misses-PKI": 1.9014200093594587,
            "LLC-stores-PKI": 1.9164362600477014,
            "LLC-store-misses-PKI": 0.8271640563043482
        },
        "390.023": {
            "instructions": 83980785226,
            "LLC-loads": 707154906,
            "LLC-load-misses": 188593247,
            "LLC-stores": 181360653,
            "LLC-store-misses": 82124490,
            "CPU-utilization": 10.73,
            "user-CPU-utilization": 6.75,
            "sys-CPU-utilization": 3.26,
            "LLC-loads-PKI": 8.42043693800887,
            "LLC-load-misses-PKI": 2.245671393670329,
            "LLC-stores-PKI": 2.1595493839685096,
            "LLC-store-misses-PKI": 0.977896191122713
        },
        "420.025": {
            "instructions": 100148130598,
            "LLC-loads": 738423715,
            "LLC-load-misses": 198395052,
            "LLC-stores": 200888785,
            "LLC-store-misses": 90289464,
            "CPU-utilization": 12.07,
            "user-CPU-utilization": 7.85,
            "sys-CPU-utilization": 3.52,
            "LLC-loads-PKI": 7.3733150143767805,
            "LLC-load-misses-PKI": 1.981016029109604,
            "LLC-stores-PKI": 2.0059164739317845,
            "LLC-store-misses-PKI": 0.9015591550323269
        },
        "450.027": {
            "instructions": 94250295313,
            "LLC-loads": 724040442,
            "LLC-load-misses": 191616356,
            "LLC-stores": 193081415,
            "LLC-store-misses": 86198034,
            "CPU-utilization": 11.6,
            "user-CPU-utilization": 7.31,
            "sys-CPU-utilization": 3.58,
            "LLC-loads-PKI": 7.682102635280896,
            "LLC-load-misses-PKI": 2.0330584149752813,
            "LLC-stores-PKI": 2.04860275884322,
            "LLC-store-misses-PKI": 0.9145651343981588
        },
        "480.029": {
            "instructions": 98003911535,
            "LLC-loads": 736433903,
            "LLC-load-misses": 195269523,
            "LLC-stores": 193809215,
            "LLC-store-misses": 88082839,
            "CPU-utilization": 11.92,
            "user-CPU-utilization": 7.75,
            "sys-CPU-utilization": 3.45,
            "LLC-loads-PKI": 7.514331739065317,
            "LLC-load-misses-PKI": 1.992466626500552,
            "LLC-stores-PKI": 1.977566119192959,
            "LLC-store-misses-PKI": 0.8987686064810086
        },
        "510.031": {
            "instructions": 92253834730,
            "LLC-loads": 724292727,
            "LLC-load-misses": 192422624,
            "LLC-stores": 188373721,
            "LLC-store-misses": 84939674,
            "CPU-utilization": 11.5,
            "user-CPU-utilization": 7.18,
            "sys-CPU-utilization": 3.63,
            "LLC-loads-PKI": 7.851085313903677,
            "LLC-load-misses-PKI": 2.0857953987838527,
            "LLC-stores-PKI": 2.0419066757638293,
            "LLC-store-misses-PKI": 0.9207170005300439
        },
        "540.033": {
            "instructions": 86280150538,
            "LLC-loads": 705760288,