{
    "Total-Time-Stats-Collected": [
        90.0,
        810.0
    ],
    "time": {
        "120.012": {
            "instructions": 20676541448,
            "LLC-loads": 184923070,
            "LLC-load-misses": 35899150,
            "LLC-stores": 47354889,
            "LLC-store-misses": 18863590,
            "CPU-utilization": 2.09,
            "user-CPU-utilization": 1.39,
            "sys-CPU-utilization": 0.63,
            "LLC-loads-PKI": 8.9436171162894,
            "LLC-load-misses-PKI": 1.7362260555172515,
            "LLC-stores-PKI": 2.2902712776744654,
            "LLC-store-misses-PKI": 0.9123184381411445
        },
        "150.017": {
            "instructions": 21988367977,
            "LLC-loads": 184673360,
            "LLC-load-misses": 37267209,
            "LLC-stores": 50020880,
            "LLC-store-misses": 18778747,
            "CPU-utilization": 2.14,
            "user-CPU-utilization": 1.46,
            "sys-CPU-utilization": 0.61,
            "LLC-loads-PKI": 8.39868425856661,
            "LLC-load-misses-PKI": 1.6948601660196783,
            "LLC-stores-PKI": 2.2748791566669353,
            "LLC-store-misses-PKI": 0.854030959443771
        },
        "180.021": {
            "instructions": 24436831472,
            "LLC-loads": 189887043,
            "LLC-load-misses": 37909676,
            "LLC-stores": 50787088,
            "LLC-store-misses": 20807200,
            "CPU-utilization": 2.21,
            "user-CPU-utilization": 1.53,
            "sys-CPU-utilization": 0.59,
            "LLC-loads-PKI": 7.770526355578248,
            "LLC-load-misses-PKI": 1.5513335287939167,
            "LLC-stores-PKI": 2.0783008655681248,
            "LLC-store-misses-PKI": 0.8514688176264229
        },
        "210.025": {
            "instructions": 21209495965,
            "LLC-loads": 182849466,
            "LLC-load-misses": 35281542,
            "LLC-stores": 49441451,
            "LLC-store-misses": 18674423,
            "CPU-utilization": 2.13,
            "user-CPU-utilization": 1.47,
            "sys-CPU-utilization": 0.58,
            "LLC-loads-PKI": 8.621113217482346,
            "LLC-load-misses-PKI": 1.6634785691381706,
            "LLC-stores-PKI": 2.3310997621814535,
            "LLC-store-misses-PKI": 0.8804746247066225
        },
        "240.027": {
            "instructions": 20761822795,
            "LLC-loads": 183422428,
            "LLC-load-misses": 34172590,
            "LLC-stores": 47688186,
            "LLC-store-misses": 18438665,
            "CPU-utilization": 2.05,
            "user-CPU-utilization": 1.36,
            "sys-CPU-utilization": 0.6,
            "LLC-loads-PKI": 8.834601364778676,
            "LLC-load-misses-PKI": 1.6459339980605976,
            "LLC-stores-PKI": 2.296917109391984,
            "LLC-store-misses-PKI": 0.8881043433450613
        },
        "270.029": {
            "instructions": 21920335477,
            "LLC-loads": 190588453,
            "LLC-load-misses": 36730100,
            "LLC-stores": 48474275,
            "LLC-store-misses": 18755894,
            "CPU-utilization": 2.19,
            "user-CPU-utilization": 1.48,
            "sys-CPU-utilization": 0.63,
            "LLC-loads-PKI": 8.69459562788059,
            "LLC-load-misses-PKI": 1.6756176035051655,
            "LLC-stores-PKI": 2.2113838107478707,
            "LLC-store-misses-PKI": 0.8556390033208979
        },
        "300.033": {
            "instructions": 23025114224,
            "LLC-loads": 184842577,
            "LLC-load-misses": 32825755,
            "LLC-stores": 48522727,
            "LLC-store-misses": 17833939,
            "CPU-utilization": 2.18,
            "user-CPU-utilization": 1.48,
            "sys-CPU-utilization": 0.63,
            "LLC-loads-PKI": 8.027867970675741,
            "LLC-load-misses-PKI": 1.4256500393724172,
            "LLC-stores-PKI": 2.107382683444967,
            "LLC-store-misses-PKI": 0.7745429111231497
        },
        "330.037": {
            "instructions": 20815460241,
            "LLC-loads": 184364876,
            "LLC-load-misses": 34484689,
            "LLC-stores": 47382780,
            "LLC-store-misses": 18854241,
            "CPU-utilization": 2.14,
            "user-CPU-utilization": 1.42,
            "sys-CPU-utilization": 0.65,
            "LLC-loads-PKI": 8.8571126396167,
            "LLC-load-misses-PKI": 1.656686357195017,
            "LLC-stores-PKI": 2.27632631954352,
            "LLC-store-misses-PKI": 0.9057806448527616
        },
        "360.041": {
            "instructions": 20989621382,
            "LLC-loads": 181323169,
            "LLC-load-misses": 33975371,
            "LLC-stores": 48541033,
            "LLC-store-misses": 18893798,
            "CPU-utilization": 2.08,
            "user-CPU-utilization": 1.4,
            "sys-CPU-utilization": 0.62,
            "LLC-loads-PKI": 8.638706039523738,
            "LLC-load-misses-PKI": 1.6186747908247714,
            "LLC-stores-PKI": 2.3126207050893814,
            "LLC-store-misses-PKI": 0.9001495384858487
        },
        "390.045": {
            "instructions": 30966730725,
            "LLC-loads": 188584358,
            "LLC-load-misses": 36299945,
            "LLC-stores": 48575779,
            "LLC-store-misses": 19035909,
            "CPU-utilization": 2.51,
            "user-CPU-utilization": 1.76,
            "sys-CPU-utilization": 0.68,
            "LLC-loads-PKI": 6.089902084747759,
            "LLC-load-misses-PKI": 1.1722240013762382,
            "LLC-stores-PKI": 1.5686440855309243,
            "LLC-store-misses-PKI": 0.6147213010326584
        },
        "420.047": {
            "instructions": 96944344177,
            "LLC-loads": 173851065,
            "LLC-load-misses": 33366150,
            "LLC-stores": 46373635,
            "LLC-store-misses": 17741634,
            "CPU-utilization": 4.52,
            "user-CPU-utilization": 3.44,
            "sys-CPU-utilization": 1.02,
            "LLC-loads-PKI": 1.7933079693910199,
            "LLC-load-misses-PKI": 0.3441784075518673,
            "LLC-stores-PKI": 0.4783531766982867,
            "LLC-store-misses-PKI": 0.18300844830728347
        },
        "450.049": {
            "instructions": 96766594391,
            "LLC-loads": 169990335,
            "LLC-load-misses": 29019912,
            "LLC-stores": 48326854,
            "LLC-store-misses": 16836328,
            "CPU-utilization": 4.54,
            "user-CPU-utilization": 3.46,
            "sys-CPU-utilization": 1.02,
            "LLC-loads-PKI": 1.7567047395832538,
            "LLC-load-misses-PKI": 0.2998959732192359,
            "LLC-stores-PKI": 0.49941670784370146,
            "LLC-store-misses-PKI": 0.1739890517586088
        },
        "480.052": {
            "instructions": 99692670181,
            "LLC-loads": 177941867,
            "LLC-load-misses": 33783847,
            "LLC-stores": 51141583,
            "LLC-store-misses": 19191574,
            "CPU-utilization": 4.71,
            "user-CPU-utilization": 3.6,
            "sys-CPU-utilization": 1.06,
            "LLC-loads-PKI": 1.7849042128867885,
            "LLC-load-misses-PKI": 0.33887994913430175,
            "LLC-stores-PKI": 0.5129924086409601,
            "LLC-store-misses-PKI": 0.19250737255964923
        },
        "510.054": {
            "instructions": 86892437589,
            "LLC-loads": 182996406,
            "LLC-load-misses": 32828359,
            "LLC-stores": 49872828,
            "LLC-store-misses": 17432318,
            "CPU-utilization": 4.26,
            "user-CPU-utilization": 3.19,
            "sys-CPU-utilization": 1.02,
            "LLC-loads-PKI": 2.1060107309403655,
            "LLC-load-misses-PKI": 0.37780455826636694,
            "LLC-stores-PKI": 0.573960512373905,
            "LLC-store-misses-PKI": 0.20061950710204055
        },
        "540.057": {
            "instructions": 20840251208,
            "LLC-loads": 189430994,