{
    "Total-Time-Stats-Collected": [
        90.0,
        810.0
    ],
    "time": {
        "120.004": {
            "instructions": 203394394408,
            "LLC-loads": 1699625173,
            "LLC-load-misses": 562285965,
            "LLC-stores": 636375634,
            "LLC-store-misses": 249052322,
            "CPU-utilization": 32.03,
            "user-CPU-utilization": 20.41,
            "sys-CPU-utilization": 9.13,
            "LLC-loads-PKI": 8.356302925392468,
            "LLC-load-misses-PKI": 2.7645106279186815,
            "LLC-stores-PKI": 3.1287766600069573,
            "LLC-store-misses-PKI": 1.2244797735202686
        },
        "150.006": {
            "instructions": 206712531884,
            "LLC-loads": 1708752680,
            "LLC-load-misses": 576042474,
            "LLC-stores": 637405538,
            "LLC-store-misses": 253041696,
            "CPU-utilization": 31.96,
            "user-CPU-utilization": 20.28,
            "sys-CPU-utilization": 9.24,
            "LLC-loads-PKI": 8.266323596475969,
            "LLC-load-misses-PKI": 2.786683849062694,
            "LLC-stores-PKI": 3.0835360207270366,
            "LLC-store-misses-PKI": 1.2241236353391403
        },
        "180.008": {
            "instructions": 204786644578,
            "LLC-loads": 1697817271,
            "LLC-load-misses": 559917413,
            "LLC-stores": 636616805,
            "LLC-store-misses": 248667831,
            "CPU-utilization": 31.88,
            "user-CPU-utilization": 20.09,
            "sys-CPU-utilization": 9.28,
            "LLC-loads-PKI": 8.290664044516479,
            "LLC-load-misses-PKI": 2.734150042615383,
            "LLC-stores-PKI": 3.1086832166807765,
            "LLC-store-misses-PKI": 1.2142775790502607
        },
        "210.009": {
            "instructions": 203886409147,
            "LLC-loads": 1697935803,
            "LLC-load-misses": 561664871,
            "LLC-stores": 635757617,
            "LLC-store-misses": 245430515,
            "CPU-utilization": 31.93,
            "user-CPU-utilization": 20.29,
            "sys-CPU-utilization": 9.17,
            "LLC-loads-PKI": 8.327851817605978,
            "LLC-load-misses-PKI": 2.754793089690669,
            "LLC-stores-PKI": 3.1181951737725946,
            "LLC-store-misses-PKI": 1.203761035504074
        },
        "240.011": {
            "instructions": 202135760449,
            "LLC-loads": 1682627280,
            "LLC-load-misses": 552547027,
            "LLC-stores": 635803047,
            "LLC-store-misses": 241637205,
            "CPU-utilization": 31.82,
            "user-CPU-utilization": 20.22,
            "sys-CPU-utilization": 9.14,
            "LLC-loads-PKI": 8.32424345035443,
            "LLC-load-misses-PKI": 2.733544157513933,
            "LLC-stores-PKI": 3.1454258543253495,
            "LLC-store-misses-PKI": 1.1954203672979795
        },
        "270.012": {
            "instructions": 203585875939,
            "LLC-loads": 1692464206,
            "LLC-load-misses": 560193951,
            "LLC-stores": 634426082,
            "LLC-store-misses": 246397471,
            "CPU-utilization": 31.73,
            "user-CPU-utilization": 20.15,
            "sys-CPU-utilization": 9.14,
            "LLC-loads-PKI": 8.313269268773388,
            "LLC-load-misses-PKI": 2.7516346525328195,
            "LLC-stores-PKI": 3.1162578399598395,
            "LLC-store-misses-PKI": 1.210287648214985
        },
        "300.013": {
            "instructions": 202844399735,
            "LLC-loads": 1687169266,
            "LLC-load-misses": 562949752,
            "LLC-stores": 638555005,
            "LLC-store-misses": 243976462,
            "CPU-utilization": 31.6,
            "user-CPU-utilization": 20.12,
            "sys-CPU-utilization": 8.95,
            "LLC-loads-PKI": 8.317554086798314,
            "LLC-load-misses-PKI": 2.775278749304634,
            "LLC-stores-PKI": 3.1480041146525175,
            "LLC-store-misses-PKI": 1.2027764252734399
        },
        "330.015": {
            "instructions": 203393171652,
            "LLC-loads": 1694436199,
            "LLC-load-misses": 561608944,
            "LLC-stores": 630298555,
            "LLC-store-misses": 245739379,
            "CPU-utilization": 31.71,
            "user-CPU-utilization": 20.14,
            "sys-CPU-utilization": 9.1,
            "LLC-loads-PKI": 8.33084112528189,
            "LLC-load-misses-PKI": 2.761198615659021,
            "LLC-stores-PKI": 3.098916988611708,
            "LLC-store-misses-PKI": 1.2081987659863684
        },
        "360.017": {
            "instructions": 209120480134,
            "LLC-loads": 1682182623,
            "LLC-load-misses": 558657147,
            "LLC-stores": 636020695,
            "LLC-store-misses": 245671975,
            "CPU-utilization": 31.63,
            "user-CPU-utilization": 20.13,
            "sys-CPU-utilization": 9.04,
            "LLC-loads-PKI": 8.044083592014005,
            "LLC-load-misses-PKI": 2.6714607131832535,
            "LLC-stores-PKI": 3.0414079701445376,
            "LLC-store-misses-PKI": 1.1747867776631853
        },
        "390.019": {
            "instructions": 203544260512,
            "LLC-loads": 1683419382,
            "LLC-load-misses": 548020271,
            "LLC-stores": 633207481,
            "LLC-store-misses": 241938481,
            "CPU-utilization": 31.63,
            "user-CPU-utilization": 19.87,
            "sys-CPU-utilization": 9.2,
            "LLC-loads-PKI": 8.270532304696223,
            "LLC-load-misses-PKI": 2.692388719885773,
            "LLC-stores-PKI": 3.1109080619970078,
            "LLC-store-misses-PKI": 1.1886283621627174
        },
        "420.021": {
            "instructions": 203579971472,
            "LLC-loads": 1681503239,
            "LLC-load-misses": 550569433,
            "LLC-stores": 635549664,
            "LLC-store-misses": 240283085,
            "CPU-utilization": 31.45,
            "user-CPU-utilization": 19.86,
            "sys-CPU-utilization": 9.04,
            "LLC-loads-PKI": 8.25966929281779,
            "LLC-load-misses-PKI": 2.7044381086168108,
            "LLC-stores-PKI": 3.121867339918614,
            "LLC-store-misses-PKI": 1.1802884304512642
        },
        "450.023": {
            "instructions": 206003854815,
            "LLC-loads": 1692718192,
            "LLC-load-misses": 554185800,
            "LLC-stores": 631836194,
            "LLC-store-misses": 243836090,
            "CPU-utilization": 31.66,
            "user-CPU-utilization": 20.0,
            "sys-CPU-utilization": 9.17,
            "LLC-loads-PKI": 8.21692484114014,
            "LLC-load-misses-PKI": 2.690171989731366,
            "LLC-stores-PKI": 3.0671085964260962,
            "LLC-store-misses-PKI": 1.1836481905592249
        },
        "480.025": {
            "instructions": 201731109852,
            "LLC-loads": 1678236918,
            "LLC-load-misses": 557791030,
            "LLC-stores": 631310144,
            "LLC-store-misses": 242365690,
            "CPU-utilization": 31.47,
            "user-CPU-utilization": 19.98,
            "sys-CPU-utilization": 9.02,
            "LLC-loads-PKI": 8.319177539008427,
            "LLC-load-misses-PKI": 2.765022362734351,
            "LLC-stores-PKI": 3.129463494565417,
            "LLC-store-misses-PKI": 1.2014294184858823
        },
        "510.027": {
            "instructions": 200501544825,
            "LLC-loads": 1682473747,
            "LLC-load-misses": 558365271,
            "LLC-stores": 627878526,
            "LLC-store-misses": 244108665,
            "CPU-utilization": 31.52,
            "user-CPU-utilization": 19.94,
            "sys-CPU-utilization": 9.11,
            "LLC-loads-PKI": 8.391325605338762,
            "LLC-load-misses-PKI": 2.7848427376823826,
            "LLC-stores-PKI": 3.131539592615206,
            "LLC-store-misses-PKI": 1.2174901954648818
        },