{
    "Total-Time-Stats-Collected": [
        90.0,
        810.0
    ],
    "time": {
        "120.002": {
            "instructions": 1050259727464,
            "LLC-loads": 16379179285,
            "LLC-load-misses": 2318630222,
            "LLC-stores": 5516869481,
            "LLC-store-misses": 2191696716,
            "CPU-utilization": 98.93,
            "user-CPU-utilization": 5.83,
            "sys-CPU-utilization": 92.88,
            "LLC-loads-PKI": 15.59536070620344,
            "LLC-load-misses-PKI": 2.207673170139218,
            "LLC-stores-PKI": 5.2528620651972044,
            "LLC-store-misses-PKI": 2.0868140124654313
        },
        "150.003": {
            "instructions": 1036778237648,
            "LLC-loads": 15403046869,
            "LLC-load-misses": 2375719675,
            "LLC-stores": 5040085320,
            "LLC-store-misses": 2004546925,
            "CPU-utilization": 95.34,
            "user-CPU-utilization": 10.42,
            "sys-CPU-utilization": 84.32,
            "LLC-loads-PKI": 14.856645625532062,
            "LLC-load-misses-PKI": 2.2914443887146754,
            "LLC-stores-PKI": 4.861295440993985,
            "LLC-store-misses-PKI": 1.9334384656331591
        },
        "180.004": {
            "instructions": 1043281958462,
            "LLC-loads": 16482852949,
            "LLC-load-misses": 2377207802,
            "LLC-stores": 5230105434,
            "LLC-store-misses": 2094969465,
            "CPU-utilization": 97.14,
            "user-CPU-utilization": 8.35,
            "sys-CPU-utilization": 88.33,
            "LLC-loads-PKI": 15.79903957440127,
            "LLC-load-misses-PKI": 2.278586131695851,
            "LLC-stores-PKI": 5.013127459531832,
            "LLC-store-misses-PKI": 2.0080568325828154
        },
        "210.005": {
            "instructions": 1034315852347,
            "LLC-loads": 14301504935,
            "LLC-load-misses": 2115708825,
            "LLC-stores": 4729304874,
            "LLC-store-misses": 1853049475,
            "CPU-utilization": 90.72,
            "user-CPU-utilization": 9.78,
            "sys-CPU-utilization": 80.63,
            "LLC-loads-PKI": 13.827018992842454,
            "LLC-load-misses-PKI": 2.0455152265134253,
            "LLC-stores-PKI": 4.572399101559334,
            "LLC-store-misses-PKI": 1.7915702159985123
        },
        "240.006": {
            "instructions": 991990711175,
            "LLC-loads": 15786886995,
            "LLC-load-misses": 2074673783,
            "LLC-stores": 5429363019,
            "LLC-store-misses": 2098303133,
            "CPU-utilization": 95.2,
            "user-CPU-utilization": 5.28,
            "sys-CPU-utilization": 89.77,
            "LLC-loads-PKI": 15.914349617548979,
            "LLC-load-misses-PKI": 2.0914246067310205,
            "LLC-stores-PKI": 5.4731994542257265,
            "LLC-store-misses-PKI": 2.115244739050618
        },
        "270.007": {
            "instructions": 1045445306835,
            "LLC-loads": 17815276253,
            "LLC-load-misses": 2224879746,
            "LLC-stores": 5522708767,
            "LLC-store-misses": 2220558117,
            "CPU-utilization": 97.44,
            "user-CPU-utilization": 4.18,
            "sys-CPU-utilization": 93.15,
            "LLC-loads-PKI": 17.04084961358169,
            "LLC-load-misses-PKI": 2.1281646504642517,
            "LLC-stores-PKI": 5.282637676876228,
            "LLC-store-misses-PKI": 2.124030881847428
        },
        "300.008": {
            "instructions": 949193844010,
            "LLC-loads": 12980056356,
            "LLC-load-misses": 1902857273,
            "LLC-stores": 4423905080,
            "LLC-store-misses": 1723848804,
            "CPU-utilization": 85.46,
            "user-CPU-utilization": 9.0,
            "sys-CPU-utilization": 76.2,
            "LLC-loads-PKI": 13.67482146867279,
            "LLC-load-misses-PKI": 2.004708822131755,
            "LLC-stores-PKI": 4.66069718837472,
            "LLC-store-misses-PKI": 1.8161188200687897
        },
        "330.009": {
            "instructions": 990433945684,
            "LLC-loads": 14014007757,
            "LLC-load-misses": 2146677683,
            "LLC-stores": 5447082299,
            "LLC-store-misses": 2107091809,
            "CPU-utilization": 95.01,
            "user-CPU-utilization": 6.32,
            "sys-CPU-utilization": 88.44,
            "LLC-loads-PKI": 14.14936131588446,
            "LLC-load-misses-PKI": 2.167411256807733,
            "LLC-stores-PKI": 5.499692657684719,
            "LLC-store-misses-PKI": 2.1274430447199877
        },
        "360.01": {
            "instructions": 1030354338396,
            "LLC-loads": 14382972796,
            "LLC-load-misses": 2354475931,
            "LLC-stores": 5603650297,
            "LLC-store-misses": 2197739538,
            "CPU-utilization": 99.01,
            "user-CPU-utilization": 6.97,
            "sys-CPU-utilization": 91.81,
            "LLC-loads-PKI": 13.959249027272149,
            "LLC-load-misses-PKI": 2.285112842505541,
            "LLC-stores-PKI": 5.438566217640681,
            "LLC-store-misses-PKI": 2.1329939187923666
        },
        "390.01": {
            "instructions": 1056730087199,
            "LLC-loads": 14447013257,
            "LLC-load-misses": 2388133534,
            "LLC-stores": 5494626793,
            "LLC-store-misses": 2165609280,
            "CPU-utilization": 99.41,
            "user-CPU-utilization": 7.67,
            "sys-CPU-utilization": 91.49,
            "LLC-loads-PKI": 13.671431742133585,
            "LLC-load-misses-PKI": 2.259927641816329,
            "LLC-stores-PKI": 5.199650184622092,
            "LLC-store-misses-PKI": 2.0493495039402427
        },
        "420.011": {
            "instructions": 1070799605388,
            "LLC-loads": 14919840209,
            "LLC-load-misses": 2369560773,
            "LLC-stores": 5390815614,
            "LLC-store-misses": 2139854650,
            "CPU-utilization": 99.53,
            "user-CPU-utilization": 8.99,
            "sys-CPU-utilization": 90.26,
            "LLC-loads-PKI": 13.933363566746792,
            "LLC-load-misses-PKI": 2.212889098087965,
            "LLC-stores-PKI": 5.034383265435235,
            "LLC-store-misses-PKI": 1.9983707868706508
        },
        "450.012": {
            "instructions": 1047419547663,
            "LLC-loads": 16719513519,
            "LLC-load-misses": 2343007246,
            "LLC-stores": 5573795040,
            "LLC-store-misses": 2186139407,
            "CPU-utilization": 99.83,
            "user-CPU-utilization": 5.98,
            "sys-CPU-utilization": 93.69,
            "LLC-loads-PKI": 15.962575413361854,
            "LLC-load-misses-PKI": 2.2369328997417623,
            "LLC-stores-PKI": 5.321454093955223,
            "LLC-store-misses-PKI": 2.0871668968539963
        },
        "480.013": {
            "instructions": 1045935221062,
            "LLC-loads": 17049664681,
            "LLC-load-misses": 2334411717,
            "LLC-stores": 5432281429,
            "LLC-store-misses": 2142478500,
            "CPU-utilization": 98.47,
            "user-CPU-utilization": 6.45,
            "sys-CPU-utilization": 91.73,
            "LLC-loads-PKI": 16.300880147901,
            "LLC-load-misses-PKI": 2.2318893847266503,
            "LLC-stores-PKI": 5.193707334460238,
            "LLC-store-misses-PKI": 2.048385461027514
        },
        "510.014": {
            "instructions": 1055742684200,
            "LLC-loads": 16603734559,
            "LLC-load-misses": 2357064221,
            "LLC-stores": 5244606728,
            "LLC-store-misses": 2070674018,
            "CPU-utilization": 97.51,
            "user-CPU-utilization": 8.39,
            "sys-CPU-utilization": 88.81,
            "LLC-loads-PKI": 15.727065702171219,
            "LLC-load-misses-PKI": 2.2326124123569846,
            "LLC-stores-PKI": 4.967694123283606,