{
    "Total-Time-Stats-Collected": [
        90.0,
        810.0
    ],
    "time": {
        "120.005": {
            "instructions": 76271650750,
            "LLC-loads": 539975824,
            "LLC-load-misses": 85449219,
            "LLC-stores": 166651800,
            "LLC-store-misses": 53065725,
            "CPU-utilization": 9.99,
            "user-CPU-utilization": 6.8,
            "sys-CPU-utilization": 2.55,
            "LLC-loads-PKI": 7.0796399276830915,
            "LLC-load-misses-PKI": 1.1203273845492325,
            "LLC-stores-PKI": 2.1849769653766145,
            "LLC-store-misses-PKI": 0.6957463812332658
        },
        "150.008": {
            "instructions": 76136506878,
            "LLC-loads": 544843913,
            "LLC-load-misses": 88442108,
            "LLC-stores": 163866125,
            "LLC-store-misses": 55848223,
            "CPU-utilization": 9.99,
            "user-CPU-utilization": 6.81,
            "sys-CPU-utilization": 2.54,
            "LLC-loads-PKI": 7.156145393865387,
            "LLC-load-misses-PKI": 1.161625501702072,
            "LLC-stores-PKI": 2.1522674432986086,
            "LLC-store-misses-PKI": 0.7335275190585031
        },
        "180.01": {
            "instructions": 74017897721,
            "LLC-loads": 528852586,
            "LLC-load-misses": 77818623,
            "LLC-stores": 163916106,
            "LLC-store-misses": 50692115,
            "CPU-utilization": 9.66,
            "user-CPU-utilization": 6.53,
            "sys-CPU-utilization": 2.47,
            "LLC-loads-PKI": 7.144928487342819,
            "LLC-load-misses-PKI": 1.051348733158111,
            "LLC-stores-PKI": 2.2145469007760608,
            "LLC-store-misses-PKI": 0.6848629393809151
        },
        "210.012": {
            "instructions": 73899894371,
            "LLC-loads": 534876637,
            "LLC-load-misses": 88164515,
            "LLC-stores": 158955983,
            "LLC-store-misses": 56943132,
            "CPU-utilization": 9.78,
            "user-CPU-utilization": 6.62,
            "sys-CPU-utilization": 2.48,
            "LLC-loads-PKI": 7.237853877229597,
            "LLC-load-misses-PKI": 1.1930262654691663,
            "LLC-stores-PKI": 2.150963602221033,
            "LLC-store-misses-PKI": 0.7705441595643983
        },
        "240.014": {
            "instructions": 75545136880,
            "LLC-loads": 536570384,
            "LLC-load-misses": 86353537,
            "LLC-stores": 160408244,
            "LLC-store-misses": 56119485,
            "CPU-utilization": 9.74,
            "user-CPU-utilization": 6.65,
            "sys-CPU-utilization": 2.43,
            "LLC-loads-PKI": 7.102646261033553,
            "LLC-load-misses-PKI": 1.1430720833449366,
            "LLC-stores-PKI": 2.1233430850062684,
            "LLC-store-misses-PKI": 0.7428603258624475
        },
        "270.017": {
            "instructions": 73108291961,
            "LLC-loads": 528886148,
            "LLC-load-misses": 81367857,
            "LLC-stores": 156855367,
            "LLC-store-misses": 53922881,
            "CPU-utilization": 9.66,
            "user-CPU-utilization": 6.56,
            "sys-CPU-utilization": 2.45,
            "LLC-loads-PKI": 7.234284016403189,
            "LLC-load-misses-PKI": 1.1129771304656673,
            "LLC-stores-PKI": 2.145520881320484,
            "LLC-store-misses-PKI": 0.7375754453238416
        },
        "300.019": {
            "instructions": 77247145613,
            "LLC-loads": 538626573,
            "LLC-load-misses": 89034498,
            "LLC-stores": 159800682,
            "LLC-store-misses": 58138271,
            "CPU-utilization": 9.84,
            "user-CPU-utilization": 6.68,
            "sys-CPU-utilization": 2.51,
            "LLC-loads-PKI": 6.972769915647912,
            "LLC-load-misses-PKI": 1.1525927242160299,
            "LLC-stores-PKI": 2.0686936809365672,
            "LLC-store-misses-PKI": 0.7526267869011829
        },
        "330.021": {
            "instructions": 72348964831,
            "LLC-loads": 521925505,
            "LLC-load-misses": 77796853,
            "LLC-stores": 158706485,
            "LLC-store-misses": 51051420,
            "CPU-utilization": 9.56,
            "user-CPU-utilization": 6.42,
            "sys-CPU-utilization": 2.49,
            "LLC-loads-PKI": 7.214001004978663,
            "LLC-load-misses-PKI": 1.0753001536611577,
            "LLC-stores-PKI": 2.1936248206276705,
            "LLC-store-misses-PKI": 0.705627511316175
        },
        "360.023": {
            "instructions": 73649994065,
            "LLC-loads": 524170324,
            "LLC-load-misses": 76731114,
            "LLC-stores": 158398245,
            "LLC-store-misses": 49031096,
            "CPU-utilization": 9.42,
            "user-CPU-utilization": 6.36,
            "sys-CPU-utilization": 2.42,
            "LLC-loads-PKI": 7.117045027015101,
            "LLC-load-misses-PKI": 1.041834625706565,
            "LLC-stores-PKI": 2.1506891753474577,
            "LLC-store-misses-PKI": 0.6657311602323752
        },
        "390.025": {
            "instructions": 72650612581,
            "LLC-loads": 526110034,
            "LLC-load-misses": 86389827,
            "LLC-stores": 154910477,
            "LLC-store-misses": 54600736,
            "CPU-utilization": 9.48,
            "user-CPU-utilization": 6.36,
            "sys-CPU-utilization": 2.48,
            "LLC-loads-PKI": 7.241646220304428,
            "LLC-load-misses-PKI": 1.1891135384946934,
            "LLC-stores-PKI": 2.1322666319886348,
            "LLC-store-misses-PKI": 0.751552314016957
        },
        "420.027": {
            "instructions": 72197993257,
            "LLC-loads": 525057965,
            "LLC-load-misses": 81197044,
            "LLC-stores": 153833994,
            "LLC-store-misses": 53586340,
            "CPU-utilization": 9.45,
            "user-CPU-utilization": 6.37,
            "sys-CPU-utilization": 2.42,
            "LLC-loads-PKI": 7.272473116129064,
            "LLC-load-misses-PKI": 1.1246440563931808,
            "LLC-stores-PKI": 2.130723958661897,
            "LLC-store-misses-PKI": 0.7422137040464695
        },
        "450.029": {
            "instructions": 72111215263,
            "LLC-loads": 522524907,
            "LLC-load-misses": 77496983,
            "LLC-stores": 153803588,
            "LLC-store-misses": 51070788,
            "CPU-utilization": 9.49,
            "user-CPU-utilization": 6.35,
            "sys-CPU-utilization": 2.48,
            "LLC-loads-PKI": 7.246097643678259,
            "LLC-load-misses-PKI": 1.074686963981363,
            "LLC-stores-PKI": 2.1328663986462595,
            "LLC-store-misses-PKI": 0.7082225395000968
        },
        "480.031": {
            "instructions": 73228836694,
            "LLC-loads": 522496654,
            "LLC-load-misses": 86877023,
            "LLC-stores": 155370356,
            "LLC-store-misses": 55196249,
            "CPU-utilization": 9.45,
            "user-CPU-utilization": 6.43,
            "sys-CPU-utilization": 2.35,
            "LLC-loads-PKI": 7.135121594015581,
            "LLC-load-misses-PKI": 1.186377210429157,
            "LLC-stores-PKI": 2.1217100122625636,
            "LLC-store-misses-PKI": 0.7537501821945848
        },
        "510.033": {
            "instructions": 72083600530,
            "LLC-loads": 525842233,
            "LLC-load-misses": 86097142,
            "LLC-stores": 149606416,
            "LLC-store-misses": 56312333,
            "CPU-utilization": 9.46,
            "user-CPU-utilization": 6.36,
            "sys-CPU-utilization": 2.46,
            "LLC-loads-PKI": 7.294894110917131,
            "LLC-load-misses-PKI": 1.1944067911003944,
            "LLC-stores-PKI": 2.075457037384478,
            "LLC-store-misses-PKI": 0.781208660304971
        },
        "540.035": {
            "instructions": 70825691071,
            "LLC-loads": 513487683,