{
    "Total-Time-Stats-Collected": [
        90.0,
        810.0
    ],
    "time": {
        "120.005": {
            "instructions": 124871048364,
            "LLC-loads": 980783119,
            "LLC-load-misses": 283862172,
            "LLC-stores": 353249405,
            "LLC-store-misses": 129169252,
            "CPU-utilization": 18.46,
            "user-CPU-utilization": 11.84,
            "sys-CPU-utilization": 5.25,
            "LLC-loads-PKI": 7.854367620435204,
            "LLC-load-misses-PKI": 2.273242482697348,
            "LLC-stores-PKI": 2.8289135842783626,
            "LLC-store-misses-PKI": 1.0344211383848618
        },
        "150.007": {
            "instructions": 124683433272,
            "LLC-loads": 971285691,
            "LLC-load-misses": 283281213,
            "LLC-stores": 353279676,
            "LLC-store-misses": 130995129,
            "CPU-utilization": 18.47,
            "user-CPU-utilization": 11.81,
            "sys-CPU-utilization": 5.31,
            "LLC-loads-PKI": 7.79001400194937,
            "LLC-load-misses-PKI": 2.2720036300413304,
            "LLC-stores-PKI": 2.8334131225702746,
            "LLC-store-misses-PKI": 1.0506217671615674
        },
        "180.009": {
            "instructions": 125299447395,
            "LLC-loads": 976190393,
            "LLC-load-misses": 272707117,
            "LLC-stores": 355206385,
            "LLC-store-misses": 125797796,
            "CPU-utilization": 18.43,
            "user-CPU-utilization": 11.73,
            "sys-CPU-utilization": 5.35,
            "LLC-loads-PKI": 7.7908595232875255,
            "LLC-load-misses-PKI": 2.1764430942804163,
            "LLC-stores-PKI": 2.83485994858565,
            "LLC-store-misses-PKI": 1.003977260996443
        },
        "210.011": {
            "instructions": 124055033671,
            "LLC-loads": 984227186,
            "LLC-load-misses": 285734501,
            "LLC-stores": 349562831,
            "LLC-store-misses": 127820901,
            "CPU-utilization": 18.56,
            "user-CPU-utilization": 11.84,
            "sys-CPU-utilization": 5.37,
            "LLC-loads-PKI": 7.933794839879037,
            "LLC-load-misses-PKI": 2.303288246713002,
            "LLC-stores-PKI": 2.817804490925033,
            "LLC-store-misses-PKI": 1.0303564250281634
        },
        "240.013": {
            "instructions": 122787544329,
            "LLC-loads": 981461097,
            "LLC-load-misses": 282777845,
            "LLC-stores": 348688599,
            "LLC-store-misses": 126778066,
            "CPU-utilization": 18.33,
            "user-CPU-utilization": 11.74,
            "sys-CPU-utilization": 5.23,
            "LLC-loads-PKI": 7.993164961180825,
            "LLC-load-misses-PKI": 2.3029847737838782,
            "LLC-stores-PKI": 2.8397717448091893,
            "LLC-store-misses-PKI": 1.0324994012447035
        },
        "270.015": {
            "instructions": 123794341639,
            "LLC-loads": 980262955,
            "LLC-load-misses": 283630746,
            "LLC-stores": 349726749,
            "LLC-store-misses": 128324874,
            "CPU-utilization": 18.42,
            "user-CPU-utilization": 11.81,
            "sys-CPU-utilization": 5.29,
            "LLC-loads-PKI": 7.918479488009,
            "LLC-load-misses-PKI": 2.291144669819427,
            "LLC-stores-PKI": 2.825062473532494,
            "LLC-store-misses-PKI": 1.0365972491231596
        },
        "300.017": {
            "instructions": 125927145230,
            "LLC-loads": 988729669,
            "LLC-load-misses": 283220125,
            "LLC-stores": 347981353,
            "LLC-store-misses": 127190071,
            "CPU-utilization": 18.31,
            "user-CPU-utilization": 11.64,
            "sys-CPU-utilization": 5.34,
            "LLC-loads-PKI": 7.851600758471352,
            "LLC-load-misses-PKI": 2.2490792154678947,
            "LLC-stores-PKI": 2.7633545758893243,
            "LLC-store-misses-PKI": 1.0100290193007497
        },
        "330.019": {
            "instructions": 127907442231,
            "LLC-loads": 989475856,
            "LLC-load-misses": 294025626,
            "LLC-stores": 348622549,
            "LLC-store-misses": 133506214,
            "CPU-utilization": 18.75,
            "user-CPU-utilization": 12.13,
            "sys-CPU-utilization": 5.27,
            "LLC-loads-PKI": 7.73587399404808,
            "LLC-load-misses-PKI": 2.298737437568266,
            "LLC-stores-PKI": 2.7255845548876665,
            "LLC-store-misses-PKI": 1.0437720563506279
        },
        "360.02": {
            "instructions": 123054060922,
            "LLC-loads": 975784295,
            "LLC-load-misses": 279680933,
            "LLC-stores": 349365058,
            "LLC-store-misses": 125590064,
            "CPU-utilization": 18.39,
            "user-CPU-utilization": 11.73,
            "sys-CPU-utilization": 5.33,
            "LLC-loads-PKI": 7.929720382153973,
            "LLC-load-misses-PKI": 2.2728297701388396,
            "LLC-stores-PKI": 2.839118476727487,
            "LLC-store-misses-PKI": 1.0206088532064577
        },
        "390.022": {
            "instructions": 123669416174,
            "LLC-loads": 974129120,
            "LLC-load-misses": 277308138,
            "LLC-stores": 351623796,
            "LLC-store-misses": 124319936,
            "CPU-utilization": 18.37,
            "user-CPU-utilization": 11.69,
            "sys-CPU-utilization": 5.34,
            "LLC-loads-PKI": 7.8768797503614225,
            "LLC-load-misses-PKI": 2.242334010939567,
            "LLC-stores-PKI": 2.843255890407645,
            "LLC-store-misses-PKI": 1.0052601511847095
        },
        "420.024": {
            "instructions": 122594316969,
            "LLC-loads": 971512412,
            "LLC-load-misses": 278706406,
            "LLC-stores": 349093260,
            "LLC-store-misses": 126241234,
            "CPU-utilization": 18.34,
            "user-CPU-utilization": 11.74,
            "sys-CPU-utilization": 5.25,
            "LLC-loads-PKI": 7.924612135533681,
            "LLC-load-misses-PKI": 2.273403962685118,
            "LLC-stores-PKI": 2.8475484723184517,
            "LLC-store-misses-PKI": 1.0297478473812305
        },
        "450.026": {
            "instructions": 125073433833,
            "LLC-loads": 969254071,
            "LLC-load-misses": 283294995,
            "LLC-stores": 352699180,
            "LLC-store-misses": 130994604,
            "CPU-utilization": 18.19,
            "user-CPU-utilization": 11.62,
            "sys-CPU-utilization": 5.21,
            "LLC-loads-PKI": 7.749479975852931,
            "LLC-load-misses-PKI": 2.2650293217203896,
            "LLC-stores-PKI": 2.8199368098498794,
            "LLC-store-misses-PKI": 1.0473415495644427
        },
        "480.028": {
            "instructions": 122969471578,
            "LLC-loads": 965181633,
            "LLC-load-misses": 276564851,
            "LLC-stores": 350569841,
            "LLC-store-misses": 128969083,
            "CPU-utilization": 18.1,
            "user-CPU-utilization": 11.4,
            "sys-CPU-utilization": 5.35,
            "LLC-loads-PKI": 7.848953245178269,
            "LLC-load-misses-PKI": 2.2490529352610404,
            "LLC-stores-PKI": 2.850868890476058,
            "LLC-store-misses-PKI": 1.0487894381020775
        },
        "510.03": {
            "instructions": 123337391955,
            "LLC-loads": 968825992,
            "LLC-load-misses": 283894055,
            "LLC-stores": 351242156,
            "LLC-store-misses": 131180521,
            "CPU-utilization": 18.27,
            "user-CPU-utilization": 11.58,
            "sys-CPU-utilization": 5.34,
            "LLC-loads-PKI": 7.855087387882167,
            "LLC-load-misses-PKI": 2.3017679432007085,
            "LLC-stores-PKI": 2.8478156577865024,
            "LLC-store-misses-PKI": 1.063590845571484
        },
        "540.032": {
            "instructions": 122662777503,