{
    "Total-Time-Stats-Collected": [
        90.0,
        810.0
    ],
    "time": {
        "120.005": {
            "instructions": 178998213235,
            "LLC-loads": 1483772703,
            "LLC-load-misses": 490883640,
            "LLC-stores": 541793694,
            "LLC-store-misses": 214195111,
            "CPU-utilization": 28.0,
            "user-CPU-utilization": 17.9,
            "sys-CPU-utilization": 8.02,
            "LLC-loads-PKI": 8.289315721001142,
            "LLC-load-misses-PKI": 2.7423940782891356,
            "LLC-stores-PKI": 3.026810626811674,
            "LLC-store-misses-PKI": 1.1966326765440465
        },
        "150.007": {
            "instructions": 179023595034,
            "LLC-loads": 1483487610,
            "LLC-load-misses": 485760425,
            "LLC-stores": 537929153,
            "LLC-store-misses": 211160341,
            "CPU-utilization": 27.91,
            "user-CPU-utilization": 17.75,
            "sys-CPU-utilization": 8.05,
            "LLC-loads-PKI": 8.286547981109738,
            "LLC-load-misses-PKI": 2.713387723600036,
            "LLC-stores-PKI": 3.0047947193655506,
            "LLC-store-misses-PKI": 1.1795112312424325
        },
        "180.009": {
            "instructions": 178179583666,
            "LLC-loads": 1484734662,
            "LLC-load-misses": 486749510,
            "LLC-stores": 534450227,
            "LLC-store-misses": 210961509,
            "CPU-utilization": 27.89,
            "user-CPU-utilization": 17.78,
            "sys-CPU-utilization": 8.01,
            "LLC-loads-PKI": 8.332799030348815,
            "LLC-load-misses-PKI": 2.7317917125253723,
            "LLC-stores-PKI": 2.9995031754133743,
            "LLC-store-misses-PKI": 1.1839825004611648
        },
        "210.011": {
            "instructions": 177431183360,
            "LLC-loads": 1482341598,
            "LLC-load-misses": 484630353,
            "LLC-stores": 533120914,
            "LLC-store-misses": 212820262,
            "CPU-utilization": 27.65,
            "user-CPU-utilization": 17.72,
            "sys-CPU-utilization": 7.83,
            "LLC-loads-PKI": 8.354459289111512,
            "LLC-load-misses-PKI": 2.7313707986532814,
            "LLC-stores-PKI": 3.0046630130303607,
            "LLC-store-misses-PKI": 1.199452418508629
        },
        "240.012": {
            "instructions": 180339671229,
            "LLC-loads": 1483264366,
            "LLC-load-misses": 490477365,
            "LLC-stores": 536104948,
            "LLC-store-misses": 213679219,
            "CPU-utilization": 27.94,
            "user-CPU-utilization": 17.82,
            "sys-CPU-utilization": 8.01,
            "LLC-loads-PKI": 8.224836808738063,
            "LLC-load-misses-PKI": 2.719741927316586,
            "LLC-stores-PKI": 2.9727510555303165,
            "LLC-store-misses-PKI": 1.1848708470177067
        },
        "270.014": {
            "instructions": 176991929665,
            "LLC-loads": 1478509566,
            "LLC-load-misses": 478908967,
            "LLC-stores": 535009464,
            "LLC-store-misses": 209644007,
            "CPU-utilization": 27.66,
            "user-CPU-utilization": 17.48,
            "sys-CPU-utilization": 8.03,
            "LLC-loads-PKI": 8.353542270534236,
            "LLC-load-misses-PKI": 2.7058237508707372,
            "LLC-stores-PKI": 3.022790163442111,
            "LLC-store-misses-PKI": 1.1844834247346867
        },
        "300.016": {
            "instructions": 177744435115,
            "LLC-loads": 1479263108,
            "LLC-load-misses": 486313921,
            "LLC-stores": 534401863,
            "LLC-store-misses": 213011279,
            "CPU-utilization": 27.83,
            "user-CPU-utilization": 17.75,
            "sys-CPU-utilization": 7.95,
            "LLC-loads-PKI": 8.322415872220821,
            "LLC-load-misses-PKI": 2.7360289546356635,
            "LLC-stores-PKI": 3.006574369848732,
            "LLC-store-misses-PKI": 1.1984132097423048
        },
        "330.018": {
            "instructions": 177060891066,
            "LLC-loads": 1471349384,
            "LLC-load-misses": 479740951,
            "LLC-stores": 531654743,
            "LLC-store-misses": 211606632,
            "CPU-utilization": 27.69,
            "user-CPU-utilization": 17.75,
            "sys-CPU-utilization": 7.87,
            "LLC-loads-PKI": 8.309849651957022,
            "LLC-load-misses-PKI": 2.709468748924205,
            "LLC-stores-PKI": 3.0026661438285887,
            "LLC-store-misses-PKI": 1.195106557557778
        },
        "360.019": {
            "instructions": 175710939485,
            "LLC-loads": 1464765893,
            "LLC-load-misses": 486431631,
            "LLC-stores": 531866438,
            "LLC-store-misses": 212073171,
            "CPU-utilization": 27.43,
            "user-CPU-utilization": 17.44,
            "sys-CPU-utilization": 7.91,
            "LLC-loads-PKI": 8.336224809298475,
            "LLC-load-misses-PKI": 2.7683628146642825,
            "LLC-stores-PKI": 3.026939811254063,
            "LLC-store-misses-PKI": 1.2069434698919481
        },
        "390.02": {
            "instructions": 175745289106,
            "LLC-loads": 1470181224,
            "LLC-load-misses": 474567762,
            "LLC-stores": 530361272,
            "LLC-store-misses": 208626390,
            "CPU-utilization": 27.34,
            "user-CPU-utilization": 17.38,
            "sys-CPU-utilization": 7.86,
            "LLC-loads-PKI": 8.365409004580865,
            "LLC-load-misses-PKI": 2.7003156921820333,
            "LLC-stores-PKI": 3.0177837181178435,
            "LLC-store-misses-PKI": 1.1870952050052843
        },
        "420.022": {
            "instructions": 176061250076,
            "LLC-loads": 1462098454,
            "LLC-load-misses": 480534036,
            "LLC-stores": 533762725,
            "LLC-store-misses": 210422576,
            "CPU-utilization": 27.38,
            "user-CPU-utilization": 17.32,
            "sys-CPU-utilization": 7.95,
            "LLC-loads-PKI": 8.304487519933312,
            "LLC-load-misses-PKI": 2.72935717423663,
            "LLC-stores-PKI": 3.0316876926046574,
            "LLC-store-misses-PKI": 1.1951668860079507
        },
        "450.024": {
            "instructions": 178120023608,
            "LLC-loads": 1473349373,
            "LLC-load-misses": 482556484,
            "LLC-stores": 530170588,
            "LLC-store-misses": 208809200,
            "CPU-utilization": 27.38,
            "user-CPU-utilization": 17.4,
            "sys-CPU-utilization": 7.86,
            "LLC-loads-PKI": 8.271666167317006,
            "LLC-load-misses-PKI": 2.709164720649221,
            "LLC-stores-PKI": 2.976479439317726,
            "LLC-store-misses-PKI": 1.1722949265914069
        },
        "480.026": {
            "instructions": 181237513810,
            "LLC-loads": 1480122082,
            "LLC-load-misses": 482313520,
            "LLC-stores": 531265804,
            "LLC-store-misses": 210144821,
            "CPU-utilization": 27.34,
            "user-CPU-utilization": 17.33,
            "sys-CPU-utilization": 7.92,
            "LLC-loads-PKI": 8.166753399363463,
            "LLC-load-misses-PKI": 2.661223440229005,
            "LLC-stores-PKI": 2.9313236141439876,
            "LLC-store-misses-PKI": 1.1594995792113156
        },
        "510.028": {
            "instructions": 185304949611,
            "LLC-loads": 1481687931,
            "LLC-load-misses": 489492663,
            "LLC-stores": 533032698,
            "LLC-store-misses": 211922147,
            "CPU-utilization": 27.71,
            "user-CPU-utilization": 17.77,
            "sys-CPU-utilization": 7.93,
            "LLC-loads-PKI": 7.995943627574019,
            "LLC-load-misses-PKI": 2.641552014814303,
            "LLC-stores-PKI": 2.876516245890705,
            "LLC-store-misses-PKI": 1.143639969924581
        },