{
    "Total-Time-Stats-Collected": [
        90.0,
        810.0
    ],
    "time": {
        "120.012": {
            "instructions": 26128675043,
            "LLC-loads": 210312898,
            "LLC-load-misses": 34169577,
            "LLC-stores": 52619041,
            "LLC-store-misses": 21292585,
            "CPU-utilization": 2.51,
            "user-CPU-utilization": 1.7,
            "sys-CPU-utilization": 0.72,
            "LLC-loads-PKI": 8.049122186788566,
            "LLC-load-misses-PKI": 1.3077424302520917,
            "LLC-stores-PKI": 2.013842681016346,
            "LLC-store-misses-PKI": 0.8149125420618826
        },
        "150.016": {
            "instructions": 33037126452,
            "LLC-loads": 211611162,
            "LLC-load-misses": 35438291,
            "LLC-stores": 52299481,
            "LLC-store-misses": 21098960,
            "CPU-utilization": 2.8,
            "user-CPU-utilization": 1.87,
            "sys-CPU-utilization": 0.84,
            "LLC-loads-PKI": 6.405253262793669,
            "LLC-load-misses-PKI": 1.0726807929705593,
            "LLC-stores-PKI": 1.5830517546974459,
            "LLC-store-misses-PKI": 0.6386439217301453
        },
        "180.02": {
            "instructions": 26512235654,
            "LLC-loads": 214466936,
            "LLC-load-misses": 35232024,
            "LLC-stores": 52642417,
            "LLC-store-misses": 20890930,
            "CPU-utilization": 2.61,
            "user-CPU-utilization": 1.75,
            "sys-CPU-utilization": 0.77,
            "LLC-loads-PKI": 8.089356884078637,
            "LLC-load-misses-PKI": 1.3288967577007944,
            "LLC-stores-PKI": 1.9855895099535918,
            "LLC-store-misses-PKI": 0.7879731559661249
        },
        "210.023": {
            "instructions": 31722113187,
            "LLC-loads": 223691942,
            "LLC-load-misses": 40114652,
            "LLC-stores": 56537329,
            "LLC-store-misses": 23964360,
            "CPU-utilization": 2.89,
            "user-CPU-utilization": 2.01,
            "sys-CPU-utilization": 0.81,
            "LLC-loads-PKI": 7.051609099348115,
            "LLC-load-misses-PKI": 1.2645643045129584,
            "LLC-stores-PKI": 1.7822686864117707,
            "LLC-store-misses-PKI": 0.7554465195534579
        },
        "240.027": {
            "instructions": 26030149452,
            "LLC-loads": 211493198,
            "LLC-load-misses": 34216652,
            "LLC-stores": 51982992,
            "LLC-store-misses": 20664483,
            "CPU-utilization": 2.54,
            "user-CPU-utilization": 1.66,
            "sys-CPU-utilization": 0.79,
            "LLC-loads-PKI": 8.124932144166008,
            "LLC-load-misses-PKI": 1.3145007892903586,
            "LLC-stores-PKI": 1.9970301014159542,
            "LLC-store-misses-PKI": 0.7938672437553855
        },
        "270.03": {
            "instructions": 26102669287,
            "LLC-loads": 214431363,
            "LLC-load-misses": 36227531,
            "LLC-stores": 51488880,
            "LLC-store-misses": 21500708,
            "CPU-utilization": 2.6,
            "user-CPU-utilization": 1.71,
            "sys-CPU-utilization": 0.8,
            "LLC-loads-PKI": 8.214920881934246,
            "LLC-load-misses-PKI": 1.3878860664277932,
            "LLC-stores-PKI": 1.972552287043041,
            "LLC-store-misses-PKI": 0.8236976748852298
        },
        "300.032": {
            "instructions": 26677050127,
            "LLC-loads": 212146000,
            "LLC-load-misses": 35626121,
            "LLC-stores": 51683478,
            "LLC-store-misses": 21494218,
            "CPU-utilization": 2.61,
            "user-CPU-utilization": 1.71,
            "sys-CPU-utilization": 0.82,
            "LLC-loads-PKI": 7.952378504746512,
            "LLC-load-misses-PKI": 1.335459536582817,
            "LLC-stores-PKI": 1.9373760499737882,
            "LLC-store-misses-PKI": 0.8057194441541936
        },
        "330.034": {
            "instructions": 27698537038,
            "LLC-loads": 218922689,
            "LLC-load-misses": 38067392,
            "LLC-stores": 53267641,
            "LLC-store-misses": 22216796,
            "CPU-utilization": 2.79,
            "user-CPU-utilization": 1.92,
            "sys-CPU-utilization": 0.8,
            "LLC-loads-PKI": 7.903763606708072,
            "LLC-load-misses-PKI": 1.3743466648716798,
            "LLC-stores-PKI": 1.9231210993895236,
            "LLC-store-misses-PKI": 0.8020927592500815
        },
        "360.037": {
            "instructions": 26445773296,
            "LLC-loads": 214916910,
            "LLC-load-misses": 35690021,
            "LLC-stores": 51196740,
            "LLC-store-misses": 21585774,
            "CPU-utilization": 2.52,
            "user-CPU-utilization": 1.69,
            "sys-CPU-utilization": 0.75,
            "LLC-loads-PKI": 8.126701669657994,
            "LLC-load-misses-PKI": 1.3495548267971509,
            "LLC-stores-PKI": 1.9359138954633501,
            "LLC-store-misses-PKI": 0.8162277486990676
        },
        "390.04": {
            "instructions": 27206595839,
            "LLC-loads": 214783125,
            "LLC-load-misses": 35784228,
            "LLC-stores": 52333963,
            "LLC-store-misses": 21868524,
            "CPU-utilization": 2.66,
            "user-CPU-utilization": 1.76,
            "sys-CPU-utilization": 0.82,
            "LLC-loads-PKI": 7.894524043765651,
            "LLC-load-misses-PKI": 1.3152776705972222,
            "LLC-stores-PKI": 1.9235763014857052,
            "LLC-store-misses-PKI": 0.8037949374266073
        },
        "420.042": {
            "instructions": 26644555559,
            "LLC-loads": 211380803,
            "LLC-load-misses": 35609330,
            "LLC-stores": 52458043,
            "LLC-store-misses": 21838954,
            "CPU-utilization": 2.55,
            "user-CPU-utilization": 1.7,
            "sys-CPU-utilization": 0.77,
            "LLC-loads-PKI": 7.933358187639192,
            "LLC-load-misses-PKI": 1.3364580212700106,
            "LLC-stores-PKI": 1.968809083110441,
            "LLC-store-misses-PKI": 0.8196403933869798
        },
        "450.044": {
            "instructions": 27689871026,
            "LLC-loads": 216724478,
            "LLC-load-misses": 35572736,
            "LLC-stores": 52744992,
            "LLC-store-misses": 21520280,
            "CPU-utilization": 2.69,
            "user-CPU-utilization": 1.82,
            "sys-CPU-utilization": 0.8,
            "LLC-loads-PKI": 7.8268503958180915,
            "LLC-load-misses-PKI": 1.2846840625078468,
            "LLC-stores-PKI": 1.9048478756175482,
            "LLC-store-misses-PKI": 0.7771896077014252
        },
        "480.048": {
            "instructions": 26409684203,
            "LLC-loads": 212217561,
            "LLC-load-misses": 34352357,
            "LLC-stores": 52498655,
            "LLC-store-misses": 21340835,
            "CPU-utilization": 2.59,
            "user-CPU-utilization": 1.74,
            "sys-CPU-utilization": 0.77,
            "LLC-loads-PKI": 8.03559631265463,
            "LLC-load-misses-PKI": 1.3007484957392166,
            "LLC-stores-PKI": 1.9878562195770757,
            "LLC-store-misses-PKI": 0.8080685416744133
        },
        "510.052": {
            "instructions": 29633407886,
            "LLC-loads": 221171563,
            "LLC-load-misses": 39933605,
            "LLC-stores": 54762488,
            "LLC-store-misses": 23951213,
            "CPU-utilization": 2.73,
            "user-CPU-utilization": 1.86,
            "sys-CPU-utilization": 0.78,
            "LLC-loads-PKI": 7.463588523157684,
            "LLC-load-misses-PKI": 1.3475873295985719,
            "LLC-stores-PKI": 1.8479983203643606,
            "LLC-store-misses-PKI": 0.8082503737720799
        },
        "540.056": {
            "instructions": 26960622444,
            "LLC-loads": 213574289,
            "LLC-load-misses": 36848806,