{
    "Total-Time-Stats-Collected": [
        90.0,
        810.0
    ],
    "time": {
        "120.005": {
            "instructions": 243909579624,
            "LLC-loads": 1998808752,
            "LLC-load-misses": 630768888,
            "LLC-stores": 776799007,
            "LLC-store-misses": 275440900,
            "CPU-utilization": 37.92,
            "user-CPU-utilization": 24.22,
            "sys-CPU-utilization": 10.86,
            "LLC-loads-PKI": 8.194875966254681,
            "LLC-load-misses-PKI": 2.586076729632206,
            "LLC-stores-PKI": 3.1847826895420766,
            "LLC-store-misses-PKI": 1.1292746288383066
        },
        "150.007": {
            "instructions": 240759723515,
            "LLC-loads": 2000200422,
            "LLC-load-misses": 621092048,
            "LLC-stores": 779591237,
            "LLC-store-misses": 270269842,
            "CPU-utilization": 37.74,
            "user-CPU-utilization": 24.14,
            "sys-CPU-utilization": 10.77,
            "LLC-loads-PKI": 8.307869741657107,
            "LLC-load-misses-PKI": 2.579717400121139,
            "LLC-stores-PKI": 3.23804673646516,
            "LLC-store-misses-PKI": 1.1225708272719521
        },
        "180.009": {
            "instructions": 239704797541,
            "LLC-loads": 1984350532,
            "LLC-load-misses": 605287697,
            "LLC-stores": 786799649,
            "LLC-store-misses": 260657543,
            "CPU-utilization": 37.76,
            "user-CPU-utilization": 24.08,
            "sys-CPU-utilization": 10.83,
            "LLC-loads-PKI": 8.2783096223203,
            "LLC-load-misses-PKI": 2.5251380164657293,
            "LLC-stores-PKI": 3.2823692186028226,
            "LLC-store-misses-PKI": 1.0874106220398703
        },
        "210.011": {
            "instructions": 240323547041,
            "LLC-loads": 1980861756,
            "LLC-load-misses": 606579358,
            "LLC-stores": 782138611,
            "LLC-store-misses": 264274296,
            "CPU-utilization": 37.8,
            "user-CPU-utilization": 24.21,
            "sys-CPU-utilization": 10.74,
            "LLC-loads-PKI": 8.242478859810014,
            "LLC-load-misses-PKI": 2.5240113399978883,
            "LLC-stores-PKI": 3.254523414913498,
            "LLC-store-misses-PKI": 1.0996604338355322
        },
        "240.013": {
            "instructions": 238553358623,
            "LLC-loads": 1976997396,
            "LLC-load-misses": 606047753,
            "LLC-stores": 780335381,
            "LLC-store-misses": 264338386,
            "CPU-utilization": 37.56,
            "user-CPU-utilization": 23.99,
            "sys-CPU-utilization": 10.73,
            "LLC-loads-PKI": 8.287443142330124,
            "LLC-load-misses-PKI": 2.5405123469997886,
            "LLC-stores-PKI": 3.2711146282086525,
            "LLC-store-misses-PKI": 1.1080891399971844
        },
        "270.015": {
            "instructions": 240122987703,
            "LLC-loads": 1987014248,
            "LLC-load-misses": 605403607,
            "LLC-stores": 774316886,
            "LLC-store-misses": 264118963,
            "CPU-utilization": 37.64,
            "user-CPU-utilization": 24.08,
            "sys-CPU-utilization": 10.7,
            "LLC-loads-PKI": 8.274985527240194,
            "LLC-load-misses-PKI": 2.521223031544165,
            "LLC-stores-PKI": 3.224667881268104,
            "LLC-store-misses-PKI": 1.099932020363997
        },
        "300.017": {
            "instructions": 238884783480,
            "LLC-loads": 1976102818,
            "LLC-load-misses": 599233470,
            "LLC-stores": 778584186,
            "LLC-store-misses": 257644405,
            "CPU-utilization": 37.64,
            "user-CPU-utilization": 23.98,
            "sys-CPU-utilization": 10.78,
            "LLC-loads-PKI": 8.272200469250249,
            "LLC-load-misses-PKI": 2.5084622857536227,
            "LLC-stores-PKI": 3.259245627359873,
            "LLC-store-misses-PKI": 1.0785299977952367
        },
        "330.019": {
            "instructions": 241646660996,
            "LLC-loads": 1979776057,
            "LLC-load-misses": 613947358,
            "LLC-stores": 779240820,
            "LLC-store-misses": 268200736,
            "CPU-utilization": 37.53,
            "user-CPU-utilization": 23.93,
            "sys-CPU-utilization": 10.75,
            "LLC-loads-PKI": 8.19285500921021,
            "LLC-load-misses-PKI": 2.5406821491738416,
            "LLC-stores-PKI": 3.2247117207752307,
            "LLC-store-misses-PKI": 1.1098880278111503
        },
        "360.021": {
            "instructions": 238218569203,
            "LLC-loads": 1973158873,
            "LLC-load-misses": 607780717,
            "LLC-stores": 776814967,
            "LLC-store-misses": 263072658,
            "CPU-utilization": 37.69,
            "user-CPU-utilization": 23.97,
            "sys-CPU-utilization": 10.78,
            "LLC-loads-PKI": 8.282976762061548,
            "LLC-load-misses-PKI": 2.5513574320987313,
            "LLC-stores-PKI": 3.2609337282100395,
            "LLC-store-misses-PKI": 1.104333129361634
        },
        "390.023": {
            "instructions": 237297394842,
            "LLC-loads": 1961272085,
            "LLC-load-misses": 600861405,
            "LLC-stores": 781266888,
            "LLC-store-misses": 258508926,
            "CPU-utilization": 37.43,
            "user-CPU-utilization": 23.78,
            "sys-CPU-utilization": 10.79,
            "LLC-loads-PKI": 8.265038418588102,
            "LLC-load-misses-PKI": 2.5321028298691277,
            "LLC-stores-PKI": 3.2923534138256842,
            "LLC-store-misses-PKI": 1.0893879647188005
        },
        "420.025": {
            "instructions": 240760916649,
            "LLC-loads": 1970353958,
            "LLC-load-misses": 608024083,
            "LLC-stores": 776635443,
            "LLC-store-misses": 261242205,
            "CPU-utilization": 37.62,
            "user-CPU-utilization": 24.0,
            "sys-CPU-utilization": 10.83,
            "LLC-loads-PKI": 8.183861340221325,
            "LLC-load-misses-PKI": 2.5254268486044387,
            "LLC-stores-PKI": 3.225753805100516,
            "LLC-store-misses-PKI": 1.085068991413001
        },
        "450.027": {
            "instructions": 239937731740,
            "LLC-loads": 1976722768,
            "LLC-load-misses": 614246433,
            "LLC-stores": 774993115,
            "LLC-store-misses": 265627301,
            "CPU-utilization": 37.66,
            "user-CPU-utilization": 24.04,
            "sys-CPU-utilization": 10.77,
            "LLC-loads-PKI": 8.238482349837355,
            "LLC-load-misses-PKI": 2.5600243385880064,
            "LLC-stores-PKI": 3.229975999938991,
            "LLC-store-misses-PKI": 1.1070676507346398
        },
        "480.028": {
            "instructions": 240490828337,
            "LLC-loads": 1978615929,
            "LLC-load-misses": 616010607,
            "LLC-stores": 773380001,
            "LLC-store-misses": 264526895,
            "CPU-utilization": 37.62,
            "user-CPU-utilization": 24.03,
            "sys-CPU-utilization": 10.8,
            "LLC-loads-PKI": 8.227407018729895,
            "LLC-load-misses-PKI": 2.5614723491108933,
            "LLC-stores-PKI": 3.2158398985439143,
            "LLC-store-misses-PKI": 1.09994587664407
        },
        "510.03": {
            "instructions": 238034638577,
            "LLC-loads": 1969015896,
            "LLC-load-misses": 606920079,
            "LLC-stores": 773779642,
            "LLC-store-misses": 262085655,
            "CPU-utilization": 37.49,
            "user-CPU-utilization": 23.91,
            "sys-CPU-utilization": 10.73,
            "LLC-loads-PKI": 8.271972128808716,
            "LLC-load-misses-PKI": 2.5497132796648505,
            "LLC-stores-PKI": 3.250701858459545,
            "LLC-store-misses-PKI": 1.1010399854692572
        },