{
    "Total-Time-Stats-Collected": [
        90.0,
        810.0
    ],
    "time": {
        "120.008": {
            "instructions": 69672741582,
            "LLC-loads": 520739979,
            "LLC-load-misses": 115220880,
            "LLC-stores": 114988115,
            "LLC-store-misses": 50418045,
            "CPU-utilization": 8.46,
            "user-CPU-utilization": 5.7,
            "sys-CPU-utilization": 2.29,
            "LLC-loads-PKI": 7.47408480240619,
            "LLC-load-misses-PKI": 1.653744023613496,
            "LLC-stores-PKI": 1.6504031905313636,
            "LLC-store-misses-PKI": 0.7236408939163309
        },
        "150.01": {
            "instructions": 72183131644,
            "LLC-loads": 523212460,
            "LLC-load-misses": 114446359,
            "LLC-stores": 116605512,
            "LLC-store-misses": 50582096,
            "CPU-utilization": 8.66,
            "user-CPU-utilization": 5.86,
            "sys-CPU-utilization": 2.34,
            "LLC-loads-PKI": 7.248403443901986,
            "LLC-load-misses-PKI": 1.5855000523451659,
            "LLC-stores-PKI": 1.615412207038713,
            "LLC-store-misses-PKI": 0.7007467651786826
        },
        "180.012": {
            "instructions": 70767172600,
            "LLC-loads": 519193941,
            "LLC-load-misses": 114547241,
            "LLC-stores": 114767850,
            "LLC-store-misses": 49485897,
            "CPU-utilization": 8.45,
            "user-CPU-utilization": 5.71,
            "sys-CPU-utilization": 2.28,
            "LLC-loads-PKI": 7.3366494933273625,
            "LLC-load-misses-PKI": 1.6186493933770643,
            "LLC-stores-PKI": 1.621766785126583,
            "LLC-store-misses-PKI": 0.699277577185555
        },
        "210.013": {
            "instructions": 71111245288,
            "LLC-loads": 523035478,
            "LLC-load-misses": 114740028,
            "LLC-stores": 115092389,
            "LLC-store-misses": 49529596,
            "CPU-utilization": 8.59,
            "user-CPU-utilization": 5.86,
            "sys-CPU-utilization": 2.27,
            "LLC-loads-PKI": 7.3551725311757705,
            "LLC-load-misses-PKI": 1.6135285992433934,
            "LLC-stores-PKI": 1.6184836664563629,
            "LLC-store-misses-PKI": 0.696508629533986
        },
        "240.016": {
            "instructions": 70104025411,
            "LLC-loads": 518597525,
            "LLC-load-misses": 114690942,
            "LLC-stores": 116238413,
            "LLC-store-misses": 49449690,
            "CPU-utilization": 8.5,
            "user-CPU-utilization": 5.81,
            "sys-CPU-utilization": 2.24,
            "LLC-loads-PKI": 7.397542751070426,
            "LLC-load-misses-PKI": 1.636010790073745,
            "LLC-stores-PKI": 1.6580847150862905,
            "LLC-store-misses-PKI": 0.7053758997445654
        },
        "270.02": {
            "instructions": 70799284666,
            "LLC-loads": 518941688,
            "LLC-load-misses": 112153159,
            "LLC-stores": 114818554,
            "LLC-store-misses": 49851107,
            "CPU-utilization": 8.46,
            "user-CPU-utilization": 5.73,
            "sys-CPU-utilization": 2.26,
            "LLC-loads-PKI": 7.329758915618138,
            "LLC-load-misses-PKI": 1.5841001717614727,
            "LLC-stores-PKI": 1.6217473741671773,
            "LLC-store-misses-PKI": 0.704118794916865
        },
        "300.023": {
            "instructions": 69738664075,
            "LLC-loads": 517496120,
            "LLC-load-misses": 110198600,
            "LLC-stores": 114268273,
            "LLC-store-misses": 48520378,
            "CPU-utilization": 8.23,
            "user-CPU-utilization": 5.51,
            "sys-CPU-utilization": 2.24,
            "LLC-loads-PKI": 7.420505208466025,
            "LLC-load-misses-PKI": 1.580165055663923,
            "LLC-stores-PKI": 1.638521106127168,
            "LLC-store-misses-PKI": 0.6957457336409408
        },
        "330.026": {
            "instructions": 72830853559,
            "LLC-loads": 522178006,
            "LLC-load-misses": 116524571,
            "LLC-stores": 117212557,
            "LLC-store-misses": 51470453,
            "CPU-utilization": 8.65,
            "user-CPU-utilization": 5.94,
            "sys-CPU-utilization": 2.23,
            "LLC-loads-PKI": 7.169736182989886,
            "LLC-load-misses-PKI": 1.5999341667141642,
            "LLC-stores-PKI": 1.6093805203730938,
            "LLC-store-misses-PKI": 0.7067122034798615
        },
        "360.028": {
            "instructions": 70945240821,
            "LLC-loads": 518702063,
            "LLC-load-misses": 113525009,
            "LLC-stores": 113641318,
            "LLC-store-misses": 48723487,
            "CPU-utilization": 8.42,
            "user-CPU-utilization": 5.7,
            "sys-CPU-utilization": 2.25,
            "LLC-loads-PKI": 7.311301744802347,
            "LLC-load-misses-PKI": 1.600177935633933,
            "LLC-stores-PKI": 1.6018173549755834,
            "LLC-store-misses-PKI": 0.686775975895732
        },
        "390.029": {
            "instructions": 71129921557,
            "LLC-loads": 521236318,
            "LLC-load-misses": 115212547,
            "LLC-stores": 114263991,
            "LLC-store-misses": 49114552,
            "CPU-utilization": 8.47,
            "user-CPU-utilization": 5.72,
            "sys-CPU-utilization": 2.28,
            "LLC-loads-PKI": 7.327947319361332,
            "LLC-load-misses-PKI": 1.6197479833810073,
            "LLC-stores-PKI": 1.6064124421736428,
            "LLC-store-misses-PKI": 0.6904907375813992
        },
        "420.031": {
            "instructions": 69785451329,
            "LLC-loads": 520157953,
            "LLC-load-misses": 113205456,
            "LLC-stores": 112721836,
            "LLC-store-misses": 49302769,
            "CPU-utilization": 8.35,
            "user-CPU-utilization": 5.65,
            "sys-CPU-utilization": 2.24,
            "LLC-loads-PKI": 7.453673267050198,
            "LLC-load-misses-PKI": 1.6221927901031774,
            "LLC-stores-PKI": 1.615262692342256,
            "LLC-store-misses-PKI": 0.7064906518633027
        },
        "450.033": {
            "instructions": 70282159478,
            "LLC-loads": 516847195,
            "LLC-load-misses": 113903123,
            "LLC-stores": 112664236,
            "LLC-store-misses": 50049655,
            "CPU-utilization": 8.37,
            "user-CPU-utilization": 5.65,
            "sys-CPU-utilization": 2.25,
            "LLC-loads-PKI": 7.353888936235455,
            "LLC-load-misses-PKI": 1.6206548553143763,
            "LLC-stores-PKI": 1.6030275227281057,
            "LLC-store-misses-PKI": 0.7121246041915764
        },
        "480.036": {
            "instructions": 69024380357,
            "LLC-loads": 515123181,
            "LLC-load-misses": 111520364,
            "LLC-stores": 113067903,
            "LLC-store-misses": 49009469,
            "CPU-utilization": 8.37,
            "user-CPU-utilization": 5.63,
            "sys-CPU-utilization": 2.25,
            "LLC-loads-PKI": 7.462916412081338,
            "LLC-load-misses-PKI": 1.6156662823078909,
            "LLC-stores-PKI": 1.6380864618443967,
            "LLC-store-misses-PKI": 0.710031278028413
        },
        "510.039": {
            "instructions": 71168019988,
            "LLC-loads": 517334641,
            "LLC-load-misses": 112314208,
            "LLC-stores": 115257747,
            "LLC-store-misses": 48893221,
            "CPU-utilization": 8.42,
            "user-CPU-utilization": 5.7,
            "sys-CPU-utilization": 2.27,
            "LLC-loads-PKI": 7.2692009850383705,
            "LLC-load-misses-PKI": 1.5781555819445008,
            "LLC-stores-PKI": 1.6195159991725805,
            "LLC-store-misses-PKI": 0.6870111183119065
        },
        "540.042": {
            "instructions": 70369005873,
            "LLC-loads": 517448673,