{
    "Total-Time-Stats-Collected": [
        90.0,
        810.0
    ],
    "time": {
        "120.002": {
            "instructions": 1031641113323,
            "LLC-loads": 16523602105,
            "LLC-load-misses": 2223578664,
            "LLC-stores": 5647109624,
            "LLC-store-misses": 2218181462,
            "CPU-utilization": 99.58,
            "user-CPU-utilization": 5.29,
            "sys-CPU-utilization": 94.12,
            "LLC-loads-PKI": 16.016812330962782,
            "LLC-load-misses-PKI": 2.155380039903288,
            "LLC-stores-PKI": 5.4739090475080046,
            "LLC-store-misses-PKI": 2.1501483736481353
        },
        "150.003": {
            "instructions": 1046729211292,
            "LLC-loads": 18046895363,
            "LLC-load-misses": 2254899640,
            "LLC-stores": 5658772083,
            "LLC-store-misses": 2253156226,
            "CPU-utilization": 99.86,
            "user-CPU-utilization": 3.59,
            "sys-CPU-utilization": 96.14,
            "LLC-loads-PKI": 17.241226449316663,
            "LLC-load-misses-PKI": 2.1542339849450935,
            "LLC-stores-PKI": 5.406147093205948,
            "LLC-store-misses-PKI": 2.152568402308064
        },
        "180.004": {
            "instructions": 1036695398093,
            "LLC-loads": 17602893991,
            "LLC-load-misses": 2192497774,
            "LLC-stores": 5375613359,
            "LLC-store-misses": 2140298282,
            "CPU-utilization": 96.81,
            "user-CPU-utilization": 5.28,
            "sys-CPU-utilization": 91.33,
            "LLC-loads-PKI": 16.9798129936532,
            "LLC-load-misses-PKI": 2.114891006589879,
            "LLC-stores-PKI": 5.185335411817623,
            "LLC-store-misses-PKI": 2.064539194383496
        },
        "210.005": {
            "instructions": 1042307385295,
            "LLC-loads": 17368611356,
            "LLC-load-misses": 2313621358,
            "LLC-stores": 5528090960,
            "LLC-store-misses": 2203764270,
            "CPU-utilization": 99.05,
            "user-CPU-utilization": 5.24,
            "sys-CPU-utilization": 93.61,
            "LLC-loads-PKI": 16.66361727935395,
            "LLC-load-misses-PKI": 2.219711181788456,
            "LLC-stores-PKI": 5.30370506627026,
            "LLC-store-misses-PKI": 2.114313206536743
        },
        "240.006": {
            "instructions": 1059230783683,
            "LLC-loads": 16924234054,
            "LLC-load-misses": 2433271341,
            "LLC-stores": 5387156569,
            "LLC-store-misses": 2139959647,
            "CPU-utilization": 99.36,
            "user-CPU-utilization": 7.3,
            "sys-CPU-utilization": 91.76,
            "LLC-loads-PKI": 15.97785328250522,
            "LLC-load-misses-PKI": 2.2972060276981283,
            "LLC-stores-PKI": 5.085913902793288,
            "LLC-store-misses-PKI": 2.0202959354705023
        },
        "270.007": {
            "instructions": 1079798690779,
            "LLC-loads": 16729358318,
            "LLC-load-misses": 2495340497,
            "LLC-stores": 5205851082,
            "LLC-store-misses": 2072093058,
            "CPU-utilization": 99.2,
            "user-CPU-utilization": 9.44,
            "sys-CPU-utilization": 89.41,
            "LLC-loads-PKI": 15.493034452496813,
            "LLC-load-misses-PKI": 2.3109312118167,
            "LLC-stores-PKI": 4.821131129770437,
            "LLC-store-misses-PKI": 1.9189623729818828
        },
        "300.008": {
            "instructions": 1068464656299,
            "LLC-loads": 16583188567,
            "LLC-load-misses": 2440574895,
            "LLC-stores": 5158462831,
            "LLC-store-misses": 2019308531,
            "CPU-utilization": 97.85,
            "user-CPU-utilization": 9.95,
            "sys-CPU-utilization": 87.47,
            "LLC-loads-PKI": 15.520577558869993,
            "LLC-load-misses-PKI": 2.2841887006855073,
            "LLC-stores-PKI": 4.827920886843496,
            "LLC-store-misses-PKI": 1.8899160763956193
        },
        "330.009": {
            "instructions": 1037757272252,
            "LLC-loads": 17098762812,
            "LLC-load-misses": 2262945379,
            "LLC-stores": 5349366964,
            "LLC-store-misses": 2117268856,
            "CPU-utilization": 97.06,
            "user-CPU-utilization": 5.6,
            "sys-CPU-utilization": 91.32,
            "LLC-loads-PKI": 16.476649472081835,
            "LLC-load-misses-PKI": 2.18061143921378,
            "LLC-stores-PKI": 5.154738113654968,
            "LLC-store-misses-PKI": 2.040235142275024
        },
        "360.027": {
            "instructions": 1058490345891,
            "LLC-loads": 15452992391,
            "LLC-load-misses": 2387060868,
            "LLC-stores": 5077183999,
            "LLC-store-misses": 1987246499,
            "CPU-utilization": 96.54,
            "user-CPU-utilization": 9.91,
            "sys-CPU-utilization": 86.28,
            "LLC-loads-PKI": 14.59908675689641,
            "LLC-load-misses-PKI": 2.2551560127746426,
            "LLC-stores-PKI": 4.796627592031749,
            "LLC-store-misses-PKI": 1.8774346943402735
        },
        "390.028": {
            "instructions": 1043052412625,
            "LLC-loads": 15693446652,
            "LLC-load-misses": 2293774476,
            "LLC-stores": 5507288536,
            "LLC-store-misses": 2149942470,
            "CPU-utilization": 98.92,
            "user-CPU-utilization": 7.16,
            "sys-CPU-utilization": 91.51,
            "LLC-loads-PKI": 15.045693257642784,
            "LLC-load-misses-PKI": 2.1990980014392254,
            "LLC-stores-PKI": 5.279972961416264,
            "LLC-store-misses-PKI": 2.0612027199950025
        },
        "420.029": {
            "instructions": 1061567730955,
            "LLC-loads": 15521238480,
            "LLC-load-misses": 2318288637,
            "LLC-stores": 5386061798,
            "LLC-store-misses": 2124301784,
            "CPU-utilization": 99.45,
            "user-CPU-utilization": 7.83,
            "sys-CPU-utilization": 91.37,
            "LLC-loads-PKI": 14.62105339810668,
            "LLC-load-misses-PKI": 2.1838348787358464,
            "LLC-stores-PKI": 5.073686436525938,
            "LLC-store-misses-PKI": 2.0010986789217404
        },
        "450.03": {
            "instructions": 1054062890825,
            "LLC-loads": 15596961521,
            "LLC-load-misses": 2349604944,
            "LLC-stores": 5304203935,
            "LLC-store-misses": 2087351026,
            "CPU-utilization": 98.56,
            "user-CPU-utilization": 8.96,
            "sys-CPU-utilization": 89.25,
            "LLC-loads-PKI": 14.796993288315539,
            "LLC-load-misses-PKI": 2.2290936949321853,
            "LLC-stores-PKI": 5.032151289235195,
            "LLC-store-misses-PKI": 1.9802907816688815
        },
        "480.031": {
            "instructions": 1039496305501,
            "LLC-loads": 16446103572,
            "LLC-load-misses": 2410969448,
            "LLC-stores": 5439588421,
            "LLC-store-misses": 2153094762,
            "CPU-utilization": 99.44,
            "user-CPU-utilization": 7.25,
            "sys-CPU-utilization": 91.86,
            "LLC-loads-PKI": 15.821223687825968,
            "LLC-load-misses-PKI": 2.319363171606463,
            "LLC-stores-PKI": 5.232907892229894,
            "LLC-store-misses-PKI": 2.071286593906926
        },
        "510.032": {
            "instructions": 1049871577050,
            "LLC-loads": 15770946389,
            "LLC-load-misses": 2350751579,
            "LLC-stores": 5146287431,
            "LLC-store-misses": 2027359689,
            "CPU-utilization": 97.02,
            "user-CPU-utilization": 9.46,
            "sys-CPU-utilization": 87.12,
            "LLC-loads-PKI": 15.02178622009586,
            "LLC-load-misses-PKI": 2.239084884653512,
            "LLC-stores-PKI": 4.901825655153353,