{
    "Total-Time-Stats-Collected": [
        90.0,
        810.0
    ],
    "time": {
        "120.002": {
            "instructions": 1015772349262,
            "LLC-loads": 16718870644,
            "LLC-load-misses": 1398859761,
            "LLC-stores": 5118620784,
            "LLC-store-misses": 2112834413,
            "CPU-utilization": 89.7,
            "user-CPU-utilization": 6.63,
            "sys-CPU-utilization": 82.66,
            "LLC-loads-PKI": 16.45926930000304,
            "LLC-load-misses-PKI": 1.3771390430309791,
            "LLC-stores-PKI": 5.039141681419943,
            "LLC-store-misses-PKI": 2.0800274929073037
        },
        "150.003": {
            "instructions": 896685651969,
            "LLC-loads": 13849936630,
            "LLC-load-misses": 1319297527,
            "LLC-stores": 4281262691,
            "LLC-store-misses": 1752430244,
            "CPU-utilization": 79.88,
            "user-CPU-utilization": 11.23,
            "sys-CPU-utilization": 67.9,
            "LLC-loads-PKI": 15.445698946545447,
            "LLC-load-misses-PKI": 1.4713043797489138,
            "LLC-stores-PKI": 4.7745413140033275,
            "LLC-store-misses-PKI": 1.9543417920783062
        },
        "180.004": {
            "instructions": 1007724451058,
            "LLC-loads": 16577458759,
            "LLC-load-misses": 1396777926,
            "LLC-stores": 5079863424,
            "LLC-store-misses": 2083508776,
            "CPU-utilization": 88.91,
            "user-CPU-utilization": 6.72,
            "sys-CPU-utilization": 81.76,
            "LLC-loads-PKI": 16.450388537854263,
            "LLC-load-misses-PKI": 1.3860712861869497,
            "LLC-stores-PKI": 5.040925045201296,
            "LLC-store-misses-PKI": 2.067538178529403
        },
        "210.014": {
            "instructions": 893322184994,
            "LLC-loads": 13801798559,
            "LLC-load-misses": 1306411905,
            "LLC-stores": 4229702501,
            "LLC-store-misses": 1727014473,
            "CPU-utilization": 79.43,
            "user-CPU-utilization": 11.4,
            "sys-CPU-utilization": 67.29,
            "LLC-loads-PKI": 15.449967313968253,
            "LLC-load-misses-PKI": 1.4624196364369644,
            "LLC-stores-PKI": 4.734800693468067,
            "LLC-store-misses-PKI": 1.9332492822974048
        },
        "240.015": {
            "instructions": 984931545181,
            "LLC-loads": 16077564637,
            "LLC-load-misses": 1381396237,
            "LLC-stores": 4953350386,
            "LLC-store-misses": 2021902468,
            "CPU-utilization": 87.44,
            "user-CPU-utilization": 7.54,
            "sys-CPU-utilization": 79.44,
            "LLC-loads-PKI": 16.323535087959275,
            "LLC-load-misses-PKI": 1.402530199950233,
            "LLC-stores-PKI": 5.029131628726265,
            "LLC-store-misses-PKI": 2.0528355273953953
        },
        "270.016": {
            "instructions": 894423222132,
            "LLC-loads": 14042646066,
            "LLC-load-misses": 1328008084,
            "LLC-stores": 4294604144,
            "LLC-store-misses": 1757656009,
            "CPU-utilization": 80.12,
            "user-CPU-utilization": 10.65,
            "sys-CPU-utilization": 68.75,
            "LLC-loads-PKI": 15.700225260841416,
            "LLC-load-misses-PKI": 1.484764763636706,
            "LLC-stores-PKI": 4.801534707208437,
            "LLC-store-misses-PKI": 1.965127878511861
        },
        "300.017": {
            "instructions": 977337196817,
            "LLC-loads": 15749403953,
            "LLC-load-misses": 1358493076,
            "LLC-stores": 4883733201,
            "LLC-store-misses": 1988277715,
            "CPU-utilization": 86.69,
            "user-CPU-utilization": 8.08,
            "sys-CPU-utilization": 78.11,
            "LLC-loads-PKI": 16.114606099402327,
            "LLC-load-misses-PKI": 1.3899942419303712,
            "LLC-stores-PKI": 4.996978746849484,
            "LLC-store-misses-PKI": 2.0343825257807024
        },
        "330.018": {
            "instructions": 900967938835,
            "LLC-loads": 14267667668,
            "LLC-load-misses": 1324024777,
            "LLC-stores": 4348375223,
            "LLC-store-misses": 1786248527,
            "CPU-utilization": 81.01,
            "user-CPU-utilization": 10.43,
            "sys-CPU-utilization": 69.86,
            "LLC-loads-PKI": 15.835932726361898,
            "LLC-load-misses-PKI": 1.4695581495519532,
            "LLC-stores-PKI": 4.826337359598703,
            "LLC-store-misses-PKI": 1.9825883363948724
        },
        "360.019": {
            "instructions": 968652731087,
            "LLC-loads": 15585542386,
            "LLC-load-misses": 1375324871,
            "LLC-stores": 4851876410,
            "LLC-store-misses": 1979912842,
            "CPU-utilization": 86.05,
            "user-CPU-utilization": 8.17,
            "sys-CPU-utilization": 77.34,
            "LLC-loads-PKI": 16.08991735202177,
            "LLC-load-misses-PKI": 1.419832750026567,
            "LLC-stores-PKI": 5.008891478120684,
            "LLC-store-misses-PKI": 2.043986227941759
        },
        "390.02": {
            "instructions": 888117511459,
            "LLC-loads": 14121529488,
            "LLC-load-misses": 1329372598,
            "LLC-stores": 4225452480,
            "LLC-store-misses": 1752851347,
            "CPU-utilization": 80.0,
            "user-CPU-utilization": 10.69,
            "sys-CPU-utilization": 68.56,
            "LLC-loads-PKI": 15.900519138285139,
            "LLC-load-misses-PKI": 1.4968431326346734,
            "LLC-stores-PKI": 4.75776282471722,
            "LLC-store-misses-PKI": 1.9736705158762322
        },
        "420.021": {
            "instructions": 952518037757,
            "LLC-loads": 15254604975,
            "LLC-load-misses": 1346628377,
            "LLC-stores": 4760697588,
            "LLC-store-misses": 1923349685,
            "CPU-utilization": 84.73,
            "user-CPU-utilization": 8.52,
            "sys-CPU-utilization": 75.65,
            "LLC-loads-PKI": 16.015030026015793,
            "LLC-load-misses-PKI": 1.4137563002702347,
            "LLC-stores-PKI": 4.998013055175882,
            "LLC-store-misses-PKI": 2.0192265225014796
        },
        "450.022": {
            "instructions": 887216078963,
            "LLC-loads": 14180759774,
            "LLC-load-misses": 1309711502,
            "LLC-stores": 4236450681,
            "LLC-store-misses": 1761684384,
            "CPU-utilization": 80.11,
            "user-CPU-utilization": 10.2,
            "sys-CPU-utilization": 69.22,
            "LLC-loads-PKI": 15.983434148955936,
            "LLC-load-misses-PKI": 1.4762035236453595,
            "LLC-stores-PKI": 4.774993129015051,
            "LLC-store-misses-PKI": 1.9856317144963154
        },
        "480.023": {
            "instructions": 935264489408,
            "LLC-loads": 14853219125,
            "LLC-load-misses": 1320211719,
            "LLC-stores": 4635862734,
            "LLC-store-misses": 1886307585,
            "CPU-utilization": 83.39,
            "user-CPU-utilization": 9.06,
            "sys-CPU-utilization": 73.71,
            "LLC-loads-PKI": 15.881303410120632,
            "LLC-load-misses-PKI": 1.4115918373375456,
            "LLC-stores-PKI": 4.956739816920013,
            "LLC-store-misses-PKI": 2.016870742300916
        },
        "510.024": {
            "instructions": 898784749574,
            "LLC-loads": 14478923279,
            "LLC-load-misses": 1311104407,
            "LLC-stores": 4327285520,
            "LLC-store-misses": 1804286270,
            "CPU-utilization": 81.08,
            "user-CPU-utilization": 9.22,
            "sys-CPU-utilization": 71.17,
            "LLC-loads-PKI": 16.109444765126046,
            "LLC-load-misses-PKI": 1.4587523960786257,
            "LLC-stores-PKI": 4.814596066578808,