{
    "Total-Time-Stats-Collected": [
        90.0,
        810.0
    ],
    "time": {
        "120.002": {
            "instructions": 1065498926598,
            "LLC-loads": 18414920226,
            "LLC-load-misses": 2167819406,
            "LLC-stores": 5579201000,
            "LLC-store-misses": 2251118507,
            "CPU-utilization": 99.86,
            "user-CPU-utilization": 4.66,
            "sys-CPU-utilization": 95.05,
            "LLC-loads-PKI": 17.282908284850606,
            "LLC-load-misses-PKI": 2.0345580383844837,
            "LLC-stores-PKI": 5.236233337009232,
            "LLC-store-misses-PKI": 2.1127365319714864
        },
        "150.003": {
            "instructions": 1051293930256,
            "LLC-loads": 16658383649,
            "LLC-load-misses": 2311747110,
            "LLC-stores": 5189499377,
            "LLC-store-misses": 2039280381,
            "CPU-utilization": 96.61,
            "user-CPU-utilization": 8.42,
            "sys-CPU-utilization": 87.79,
            "LLC-loads-PKI": 15.845600521010834,
            "LLC-load-misses-PKI": 2.1989541111847455,
            "LLC-stores-PKI": 4.936297288177349,
            "LLC-store-misses-PKI": 1.9397813706614058
        },
        "180.015": {
            "instructions": 1061147897785,
            "LLC-loads": 17805668801,
            "LLC-load-misses": 2256791691,
            "LLC-stores": 5537127389,
            "LLC-store-misses": 2203560405,
            "CPU-utilization": 99.7,
            "user-CPU-utilization": 5.04,
            "sys-CPU-utilization": 94.54,
            "LLC-loads-PKI": 16.77962971812589,
            "LLC-load-misses-PKI": 2.126745664492897,
            "LLC-stores-PKI": 5.21805433583574,
            "LLC-store-misses-PKI": 2.0765817937345292
        },
        "210.016": {
            "instructions": 999443012909,
            "LLC-loads": 15713198694,
            "LLC-load-misses": 2063797511,
            "LLC-stores": 4948208660,
            "LLC-store-misses": 1937851317,
            "CPU-utilization": 91.96,
            "user-CPU-utilization": 7.38,
            "sys-CPU-utilization": 84.3,
            "LLC-loads-PKI": 15.721955620325797,
            "LLC-load-misses-PKI": 2.0649476601903167,
            "LLC-stores-PKI": 4.950966284308336,
            "LLC-store-misses-PKI": 1.9389312766914533
        },
        "240.017": {
            "instructions": 1049281055824,
            "LLC-loads": 16690239842,
            "LLC-load-misses": 2419710870,
            "LLC-stores": 5508183968,
            "LLC-store-misses": 2111237024,
            "CPU-utilization": 99.7,
            "user-CPU-utilization": 6.81,
            "sys-CPU-utilization": 92.66,
            "LLC-loads-PKI": 15.906357738340336,
            "LLC-load-misses-PKI": 2.3060655260756633,
            "LLC-stores-PKI": 5.249483860808318,
            "LLC-store-misses-PKI": 2.012079616115862
        },
        "270.018": {
            "instructions": 1059648214443,
            "LLC-loads": 15725144566,
            "LLC-load-misses": 2433395786,
            "LLC-stores": 5184046503,
            "LLC-store-misses": 2046632918,
            "CPU-utilization": 98.28,
            "user-CPU-utilization": 9.69,
            "sys-CPU-utilization": 88.11,
            "LLC-loads-PKI": 14.839967030252453,
            "LLC-load-misses-PKI": 2.296418521574261,
            "LLC-stores-PKI": 4.892233509518981,
            "LLC-store-misses-PKI": 1.931426760413884
        },
        "300.019": {
            "instructions": 1041930047596,
            "LLC-loads": 16794038500,
            "LLC-load-misses": 2474181785,
            "LLC-stores": 5363052134,
            "LLC-store-misses": 2122857935,
            "CPU-utilization": 99.14,
            "user-CPU-utilization": 7.32,
            "sys-CPU-utilization": 91.44,
            "LLC-loads-PKI": 16.118201542174695,
            "LLC-load-misses-PKI": 2.3746141026536014,
            "LLC-stores-PKI": 5.147228594063428,
            "LLC-store-misses-PKI": 2.03742846259015
        },
        "330.02": {
            "instructions": 1047097964607,
            "LLC-loads": 16463105833,
            "LLC-load-misses": 2412891428,
            "LLC-stores": 5202945120,
            "LLC-store-misses": 2073361497,
            "CPU-utilization": 97.27,
            "user-CPU-utilization": 8.33,
            "sys-CPU-utilization": 88.6,
            "LLC-loads-PKI": 15.722603222878943,
            "LLC-load-misses-PKI": 2.304360727991305,
            "LLC-stores-PKI": 4.968919142109865,
            "LLC-store-misses-PKI": 1.9801026905616994
        },
        "360.021": {
            "instructions": 1062896812498,
            "LLC-loads": 16569746229,
            "LLC-load-misses": 2246358235,
            "LLC-stores": 5433979013,
            "LLC-store-misses": 2119804131,
            "CPU-utilization": 98.25,
            "user-CPU-utilization": 6.67,
            "sys-CPU-utilization": 91.4,
            "LLC-loads-PKI": 15.58923315430601,
            "LLC-load-misses-PKI": 2.113430211273897,
            "LLC-stores-PKI": 5.112423848773396,
            "LLC-store-misses-PKI": 1.9943649337117462
        },
        "390.026": {
            "instructions": 1045653728307,
            "LLC-loads": 17992154531,
            "LLC-load-misses": 2184784218,
            "LLC-stores": 5662094284,
            "LLC-store-misses": 2215383696,
            "CPU-utilization": 99.73,
            "user-CPU-utilization": 4.08,
            "sys-CPU-utilization": 95.51,
            "LLC-loads-PKI": 17.206608692660417,
            "LLC-load-misses-PKI": 2.0893955224903626,
            "LLC-stores-PKI": 5.414884613061534,
            "LLC-store-misses-PKI": 2.1186590130433425
        },
        "420.027": {
            "instructions": 1021184792628,
            "LLC-loads": 16688172909,
            "LLC-load-misses": 2156540816,
            "LLC-stores": 5306857245,
            "LLC-store-misses": 2071613666,
            "CPU-utilization": 95.87,
            "user-CPU-utilization": 6.24,
            "sys-CPU-utilization": 89.39,
            "LLC-loads-PKI": 16.341971628908905,
            "LLC-load-misses-PKI": 2.111802713444432,
            "LLC-stores-PKI": 5.196764859123001,
            "LLC-store-misses-PKI": 2.028637403293816
        },
        "450.028": {
            "instructions": 1007114393338,
            "LLC-loads": 16005013262,
            "LLC-load-misses": 2219384690,
            "LLC-stores": 5257983963,
            "LLC-store-misses": 2055857226,
            "CPU-utilization": 95.49,
            "user-CPU-utilization": 5.78,
            "sys-CPU-utilization": 89.49,
            "LLC-loads-PKI": 15.891951666932954,
            "LLC-load-misses-PKI": 2.2037066540614387,
            "LLC-stores-PKI": 5.220840847654687,
            "LLC-store-misses-PKI": 2.0413343703549165
        },
        "480.029": {
            "instructions": 1052933995571,
            "LLC-loads": 15387506073,
            "LLC-load-misses": 2393859578,
            "LLC-stores": 5214824323,
            "LLC-store-misses": 2063822171,
            "CPU-utilization": 98.57,
            "user-CPU-utilization": 9.64,
            "sys-CPU-utilization": 88.49,
            "LLC-loads-PKI": 14.613932248103971,
            "LLC-load-misses-PKI": 2.2735134282579827,
            "LLC-stores-PKI": 4.952660228404945,
            "LLC-store-misses-PKI": 1.960067943177009
        },
        "510.03": {
            "instructions": 1087179950666,
            "LLC-loads": 14851048533,
            "LLC-load-misses": 2382976012,
            "LLC-stores": 5215962181,
            "LLC-store-misses": 2019566051,
            "CPU-utilization": 98.9,
            "user-CPU-utilization": 10.82,
            "sys-CPU-utilization": 87.71,
            "LLC-loads-PKI": 13.660156742131177,
            "LLC-load-misses-PKI": 2.191887378478791,
            "LLC-stores-PKI": 4.797699017356541,