{
    "Total-Time-Stats-Collected": [
        90.0,
        810.0
    ],
    "time": {
        "120.004": {
            "instructions": 232996640799,
            "LLC-loads": 1966475420,
            "LLC-load-misses": 595523984,
            "LLC-stores": 555156844,
            "LLC-store-misses": 213199694,
            "CPU-utilization": 36.55,
            "user-CPU-utilization": 24.21,
            "sys-CPU-utilization": 10.15,
            "LLC-loads-PKI": 8.43993034945266,
            "LLC-load-misses-PKI": 2.5559337763746677,
            "LLC-stores-PKI": 2.3826817506734748,
            "LLC-store-misses-PKI": 0.9150333381154696
        },
        "150.006": {
            "instructions": 245139275849,
            "LLC-loads": 2090575562,
            "LLC-load-misses": 641984266,
            "LLC-stores": 567137065,
            "LLC-store-misses": 220405303,
            "CPU-utilization": 36.51,
            "user-CPU-utilization": 23.64,
            "sys-CPU-utilization": 10.7,
            "LLC-loads-PKI": 8.528113476551775,
            "LLC-load-misses-PKI": 2.618855194772816,
            "LLC-stores-PKI": 2.313529984274503,
            "LLC-store-misses-PKI": 0.8991023663452626
        },
        "180.008": {
            "instructions": 227784688554,
            "LLC-loads": 1930615228,
            "LLC-load-misses": 571099799,
            "LLC-stores": 541095674,
            "LLC-store-misses": 205390946,
            "CPU-utilization": 35.92,
            "user-CPU-utilization": 23.77,
            "sys-CPU-utilization": 9.96,
            "LLC-loads-PKI": 8.475614582594373,
            "LLC-load-misses-PKI": 2.507191342075706,
            "LLC-stores-PKI": 2.375469911673737,
            "LLC-store-misses-PKI": 0.9016889910548522
        },
        "210.01": {
            "instructions": 233066937716,
            "LLC-loads": 2036690168,
            "LLC-load-misses": 614369132,
            "LLC-stores": 557944544,
            "LLC-store-misses": 212872636,
            "CPU-utilization": 35.95,
            "user-CPU-utilization": 23.18,
            "sys-CPU-utilization": 10.6,
            "LLC-loads-PKI": 8.738649024864163,
            "LLC-load-misses-PKI": 2.63602009800562,
            "LLC-stores-PKI": 2.3939240351622693,
            "LLC-store-misses-PKI": 0.9133540693763804
        },
        "240.011": {
            "instructions": 226969101339,
            "LLC-loads": 1942113677,
            "LLC-load-misses": 594557017,
            "LLC-stores": 534729387,
            "LLC-store-misses": 211174330,
            "CPU-utilization": 35.82,
            "user-CPU-utilization": 23.66,
            "sys-CPU-utilization": 10.0,
            "LLC-loads-PKI": 8.55673157950812,
            "LLC-load-misses-PKI": 2.6195504740179256,
            "LLC-stores-PKI": 2.355956752903254,
            "LLC-store-misses-PKI": 0.9304100371115758
        },
        "270.013": {
            "instructions": 235310291293,
            "LLC-loads": 2011759917,
            "LLC-load-misses": 618071598,
            "LLC-stores": 550034394,
            "LLC-store-misses": 215757278,
            "CPU-utilization": 35.97,
            "user-CPU-utilization": 23.51,
            "sys-CPU-utilization": 10.26,
            "LLC-loads-PKI": 8.549391979184744,
            "LLC-load-misses-PKI": 2.626623742649654,
            "LLC-stores-PKI": 2.3374855004327744,
            "LLC-store-misses-PKI": 0.9169054052606085
        },
        "300.015": {
            "instructions": 223940966375,
            "LLC-loads": 1912425739,
            "LLC-load-misses": 582450337,
            "LLC-stores": 531425823,
            "LLC-store-misses": 207232925,
            "CPU-utilization": 35.35,
            "user-CPU-utilization": 23.29,
            "sys-CPU-utilization": 9.84,
            "LLC-loads-PKI": 8.539865527763913,
            "LLC-load-misses-PKI": 2.600910170337743,
            "LLC-stores-PKI": 2.3730621136558896,
            "LLC-store-misses-PKI": 0.9253908668634502
        },
        "330.017": {
            "instructions": 231174692357,
            "LLC-loads": 2020705885,
            "LLC-load-misses": 619306299,
            "LLC-stores": 545040342,
            "LLC-store-misses": 212310402,
            "CPU-utilization": 35.83,
            "user-CPU-utilization": 23.14,
            "sys-CPU-utilization": 10.49,
            "LLC-loads-PKI": 8.741034169429977,
            "LLC-load-misses-PKI": 2.678953706764811,
            "LLC-stores-PKI": 2.357699004345603,
            "LLC-store-misses-PKI": 0.9183981163134063
        },
        "360.019": {
            "instructions": 223522281910,
            "LLC-loads": 1880090847,
            "LLC-load-misses": 557269745,
            "LLC-stores": 527230730,
            "LLC-store-misses": 200571595,
            "CPU-utilization": 34.98,
            "user-CPU-utilization": 23.16,
            "sys-CPU-utilization": 9.56,
            "LLC-loads-PKI": 8.411201026289666,
            "LLC-load-misses-PKI": 2.493128381824509,
            "LLC-stores-PKI": 2.3587390281398726,
            "LLC-store-misses-PKI": 0.897322599277861
        },
        "390.021": {
            "instructions": 234902137758,
            "LLC-loads": 2005761670,
            "LLC-load-misses": 616522021,
            "LLC-stores": 541144594,
            "LLC-store-misses": 212311497,
            "CPU-utilization": 35.65,
            "user-CPU-utilization": 23.07,
            "sys-CPU-utilization": 10.4,
            "LLC-loads-PKI": 8.53871186164499,
            "LLC-load-misses-PKI": 2.6245909334173496,
            "LLC-stores-PKI": 2.3037022956236184,
            "LLC-store-misses-PKI": 0.9038295650537108
        },
        "420.023": {
            "instructions": 221543638349,
            "LLC-loads": 1882770145,
            "LLC-load-misses": 571200780,
            "LLC-stores": 523002442,
            "LLC-store-misses": 203103298,
            "CPU-utilization": 34.9,
            "user-CPU-utilization": 22.9,
            "sys-CPU-utilization": 9.74,
            "LLC-loads-PKI": 8.498416650691873,
            "LLC-load-misses-PKI": 2.5782766061654248,
            "LLC-stores-PKI": 2.360719747574556,
            "LLC-store-misses-PKI": 0.9167642976055546
        },
        "450.025": {
            "instructions": 229048483577,
            "LLC-loads": 1951735262,
            "LLC-load-misses": 587407751,
            "LLC-stores": 534382795,
            "LLC-store-misses": 207361405,
            "CPU-utilization": 35.18,
            "user-CPU-utilization": 22.95,
            "sys-CPU-utilization": 10.03,
            "LLC-loads-PKI": 8.521057339128284,
            "LLC-load-misses-PKI": 2.5645563848604533,
            "LLC-stores-PKI": 2.3330553717477667,
            "LLC-store-misses-PKI": 0.9053166463347949
        },
        "480.026": {
            "instructions": 223722921045,
            "LLC-loads": 1925743374,
            "LLC-load-misses": 579517067,
            "LLC-stores": 524934145,
            "LLC-store-misses": 204902055,
            "CPU-utilization": 35.11,
            "user-CPU-utilization": 22.96,
            "sys-CPU-utilization": 9.94,
            "LLC-loads-PKI": 8.60771603108406,
            "LLC-load-misses-PKI": 2.5903339018331297,
            "LLC-stores-PKI": 2.346358355004733,
            "LLC-store-misses-PKI": 0.9158742163874468
        },
        "510.028": {
            "instructions": 230890023094,
            "LLC-loads": 1964640010,
            "LLC-load-misses": 600158696,
            "LLC-stores": 533425448,
            "LLC-store-misses": 208965394,
            "CPU-utilization": 35.24,
            "user-CPU-utilization": 22.68,
            "sys-CPU-utilization": 10.32,
            "LLC-loads-PKI": 8.508986155716894,
            "LLC-load-misses-PKI": 2.599327108021741,
            "LLC-stores-PKI": 2.3103009859496257,
            "LLC-store-misses-PKI": 0.905042977603783
        },