{
    "Total-Time-Stats-Collected": [
        90.0,
        810.0
    ],
    "time": {
        "120.003": {
            "instructions": 925983266731,
            "LLC-loads": 14604915449,
            "LLC-load-misses": 1259949464,
            "LLC-stores": 4696455453,
            "LLC-store-misses": 1903692719,
            "CPU-utilization": 83.63,
            "user-CPU-utilization": 9.05,
            "sys-CPU-utilization": 74.01,
            "LLC-loads-PKI": 15.772331934852078,
            "LLC-load-misses-PKI": 1.3606611580012686,
            "LLC-stores-PKI": 5.071857798877839,
            "LLC-store-misses-PKI": 2.0558608210282343
        },
        "150.004": {
            "instructions": 901538294379,
            "LLC-loads": 14100531641,
            "LLC-load-misses": 1264291070,
            "LLC-stores": 4461424823,
            "LLC-store-misses": 1816670617,
            "CPU-utilization": 80.99,
            "user-CPU-utilization": 9.98,
            "sys-CPU-utilization": 70.36,
            "LLC-loads-PKI": 15.64052434479532,
            "LLC-load-misses-PKI": 1.4023709008066843,
            "LLC-stores-PKI": 4.948680328740922,
            "LLC-store-misses-PKI": 2.0150787030642596
        },
        "180.005": {
            "instructions": 930691014434,
            "LLC-loads": 14731236920,
            "LLC-load-misses": 1249157124,
            "LLC-stores": 4753194586,
            "LLC-store-misses": 1922520575,
            "CPU-utilization": 84.08,
            "user-CPU-utilization": 8.61,
            "sys-CPU-utilization": 74.93,
            "LLC-loads-PKI": 15.828278871864693,
            "LLC-load-misses-PKI": 1.3421824264196591,
            "LLC-stores-PKI": 5.107167161048242,
            "LLC-store-misses-PKI": 2.065691561628734
        },
        "210.006": {
            "instructions": 913052890583,
            "LLC-loads": 14480359643,
            "LLC-load-misses": 1310831050,
            "LLC-stores": 4490764697,
            "LLC-store-misses": 1836323773,
            "CPU-utilization": 81.7,
            "user-CPU-utilization": 9.57,
            "sys-CPU-utilization": 71.52,
            "LLC-loads-PKI": 15.859278024687093,
            "LLC-load-misses-PKI": 1.4356573025720467,
            "LLC-stores-PKI": 4.918405870368112,
            "LLC-store-misses-PKI": 2.011191018548198
        },
        "240.007": {
            "instructions": 919589434139,
            "LLC-loads": 14459284858,
            "LLC-load-misses": 1220001101,
            "LLC-stores": 4676230710,
            "LLC-store-misses": 1897021426,
            "CPU-utilization": 82.84,
            "user-CPU-utilization": 8.83,
            "sys-CPU-utilization": 73.43,
            "LLC-loads-PKI": 15.723630917462687,
            "LLC-load-misses-PKI": 1.3266802071755768,
            "LLC-stores-PKI": 5.085128793784256,
            "LLC-store-misses-PKI": 2.0629004157449433
        },
        "270.008": {
            "instructions": 922795911909,
            "LLC-loads": 14713661311,
            "LLC-load-misses": 1290036341,
            "LLC-stores": 4563199933,
            "LLC-store-misses": 1888855592,
            "CPU-utilization": 82.69,
            "user-CPU-utilization": 9.21,
            "sys-CPU-utilization": 72.88,
            "LLC-loads-PKI": 15.9446537648413,
            "LLC-load-misses-PKI": 1.3979649501603069,
            "LLC-stores-PKI": 4.944971985799166,
            "LLC-store-misses-PKI": 2.046883354838991
        },
        "300.008": {
            "instructions": 910356705926,
            "LLC-loads": 14210441481,
            "LLC-load-misses": 1197304040,
            "LLC-stores": 4584702243,
            "LLC-store-misses": 1863625275,
            "CPU-utilization": 81.91,
            "user-CPU-utilization": 9.37,
            "sys-CPU-utilization": 71.96,
            "LLC-loads-PKI": 15.609750978376516,
            "LLC-load-misses-PKI": 1.315203185966672,
            "LLC-stores-PKI": 5.036160236043425,
            "LLC-store-misses-PKI": 2.047137416431014
        },
        "330.009": {
            "instructions": 933915995816,
            "LLC-loads": 15062585045,
            "LLC-load-misses": 1298432673,
            "LLC-stores": 4644698515,
            "LLC-store-misses": 1914901059,
            "CPU-utilization": 83.72,
            "user-CPU-utilization": 8.7,
            "sys-CPU-utilization": 74.47,
            "LLC-loads-PKI": 16.12841530981511,
            "LLC-load-misses-PKI": 1.3903099195399338,
            "LLC-stores-PKI": 4.973357920635827,
            "LLC-store-misses-PKI": 2.050399680034256
        },
        "360.01": {
            "instructions": 898189740345,
            "LLC-loads": 13889901292,
            "LLC-load-misses": 1184673859,
            "LLC-stores": 4542527360,
            "LLC-store-misses": 1830213212,
            "CPU-utilization": 81.05,
            "user-CPU-utilization": 9.59,
            "sys-CPU-utilization": 70.85,
            "LLC-loads-PKI": 15.464328602400654,
            "LLC-load-misses-PKI": 1.31895723786041,
            "LLC-stores-PKI": 5.05742512518033,
            "LLC-store-misses-PKI": 2.0376688018023943
        },
        "390.011": {
            "instructions": 943565790463,
            "LLC-loads": 15213984767,
            "LLC-load-misses": 1325361541,
            "LLC-stores": 4655024498,
            "LLC-store-misses": 1925771221,
            "CPU-utilization": 83.92,
            "user-CPU-utilization": 8.67,
            "sys-CPU-utilization": 74.69,
            "LLC-loads-PKI": 16.123925772610537,
            "LLC-load-misses-PKI": 1.4046307680884191,
            "LLC-stores-PKI": 4.933439241916367,
            "LLC-store-misses-PKI": 2.040950658093528
        },
        "420.012": {
            "instructions": 891991418684,
            "LLC-loads": 13784889913,
            "LLC-load-misses": 1170097043,
            "LLC-stores": 4496135136,
            "LLC-store-misses": 1828000219,
            "CPU-utilization": 80.8,
            "user-CPU-utilization": 9.57,
            "sys-CPU-utilization": 70.6,
            "LLC-loads-PKI": 15.454061131370013,
            "LLC-load-misses-PKI": 1.311780605161318,
            "LLC-stores-PKI": 5.040558733887121,
            "LLC-store-misses-PKI": 2.049347315131059
        },
        "450.013": {
            "instructions": 964553003237,
            "LLC-loads": 15653855069,
            "LLC-load-misses": 1351463471,
            "LLC-stores": 4783508145,
            "LLC-store-misses": 1977821732,
            "CPU-utilization": 85.72,
            "user-CPU-utilization": 8.11,
            "sys-CPU-utilization": 77.12,
            "LLC-loads-PKI": 16.229128950370075,
            "LLC-load-misses-PKI": 1.4011292966426359,
            "LLC-stores-PKI": 4.959300452071316,
            "LLC-store-misses-PKI": 2.050506011968769
        },
        "480.014": {
            "instructions": 879033893094,
            "LLC-loads": 13517337847,
            "LLC-load-misses": 1173106318,
            "LLC-stores": 4424530750,
            "LLC-store-misses": 1782254660,
            "CPU-utilization": 79.67,
            "user-CPU-utilization": 10.02,
            "sys-CPU-utilization": 68.99,
            "LLC-loads-PKI": 15.377493351731907,
            "LLC-load-misses-PKI": 1.3345404849759908,
            "LLC-stores-PKI": 5.033401766144255,
            "LLC-store-misses-PKI": 2.027515291505846
        },
        "510.015": {
            "instructions": 933210381397,
            "LLC-loads": 15184847216,
            "LLC-load-misses": 1331177101,
            "LLC-stores": 4594467891,
            "LLC-store-misses": 1913216790,
            "CPU-utilization": 83.36,
            "user-CPU-utilization": 8.49,
            "sys-CPU-utilization": 74.33,
            "LLC-loads-PKI": 16.271622689482452,
            "LLC-load-misses-PKI": 1.4264490917977688,
            "LLC-stores-PKI": 4.923292735044546,