{
    "Total-Time-Stats-Collected": [
        90.0,
        810.0
    ],
    "time": {
        "120.005": {
            "instructions": 87239720527,
            "LLC-loads": 693129264,
            "LLC-load-misses": 168454916,
            "LLC-stores": 187799439,
            "LLC-store-misses": 82212628,
            "CPU-utilization": 11.55,
            "user-CPU-utilization": 7.32,
            "sys-CPU-utilization": 3.49,
            "LLC-loads-PKI": 7.94511100921606,
            "LLC-load-misses-PKI": 1.9309428661897714,
            "LLC-stores-PKI": 2.1526827214201996,
            "LLC-store-misses-PKI": 0.9423761046386645
        },
        "150.007": {
            "instructions": 83393386584,
            "LLC-loads": 680737956,
            "LLC-load-misses": 159550981,
            "LLC-stores": 183802007,
            "LLC-store-misses": 75652791,
            "CPU-utilization": 11.22,
            "user-CPU-utilization": 6.97,
            "sys-CPU-utilization": 3.51,
            "LLC-loads-PKI": 8.162972915295992,
            "LLC-load-misses-PKI": 1.913233021653203,
            "LLC-stores-PKI": 2.2040357698492197,
            "LLC-store-misses-PKI": 0.907179742890006
        },
        "180.009": {
            "instructions": 83606217973,
            "LLC-loads": 684996498,
            "LLC-load-misses": 163888317,
            "LLC-stores": 182754671,
            "LLC-store-misses": 80384888,
            "CPU-utilization": 11.15,
            "user-CPU-utilization": 7.03,
            "sys-CPU-utilization": 3.41,
            "LLC-loads-PKI": 8.19312862855744,
            "LLC-load-misses-PKI": 1.960240768849591,
            "LLC-stores-PKI": 2.1858980758945377,
            "LLC-store-misses-PKI": 0.9614702105764394
        },
        "210.011": {
            "instructions": 84909922839,
            "LLC-loads": 684838281,
            "LLC-load-misses": 161949849,
            "LLC-stores": 186296201,
            "LLC-store-misses": 78183732,
            "CPU-utilization": 11.42,
            "user-CPU-utilization": 7.17,
            "sys-CPU-utilization": 3.52,
            "LLC-loads-PKI": 8.065468182070315,
            "LLC-load-misses-PKI": 1.9073135810884847,
            "LLC-stores-PKI": 2.1940451100543483,
            "LLC-store-misses-PKI": 0.9207843958149189
        },
        "240.013": {
            "instructions": 83513369671,
            "LLC-loads": 683381625,
            "LLC-load-misses": 166415440,
            "LLC-stores": 184136998,
            "LLC-store-misses": 81375544,
            "CPU-utilization": 11.14,
            "user-CPU-utilization": 6.97,
            "sys-CPU-utilization": 3.44,
            "LLC-loads-PKI": 8.18290086595924,
            "LLC-load-misses-PKI": 1.992680221808697,
            "LLC-stores-PKI": 2.2048804727363494,
            "LLC-store-misses-PKI": 0.9744013960947577
        },
        "270.015": {
            "instructions": 81636243697,
            "LLC-loads": 681575864,
            "LLC-load-misses": 163244260,
            "LLC-stores": 181861073,
            "LLC-store-misses": 81017646,
            "CPU-utilization": 11.11,
            "user-CPU-utilization": 6.92,
            "sys-CPU-utilization": 3.48,
            "LLC-loads-PKI": 8.348937103594919,
            "LLC-load-misses-PKI": 1.9996542296323092,
            "LLC-stores-PKI": 2.227700158216406,
            "LLC-store-misses-PKI": 0.9924225115097655
        },
        "300.017": {
            "instructions": 84016807213,
            "LLC-loads": 687350040,
            "LLC-load-misses": 163046568,
            "LLC-stores": 182938964,
            "LLC-store-misses": 77973221,
            "CPU-utilization": 11.49,
            "user-CPU-utilization": 7.26,
            "sys-CPU-utilization": 3.48,
            "LLC-loads-PKI": 8.181101648595446,
            "LLC-load-misses-PKI": 1.9406422763322009,
            "LLC-stores-PKI": 2.1774091407236154,
            "LLC-store-misses-PKI": 0.9280669378725824
        },
        "330.019": {
            "instructions": 84894450061,
            "LLC-loads": 686620359,
            "LLC-load-misses": 168950899,
            "LLC-stores": 184823099,
            "LLC-store-misses": 82285096,
            "CPU-utilization": 11.36,
            "user-CPU-utilization": 7.09,
            "sys-CPU-utilization": 3.54,
            "LLC-loads-PKI": 8.087929876530637,
            "LLC-load-misses-PKI": 1.9901289057011637,
            "LLC-stores-PKI": 2.177092835482147,
            "LLC-store-misses-PKI": 0.9692635495120697
        },
        "360.022": {
            "instructions": 83769090808,
            "LLC-loads": 687885206,
            "LLC-load-misses": 164846682,
            "LLC-stores": 185664978,
            "LLC-store-misses": 80356745,
            "CPU-utilization": 11.48,
            "user-CPU-utilization": 7.15,
            "sys-CPU-utilization": 3.58,
            "LLC-loads-PKI": 8.211682845843978,
            "LLC-load-misses-PKI": 1.9678700151805522,
            "LLC-stores-PKI": 2.2163900337123974,
            "LLC-store-misses-PKI": 0.9592648580152178
        },
        "390.023": {
            "instructions": 82915698384,
            "LLC-loads": 685200313,
            "LLC-load-misses": 165922404,
            "LLC-stores": 184569887,
            "LLC-store-misses": 80075302,
            "CPU-utilization": 11.24,
            "user-CPU-utilization": 7.06,
            "sys-CPU-utilization": 3.47,
            "LLC-loads-PKI": 8.263818870905403,
            "LLC-load-misses-PKI": 2.0010975874746726,
            "LLC-stores-PKI": 2.2259944811080055,
            "LLC-store-misses-PKI": 0.9657435631688763
        },
        "420.026": {
            "instructions": 87766702334,
            "LLC-loads": 697698003,
            "LLC-load-misses": 168511695,
            "LLC-stores": 189738713,
            "LLC-store-misses": 82360584,
            "CPU-utilization": 11.47,
            "user-CPU-utilization": 7.22,
            "sys-CPU-utilization": 3.5,
            "LLC-loads-PKI": 7.949461292790516,
            "LLC-load-misses-PKI": 1.9199957446130473,
            "LLC-stores-PKI": 2.1618530485279153,
            "LLC-store-misses-PKI": 0.9384035381274007
        },
        "450.028": {
            "instructions": 83101636509,
            "LLC-loads": 689719509,
            "LLC-load-misses": 158368385,
            "LLC-stores": 189036348,
            "LLC-store-misses": 77447019,
            "CPU-utilization": 11.38,
            "user-CPU-utilization": 7.06,
            "sys-CPU-utilization": 3.58,
            "LLC-loads-PKI": 8.299710306250137,
            "LLC-load-misses-PKI": 1.9057192090657389,
            "LLC-stores-PKI": 2.2747608343372057,
            "LLC-store-misses-PKI": 0.9319554012827702
        },
        "480.03": {
            "instructions": 84193461943,
            "LLC-loads": 690565279,
            "LLC-load-misses": 164279040,
            "LLC-stores": 184376827,
            "LLC-store-misses": 80994628,
            "CPU-utilization": 11.2,
            "user-CPU-utilization": 6.98,
            "sys-CPU-utilization": 3.5,
            "LLC-loads-PKI": 8.202124761985926,
            "LLC-load-misses-PKI": 1.9512089918718263,
            "LLC-stores-PKI": 2.1899185844718603,
            "LLC-store-misses-PKI": 0.9620061478744555
        },
        "510.032": {
            "instructions": 84088311665,
            "LLC-loads": 688066486,
            "LLC-load-misses": 164367715,
            "LLC-stores": 182682363,
            "LLC-store-misses": 81755483,
            "CPU-utilization": 11.23,
            "user-CPU-utilization": 7.03,
            "sys-CPU-utilization": 3.46,
            "LLC-loads-PKI": 8.182665014624062,
            "LLC-load-misses-PKI": 1.9547034747804861,
            "LLC-stores-PKI": 2.172506016386552,
            "LLC-store-misses-PKI": 0.9722573967914379
        },
        "540.034": {
            "instructions": 84526785634,
            "LLC-loads": 691464847,