{
    "Total-Time-Stats-Collected": [
        90.0,
        810.0
    ],
    "time": {
        "120.006": {
            "instructions": 63897632508,
            "LLC-loads": 487011152,
            "LLC-load-misses": 81422905,
            "LLC-stores": 148218903,
            "LLC-store-misses": 46181955,
            "CPU-utilization": 8.6,
            "user-CPU-utilization": 5.86,
            "sys-CPU-utilization": 2.13,
            "LLC-loads-PKI": 7.621740162892984,
            "LLC-load-misses-PKI": 1.274271077098292,
            "LLC-stores-PKI": 2.319630590091784,
            "LLC-store-misses-PKI": 0.7227490782889023
        },
        "150.008": {
            "instructions": 62962027076,
            "LLC-loads": 480728805,
            "LLC-load-misses": 83868400,
            "LLC-stores": 145857832,
            "LLC-store-misses": 49282917,
            "CPU-utilization": 8.43,
            "user-CPU-utilization": 5.67,
            "sys-CPU-utilization": 2.12,
            "LLC-loads-PKI": 7.635218040545667,
            "LLC-load-misses-PKI": 1.3320473290792307,
            "LLC-stores-PKI": 2.3166000012029215,
            "LLC-store-misses-PKI": 0.7827403164849145
        },
        "180.01": {
            "instructions": 62961388037,
            "LLC-loads": 477913961,
            "LLC-load-misses": 81928267,
            "LLC-stores": 144860435,
            "LLC-store-misses": 47251858,
            "CPU-utilization": 8.34,
            "user-CPU-utilization": 5.63,
            "sys-CPU-utilization": 2.09,
            "LLC-loads-PKI": 7.5905880715200915,
            "LLC-load-misses-PKI": 1.3012462011138302,
            "LLC-stores-PKI": 2.3007821065645992,
            "LLC-store-misses-PKI": 0.7504894582729321
        },
        "210.012": {
            "instructions": 63906498139,
            "LLC-loads": 479551869,
            "LLC-load-misses": 77533847,
            "LLC-stores": 148859401,
            "LLC-store-misses": 43529848,
            "CPU-utilization": 8.52,
            "user-CPU-utilization": 5.85,
            "sys-CPU-utilization": 2.07,
            "LLC-loads-PKI": 7.503960989333971,
            "LLC-load-misses-PKI": 1.213238860801914,
            "LLC-stores-PKI": 2.3293312156804924,
            "LLC-store-misses-PKI": 0.6811490109397058
        },
        "240.014": {
            "instructions": 63767812075,
            "LLC-loads": 477968925,
            "LLC-load-misses": 76019311,
            "LLC-stores": 147574787,
            "LLC-store-misses": 43549051,
            "CPU-utilization": 8.38,
            "user-CPU-utilization": 5.66,
            "sys-CPU-utilization": 2.11,
            "LLC-loads-PKI": 7.495457495669456,
            "LLC-load-misses-PKI": 1.1921266941163122,
            "LLC-stores-PKI": 2.3142520057992755,
            "LLC-store-misses-PKI": 0.6829315540696321
        },
        "270.016": {
            "instructions": 61910366142,
            "LLC-loads": 470917718,
            "LLC-load-misses": 80089425,
            "LLC-stores": 143304134,
            "LLC-store-misses": 46729596,
            "CPU-utilization": 8.34,
            "user-CPU-utilization": 5.63,
            "sys-CPU-utilization": 2.09,
            "LLC-loads-PKI": 7.6064437564443566,
            "LLC-load-misses-PKI": 1.2936351372289385,
            "LLC-stores-PKI": 2.31470338378087,
            "LLC-store-misses-PKI": 0.7547943730912396
        },
        "300.018": {
            "instructions": 63090527212,
            "LLC-loads": 479784528,
            "LLC-load-misses": 86112633,
            "LLC-stores": 140879158,
            "LLC-store-misses": 49171130,
            "CPU-utilization": 8.34,
            "user-CPU-utilization": 5.63,
            "sys-CPU-utilization": 2.09,
            "LLC-loads-PKI": 7.604699932016792,
            "LLC-load-misses-PKI": 1.3649059027615977,
            "LLC-stores-PKI": 2.2329684696818384,
            "LLC-store-misses-PKI": 0.7793742131013213
        },
        "330.021": {
            "instructions": 63199555215,
            "LLC-loads": 476120306,
            "LLC-load-misses": 78989203,
            "LLC-stores": 142962326,
            "LLC-store-misses": 45585778,
            "CPU-utilization": 8.35,
            "user-CPU-utilization": 5.65,
            "sys-CPU-utilization": 2.09,
            "LLC-loads-PKI": 7.533602165082896,
            "LLC-load-misses-PKI": 1.249837957423669,
            "LLC-stores-PKI": 2.262078040164258,
            "LLC-store-misses-PKI": 0.7212990320093347
        },
        "360.023": {
            "instructions": 61333747160,
            "LLC-loads": 468370765,
            "LLC-load-misses": 77616343,
            "LLC-stores": 141772516,
            "LLC-store-misses": 45662293,
            "CPU-utilization": 8.22,
            "user-CPU-utilization": 5.56,
            "sys-CPU-utilization": 2.06,
            "LLC-loads-PKI": 7.636428339820351,
            "LLC-load-misses-PKI": 1.2654753148788376,
            "LLC-stores-PKI": 2.3114928169994435,
            "LLC-store-misses-PKI": 0.7444888844127162
        },
        "390.025": {
            "instructions": 64437353530,
            "LLC-loads": 471997526,
            "LLC-load-misses": 80952210,
            "LLC-stores": 142357096,
            "LLC-store-misses": 49067638,
            "CPU-utilization": 8.46,
            "user-CPU-utilization": 5.76,
            "sys-CPU-utilization": 2.1,
            "LLC-loads-PKI": 7.324905511214902,
            "LLC-load-misses-PKI": 1.256293214498811,
            "LLC-stores-PKI": 2.2092325057037456,
            "LLC-store-misses-PKI": 0.7614781692912893
        },
        "420.028": {
            "instructions": 60877508709,
            "LLC-loads": 465050668,
            "LLC-load-misses": 74455733,
            "LLC-stores": 141782142,
            "LLC-store-misses": 43399341,
            "CPU-utilization": 8.15,
            "user-CPU-utilization": 5.49,
            "sys-CPU-utilization": 2.04,
            "LLC-loads-PKI": 7.639121210149782,
            "LLC-load-misses-PKI": 1.223041720644403,
            "LLC-stores-PKI": 2.3289741155100723,
            "LLC-store-misses-PKI": 0.7128961404687695
        },
        "450.03": {
            "instructions": 62560041179,
            "LLC-loads": 479605726,
            "LLC-load-misses": 88881049,
            "LLC-stores": 138967724,
            "LLC-store-misses": 48149767,
            "CPU-utilization": 8.34,
            "user-CPU-utilization": 5.58,
            "sys-CPU-utilization": 2.1,
            "LLC-loads-PKI": 7.666326891117726,
            "LLC-load-misses-PKI": 1.4207319452634148,
            "LLC-stores-PKI": 2.2213496247928997,
            "LLC-store-misses-PKI": 0.7696568942822691
        },
        "480.032": {
            "instructions": 60519200618,
            "LLC-loads": 469861511,
            "LLC-load-misses": 83913780,
            "LLC-stores": 139120161,
            "LLC-store-misses": 48985794,
            "CPU-utilization": 8.18,
            "user-CPU-utilization": 5.51,
            "sys-CPU-utilization": 2.03,
            "LLC-loads-PKI": 7.763841990673136,
            "LLC-load-misses-PKI": 1.3865645802175688,
            "LLC-stores-PKI": 2.298777240600597,
            "LLC-store-misses-PKI": 0.8094256616044981
        },
        "510.034": {
            "instructions": 60390045895,
            "LLC-loads": 459724462,
            "LLC-load-misses": 72612963,
            "LLC-stores": 139267832,
            "LLC-store-misses": 43824440,
            "CPU-utilization": 8.09,
            "user-CPU-utilization": 5.45,
            "sys-CPU-utilization": 2.04,
            "LLC-loads-PKI": 7.612586729927671,
            "LLC-load-misses-PKI": 1.2023995332981192,
            "LLC-stores-PKI": 2.306138866695756,
            "LLC-store-misses-PKI": 0.7256897945763682
        },
        "540.036": {
            "instructions": 59963437356,
            "LLC-loads": 469862940,