{
    "video-analytics-standalone-python-1": {
        "name": "video-analytics-standalone-python-1",
        "yaml": "./yamls/video-analytics-standalone/kn-video-analytics-standalone-python-1.yaml",
        "cpu": {
            "0-percentile": 245.0,
            "1-percentile": 274.205,
            "5-percentile": 296.375,
            "25-percentile": 312.2684615384615,
            "50-percentile": 321.85960784313727,
            "75-percentile": 329.40460526315786,
            "95-percentile": 335.99916666666667,
            "99-percentile": 338.7244,
            "100-percentile": 340.44
        },
        "memory": {
            "0-percentile": 365.0,
            "1-percentile": 365.99,
            "5-percentile": 368.31666666666666,
            "25-percentile": 370.67923076923074,
            "50-percentile": 371.8017647058823,
            "75-percentile": 372.6377631578947,
            "95-percentile": 373.8358333333333,
            "99-percentile": 374.1828,
            "100-percentile": 374.28
        },
        "duration": {
            "0-percentile": 109.459,
            "1-percentile": 115.094278,
            "5-percentile": 123.95006360294119,
            "25-percentile": 134.7923979166667,
            "50-percentile": 141.64679704968944,
            "75-percentile": 148.84566723288378,
            "95-percentile": 157.68676417008194,
            "99-percentile": 160.02903384179209,
            "100-percentile": 161.13099062499995
        }
    },
    "video-analytics-standalone-python-2": {
        "name": "video-analytics-standalone-python-2",
        "yaml": "./yamls/video-analytics-standalone/kn-video-analytics-standalone-python-2.yaml",
        "cpu": {
            "0-percentile": 226.0,
            "1-percentile": 233.425,
            "5-percentile": 366.97333333333336,
            "25-percentile": 425.9065384615385,
            "50-percentile": 438.52294117647057,
            "75-percentile": 447.05552631578945,
            "95-percentile": 455.62833333333333,
            "99-percentile": 458.4434,
            "100-percentile": 459.34
        },
        "memory": {
            "0-percentile": 360.0,
            "1-percentile": 362.97,
            "5-percentile": 365.97,
            "25-percentile": 370.65923076923076,
            "50-percentile": 372.3066666666666,
            "75-percentile": 373.1926315789474,
            "95-percentile": 374.78479166666665,
            "99-percentile": 375.2436,
            "100-percentile": 375.36
        },
        "duration": {
            "0-percentile": 142.178,
            "1-percentile": 145.6945345,
            "5-percentile": 155.60116525735293,
            "25-percentile": 166.62617349537035,
            "50-percentile": 171.50129285714286,
            "75-percentile": 175.96167078578847,
            "95-percentile": 182.3546658196722,
            "99-percentile": 184.425702088408,
            "100-percentile": 185.57717187500006
        }
    },
    "video-analytics-standalone-python-5": {
        "name": "video-analytics-standalone-python-5",
        "yaml": "./yamls/video-analytics-standalone/kn-video-analytics-standalone-python-5.yaml",
        "cpu": {
            "0-percentile": 704.0,
            "1-percentile": 784.19,
            "5-percentile": 841.8483333333332,
            "25-percentile": 875.5580769230769,
            "50-percentile": 889.7201960784314,
            "75-percentile": 903.1115789473685,
            "95-percentile": 916.1479166666666,
            "99-percentile": 921.1930000000001,
            "100-percentile": 923.3
        },
        "memory": {
            "0-percentile": 368.0,
            "1-percentile": 368.0,
            "5-percentile": 369.3066666666667,
            "25-percentile": 374.04769230769233,
            "50-percentile": 375.821568627451,
            "75-percentile": 376.8271052631579,
            "95-percentile": 378.5317708333333,
            "99-percentile": 378.9506,
            "100-percentile": 379.06
        },
        "duration": {
            "0-percentile": 243.448,
            "1-percentile": 246.10920399999998,
            "5-percentile": 257.3192924632353,
            "25-percentile": 269.4018311342593,
            "50-percentile": 276.7891445263974,
            "75-percentile": 284.75861543049785,
            "95-percentile": 294.78897114754096,
            "99-percentile": 297.93657527013534,
            "100-percentile": 299.26527187499994
        }
    },
    "video-analytics-standalone-python-10": {
        "name": "video-analytics-standalone-python-10",
        "yaml": "./yamls/video-analytics-standalone/kn-video-analytics-standalone-python-10.yaml",
        "cpu": {
            "0-percentile": 1133.0,
            "1-percentile": 1360.7,
            "5-percentile": 1521.5066666666667,
            "25-percentile": 1601.688846153846,
            "50-percentile": 1630.2033333333334,
            "75-percentile": 1649.8388157894738,
            "95-percentile": 1664.8863541666667,
            "99-percentile": 1669.5613,
            "100-percentile": 1671.13
        },
        "memory": {
            "0-percentile": 368.0,
            "1-percentile": 368.0,
            "5-percentile": 369.81166666666667,
            "25-percentile": 375.15423076923076,
            "50-percentile": 377.4550980392157,
            "75-percentile": 378.62447368421056,
            "95-percentile": 380.04677083333337,
            "99-percentile": 380.4456,
            "100-percentile": 380.56
        },
        "duration": {
            "0-percentile": 410.828,
            "1-percentile": 416.22881249999995,
            "5-percentile": 422.1442615808823,
            "25-percentile": 439.0931133101851,
            "50-percentile": 450.91932587344684,
            "75-percentile": 461.518533428423,
            "95-percentile": 471.6561941905737,
            "99-percentile": 475.01587674779375,
            "100-percentile": 476.25653750000004
        }
    },
    "video-analytics-standalone-python-20": {
        "name": "video-analytics-standalone-python-20",
        "yaml": "./yamls/video-analytics-standalone/kn-video-analytics-standalone-python-20.yaml",
        "cpu": {
            "0-percentile": 896.0,
            "1-percentile": 1283.09,
            "5-percentile": 2442.773333333333,
            "25-percentile": 2941.8815384615386,
            "50-percentile": 3045.8582352941175,
            "75-percentile": 3096.288289473684,
            "95-percentile": 3131.3923958333335,
            "99-percentile": 3140.0325000000003,
            "100-percentile": 3142.25
        },
        "memory": {
            "0-percentile": 373.0,
            "1-percentile": 377.95,
            "5-percentile": 391.40500000000003,
            "25-percentile": 401.3773076923077,
            "50-percentile": 404.4550980392157,
            "75-percentile": 406.17592105263157,
            "95-percentile": 407.2445833333333,
            "99-percentile": 407.43489999999997,
            "100-percentile": 407.49
        },
        "duration": {
            "0-percentile": 747.924,
            "1-percentile": 748.9510899999999,
            "5-percentile": 758.0178909926469,
            "25-percentile": 778.2694637731479,
            "50-percentile": 793.9410714868011,
            "75-percentile": 807.856378319502,
            "95-percentile": 820.7340657786883,
            "99-percentile": 824.6187161371437,
            "100-percentile": 825.8745343749997
        }
    },
    "video-analytics-standalone-python-30": {
        "name": "video-analytics-standalone-python-30",
        "yaml": "./yamls/video-analytics-standalone/kn-video-analytics-standalone-python-30.yaml",
        "cpu": {
            "0-percentile": 3131.0,
            "1-percentile": 3780.935,
            "5-percentile": 4232.966666666666,
            "25-percentile": 4450.488461538462,
            "50-percentile": 4510.397843137254,
            "75-percentile": 4549.507763157895,