{
    "fibonacci-nodejs-10-10": {
        "name": "fibonacci-nodejs-10-10",
        "yaml": "./yamls/fibonacci-nodejs/kn-fibonacci-nodejs-10-10.yaml",
        "cpu": {
            "0-percentile": 2.0,
            "1-percentile": 2.5316666666666667,
            "5-percentile": 2.855952380952381,
            "25-percentile": 2.96747311827957,
            "50-percentile": 2.9834699453551914,
            "75-percentile": 2.988919413919414,
            "95-percentile": 3.176231884057971,
            "99-percentile": 3.2560931491240566,
            "100-percentile": 3.283333333333333
        },
        "memory": {
            "0-percentile": 41.0,
            "1-percentile": 41.06333333333333,
            "5-percentile": 41.99166666666667,
            "25-percentile": 45.59301075268817,
            "50-percentile": 47.43784153005464,
            "75-percentile": 48.28525641025641,
            "95-percentile": 48.8518115942029,
            "99-percentile": 48.93786141575274,
            "100-percentile": 48.958333333333336
        },
        "duration": {
            "0-percentile": 1.582,
            "1-percentile": 1.857335,
            "5-percentile": 2.2145625,
            "25-percentile": 2.5510133265856947,
            "50-percentile": 2.6467807894736834,
            "75-percentile": 2.7342261575537288,
            "95-percentile": 2.8956517605633785,
            "99-percentile": 2.9777184663522562,
            "100-percentile": 3.1547199999999984
        }
    },
    "fibonacci-nodejs-1000-1010": {
        "name": "fibonacci-nodejs-1000-1010",
        "yaml": "./yamls/fibonacci-nodejs/kn-fibonacci-nodejs-1000-1010.yaml",
        "cpu": {
            "0-percentile": 2.0,
            "1-percentile": 2.5316666666666667,
            "5-percentile": 2.855952380952381,
            "25-percentile": 2.96747311827957,
            "50-percentile": 2.9834699453551914,
            "75-percentile": 3.047069597069597,
            "95-percentile": 3.245942028985507,
            "99-percentile": 3.282953995157385,
            "100-percentile": 3.375
        },
        "memory": {
            "0-percentile": 39.0,
            "1-percentile": 39.0,
            "5-percentile": 39.70357142857143,
            "25-percentile": 43.560483870967744,
            "50-percentile": 45.44603825136612,
            "75-percentile": 46.61767399267399,
            "95-percentile": 47.22050724637681,
            "99-percentile": 47.33184517874947,
            "100-percentile": 47.358333333333334
        },
        "duration": {
            "0-percentile": 1.723,
            "1-percentile": 1.8817183333333336,
            "5-percentile": 2.2755312500000002,
            "25-percentile": 2.6969600202429156,
            "50-percentile": 2.9000318421052635,
            "75-percentile": 3.0536306494943117,
            "95-percentile": 3.2304919826652236,
            "99-percentile": 3.3132030078904418,
            "100-percentile": 3.429106666666668
        }
    },
    "fibonacci-nodejs-4500-4545": {
        "name": "fibonacci-nodejs-4500-4545",
        "yaml": "./yamls/fibonacci-nodejs/kn-fibonacci-nodejs-4500-4545.yaml",
        "cpu": {
            "0-percentile": 3.0,
            "1-percentile": 3.0,
            "5-percentile": 3.0,
            "25-percentile": 3.0,
            "50-percentile": 3.47103825136612,
            "75-percentile": 3.6454212454212453,
            "95-percentile": 3.772463768115942,
            "99-percentile": 3.8216350947158526,
            "100-percentile": 3.908333333333333
        },
        "memory": {
            "0-percentile": 41.0,
            "1-percentile": 41.531666666666666,
            "5-percentile": 42.55952380952381,
            "25-percentile": 46.17016129032258,
            "50-percentile": 47.94193989071038,
            "75-percentile": 48.95009157509158,
            "95-percentile": 49.41340579710145,
            "99-percentile": 49.51701680672269,
            "100-percentile": 49.541666666666664
        },
        "duration": {
            "0-percentile": 3.829,
            "1-percentile": 3.970001666666667,
            "5-percentile": 5.10969375,
            "25-percentile": 6.336779858299595,
            "50-percentile": 6.670673157894737,
            "75-percentile": 6.958191588969657,
            "95-percentile": 7.290513001083421,
            "99-percentile": 7.458475398149824,
            "100-percentile": 7.621473333333331
        }
    },
    "fibonacci-nodejs-10000-10100": {
        "name": "fibonacci-nodejs-10000-10100",
        "yaml": "./yamls/fibonacci-nodejs/kn-fibonacci-nodejs-10000-10100.yaml",
        "cpu": {
            "0-percentile": 2.0,
            "1-percentile": 2.5316666666666667,
            "5-percentile": 3.4238095238095236,
            "25-percentile": 3.8698924731182798,
            "50-percentile": 3.9916666666666667,
            "75-percentile": 4.61492673992674,
            "95-percentile": 4.939492753623188,
            "99-percentile": 5.028837060247828,
            "100-percentile": 5.133333333333334
        },
        "memory": {
            "0-percentile": 41.0,
            "1-percentile": 41.0,
            "5-percentile": 41.56785714285714,
            "25-percentile": 45.81236559139785,
            "50-percentile": 47.82622950819672,
            "75-percentile": 48.98608058608058,
            "95-percentile": 49.633043478260866,
            "99-percentile": 49.76791340264919,
            "100-percentile": 49.8
        },
        "duration": {
            "0-percentile": 8.412,
            "1-percentile": 9.434163333333334,
            "5-percentile": 12.774525,
            "25-percentile": 16.021738022941967,
            "50-percentile": 16.999891929824564,
            "75-percentile": 17.678409548830594,
            "95-percentile": 18.3035585048754,
            "99-percentile": 18.50936806502811,
            "100-percentile": 18.67483333333333
        }
    },
    "fibonacci-nodejs-20000-20200": {
        "name": "fibonacci-nodejs-20000-20200",
        "yaml": "./yamls/fibonacci-nodejs/kn-fibonacci-nodejs-20000-20200.yaml",
        "cpu": {
            "0-percentile": 2.0,
            "1-percentile": 3.1266666666666665,
            "5-percentile": 4.423809523809524,
            "25-percentile": 4.86989247311828,
            "50-percentile": 5.264344262295082,
            "75-percentile": 6.1495421245421245,
            "95-percentile": 6.536159420289855,
            "99-percentile": 6.64166001994018,
            "100-percentile": 7.216666666666667
        },
        "memory": {
            "0-percentile": 40.0,
            "1-percentile": 41.65833333333333,
            "5-percentile": 43.70357142857143,
            "25-percentile": 48.36532258064516,
            "50-percentile": 50.39644808743169,
            "75-percentile": 51.73122710622711,
            "95-percentile": 52.41340579710145,
            "99-percentile": 52.51701680672269,
            "100-percentile": 52.541666666666664
        },
        "duration": {
            "0-percentile": 18.679,
            "1-percentile": 19.661976666666664,
            "5-percentile": 23.975637499999998,
            "25-percentile": 29.341979925775973,
            "50-percentile": 30.966688684210514,
            "75-percentile": 31.843966893173185,
            "95-percentile": 32.60899593716142,
            "99-percentile": 32.93683941320514,
            "100-percentile": 33.063886666666654
        }
    },
    "fibonacci-nodejs-45000-45450": {
        "name": "fibonacci-nodejs-45000-45450",
        "yaml": "./yamls/fibonacci-nodejs/kn-fibonacci-nodejs-45000-45450.yaml",
        "cpu": {
            "0-percentile": 2.0,
            "1-percentile": 4.126666666666667,
            "5-percentile": 5.991666666666666,
            "25-percentile": 6.772311827956989,
            "50-percentile": 7.4295081967213115,
            "75-percentile": 8.91959706959707,
            "95-percentile": 9.738260869565217,
            "99-percentile": 9.875722831505485,