{
    "fibonacci-go-10-10": {
        "name": "fibonacci-go-10-10",
        "yaml": "./yamls/fibonacci-go/kn-fibonacci-go-10-10.yaml",
        "cpu": {
            "0-percentile": 3.0,
            "1-percentile": 3.0,
            "5-percentile": 3.0,
            "25-percentile": 3.0,
            "50-percentile": 3.0,
            "75-percentile": 3.0,
            "95-percentile": 3.105652173913043,
            "99-percentile": 3.1482837202677683,
            "100-percentile": 3.1666666666666665
        },
        "memory": {
            "0-percentile": 17.0,
            "1-percentile": 17.063333333333333,
            "5-percentile": 17.991666666666667,
            "25-percentile": 21.747311827956988,
            "50-percentile": 23.685792349726775,
            "75-percentile": 24.750641025641023,
            "95-percentile": 25.369565217391305,
            "99-percentile": 25.47493234581968,
            "100-percentile": 25.5
        },
        "duration": {
            "0-percentile": 0.554,
            "1-percentile": 0.5873233333333334,
            "5-percentile": 0.62723,
            "25-percentile": 0.6934536231884059,
            "50-percentile": 0.7429145299145297,
            "75-percentile": 0.7799120506535943,
            "95-percentile": 0.8089053294573644,
            "99-percentile": 0.817270183918147,
            "100-percentile": 0.8279777777777778
        }
    },
    "fibonacci-go-1000-1010": {
        "name": "fibonacci-go-1000-1010",
        "yaml": "./yamls/fibonacci-go/kn-fibonacci-go-1000-1010.yaml",
        "cpu": {
            "0-percentile": 2.0,
            "1-percentile": 2.5316666666666667,
            "5-percentile": 2.855952380952381,
            "25-percentile": 2.96747311827957,
            "50-percentile": 2.9834699453551914,
            "75-percentile": 2.988919413919414,
            "95-percentile": 3.105652173913043,
            "99-percentile": 3.1414769975786925,
            "100-percentile": 3.15
        },
        "memory": {
            "0-percentile": 16.0,
            "1-percentile": 17.063333333333333,
            "5-percentile": 18.135714285714286,
            "25-percentile": 21.43037634408602,
            "50-percentile": 23.545218579234973,
            "75-percentile": 24.853113553113552,
            "95-percentile": 25.50985507246377,
            "99-percentile": 25.609602620709303,
            "100-percentile": 25.633333333333333
        },
        "duration": {
            "0-percentile": 0.577,
            "1-percentile": 0.6029,
            "5-percentile": 0.6566388888888889,
            "25-percentile": 0.7866048309178746,
            "50-percentile": 0.8402844932844937,
            "75-percentile": 0.8799617647058828,
            "95-percentile": 0.9194588501291995,
            "99-percentile": 0.9312128761534123,
            "100-percentile": 0.9361722222222228
        }
    },
    "fibonacci-go-4500-4545": {
        "name": "fibonacci-go-4500-4545",
        "yaml": "./yamls/fibonacci-go/kn-fibonacci-go-4500-4545.yaml",
        "cpu": {
            "0-percentile": 3.0,
            "1-percentile": 3.0,
            "5-percentile": 3.0,
            "25-percentile": 3.0,
            "50-percentile": 3.0,
            "75-percentile": 3.0,
            "95-percentile": 3.167028985507246,
            "99-percentile": 3.2156188577125766,
            "100-percentile": 3.2333333333333334
        },
        "memory": {
            "0-percentile": 17.0,
            "1-percentile": 17.063333333333333,
            "5-percentile": 17.991666666666667,
            "25-percentile": 22.00752688172043,
            "50-percentile": 24.247677595628414,
            "75-percentile": 25.833699633699634,
            "95-percentile": 26.7031884057971,
            "99-percentile": 26.835248540094003,
            "100-percentile": 26.866666666666667
        },
        "duration": {
            "0-percentile": 1.087,
            "1-percentile": 1.146015,
            "5-percentile": 1.2870438888888889,
            "25-percentile": 1.5442500000000003,
            "50-percentile": 1.6300730769230771,
            "75-percentile": 1.7014443218954245,
            "95-percentile": 1.8236005167958653,
            "99-percentile": 1.8932334991525952,
            "100-percentile": 1.9369722222222217
        }
    },
    "fibonacci-go-10000-10100": {
        "name": "fibonacci-go-10000-10100",
        "yaml": "./yamls/fibonacci-go/kn-fibonacci-go-10000-10100.yaml",
        "cpu": {
            "0-percentile": 3.0,
            "1-percentile": 3.0,
            "5-percentile": 3.0,
            "25-percentile": 3.0,
            "50-percentile": 3.0,
            "75-percentile": 3.3072409488139822,
            "95-percentile": 3.451808725353206,
            "99-percentile": 3.473767926988266,
            "100-percentile": 3.4789915966386555
        },
        "memory": {
            "0-percentile": 17.0,
            "1-percentile": 17.53,
            "5-percentile": 18.547619047619047,
            "25-percentile": 23.490860215053765,
            "50-percentile": 25.8,
            "75-percentile": 27.094881398252184,
            "95-percentile": 27.755061325881076,
            "99-percentile": 27.885045632333767,
            "100-percentile": 27.915966386554622
        },
        "duration": {
            "0-percentile": 1.59,
            "1-percentile": 1.907415,
            "5-percentile": 2.5554466666666666,
            "25-percentile": 3.3334173913043488,
            "50-percentile": 3.4981367521367526,
            "75-percentile": 3.63983725490196,
            "95-percentile": 3.851205329457364,
            "99-percentile": 3.932580248571967,
            "100-percentile": 3.9654222222222226
        }
    },
    "fibonacci-go-20000-20200": {
        "name": "fibonacci-go-20000-20200",
        "yaml": "./yamls/fibonacci-go/kn-fibonacci-go-20000-20200.yaml",
        "cpu": {
            "0-percentile": 3.0,
            "1-percentile": 3.0,
            "5-percentile": 3.0,
            "25-percentile": 3.0,
            "50-percentile": 3.4379781420765028,
            "75-percentile": 3.6232600732600733,
            "95-percentile": 3.9394927536231883,
            "99-percentile": 4.028837060247828,
            "100-percentile": 4.191666666666666
        },
        "memory": {
            "0-percentile": 16.0,
            "1-percentile": 17.126666666666665,
            "5-percentile": 19.686904761904763,
            "25-percentile": 26.771505376344084,
            "50-percentile": 29.231147540983606,
            "75-percentile": 30.473626373626374,
            "95-percentile": 31.07144927536232,
            "99-percentile": 31.188758011679248,
            "100-percentile": 31.216666666666665
        },
        "duration": {
            "0-percentile": 3.196,
            "1-percentile": 3.7946866666666668,
            "5-percentile": 4.86346611111111,
            "25-percentile": 8.00890458937198,
            "50-percentile": 8.643794139194139,
            "75-percentile": 9.000155555555558,
            "95-percentile": 9.38911582687339,
            "99-percentile": 9.548997582072694,
            "100-percentile": 9.605600000000006
        }
    },
    "fibonacci-go-45000-45450": {
        "name": "fibonacci-go-45000-45450",
        "yaml": "./yamls/fibonacci-go/kn-fibonacci-go-45000-45450.yaml",
        "cpu": {
            "0-percentile": 3.0,
            "1-percentile": 3.5316666666666667,
            "5-percentile": 3.855952380952381,
            "25-percentile": 4.7397849462365595,
            "50-percentile": 5.0412568306010925,
            "75-percentile": 5.6481684981684985,
            "95-percentile": 6.044710144927537,
            "99-percentile": 6.1230330437259655,
            "100-percentile": 6.141666666666667
        },
        "memory": {
            "0-percentile": 18.0,
            "1-percentile": 19.595,
            "5-percentile": 22.407142857142855,
            "25-percentile": 27.38951612903226,