{
    "Total-Time-Stats-Collected": [
        90.0,
        810.0
    ],
    "time": {
        "120.005": {
            "instructions": 206726312023,
            "LLC-loads": 1646469350,
            "LLC-load-misses": 509327049,
            "LLC-stores": 653526063,
            "LLC-store-misses": 225949935,
            "CPU-utilization": 31.93,
            "user-CPU-utilization": 20.36,
            "sys-CPU-utilization": 9.09,
            "LLC-loads-PKI": 7.964488573746804,
            "LLC-load-misses-PKI": 2.463774659431515,
            "LLC-stores-PKI": 3.161310510523159,
            "LLC-store-misses-PKI": 1.0929906928096371
        },
        "150.007": {
            "instructions": 203798274917,
            "LLC-loads": 1643512376,
            "LLC-load-misses": 499444022,
            "LLC-stores": 648803199,
            "LLC-store-misses": 221432186,
            "CPU-utilization": 31.67,
            "user-CPU-utilization": 20.13,
            "sys-CPU-utilization": 9.13,
            "LLC-loads-PKI": 8.064407692701746,
            "LLC-load-misses-PKI": 2.450678359291345,
            "LLC-stores-PKI": 3.183555892532629,
            "LLC-store-misses-PKI": 1.086526302002221
        },
        "180.009": {
            "instructions": 202819474429,
            "LLC-loads": 1636989154,
            "LLC-load-misses": 498669739,
            "LLC-stores": 646986809,
            "LLC-store-misses": 219754984,
            "CPU-utilization": 31.52,
            "user-CPU-utilization": 19.94,
            "sys-CPU-utilization": 9.09,
            "LLC-loads-PKI": 8.071163573461742,
            "LLC-load-misses-PKI": 2.4586876600677066,
            "LLC-stores-PKI": 3.189963936261394,
            "LLC-store-misses-PKI": 1.0835004114801043
        },
        "210.011": {
            "instructions": 201754281142,
            "LLC-loads": 1634019500,
            "LLC-load-misses": 516787475,
            "LLC-stores": 642745424,
            "LLC-store-misses": 230858113,
            "CPU-utilization": 31.45,
            "user-CPU-utilization": 19.93,
            "sys-CPU-utilization": 9.04,
            "LLC-loads-PKI": 8.099057381835351,
            "LLC-load-misses-PKI": 2.561469685177443,
            "LLC-stores-PKI": 3.185783321978773,
            "LLC-store-misses-PKI": 1.1442538502442778
        },
        "240.013": {
            "instructions": 202038557177,
            "LLC-loads": 1644190773,
            "LLC-load-misses": 507820031,
            "LLC-stores": 640589036,
            "LLC-store-misses": 224122385,
            "CPU-utilization": 31.62,
            "user-CPU-utilization": 19.96,
            "sys-CPU-utilization": 9.16,
            "LLC-loads-PKI": 8.13800492328587,
            "LLC-load-misses-PKI": 2.513480783547241,
            "LLC-stores-PKI": 3.1706276512299523,
            "LLC-store-misses-PKI": 1.1093050164858038
        },
        "270.015": {
            "instructions": 202993961276,
            "LLC-loads": 1632766658,
            "LLC-load-misses": 495867488,
            "LLC-stores": 650016443,
            "LLC-store-misses": 217590735,
            "CPU-utilization": 31.48,
            "user-CPU-utilization": 19.87,
            "sys-CPU-utilization": 9.16,
            "LLC-loads-PKI": 8.043424778434737,
            "LLC-load-misses-PKI": 2.4427696512892596,
            "LLC-stores-PKI": 3.202146698916858,
            "LLC-store-misses-PKI": 1.0719074283404597
        },
        "300.016": {
            "instructions": 202611174105,
            "LLC-loads": 1641193073,
            "LLC-load-misses": 508589360,
            "LLC-stores": 637796645,
            "LLC-store-misses": 225200186,
            "CPU-utilization": 31.43,
            "user-CPU-utilization": 19.96,
            "sys-CPU-utilization": 8.99,
            "LLC-loads-PKI": 8.100210071086593,
            "LLC-load-misses-PKI": 2.510174289481348,
            "LLC-stores-PKI": 3.147884847996943,
            "LLC-store-misses-PKI": 1.1114894674234186
        },
        "330.018": {
            "instructions": 203295720693,
            "LLC-loads": 1628620854,
            "LLC-load-misses": 497555116,
            "LLC-stores": 646032088,
            "LLC-store-misses": 221523420,
            "CPU-utilization": 31.34,
            "user-CPU-utilization": 19.74,
            "sys-CPU-utilization": 9.13,
            "LLC-loads-PKI": 8.011092650884695,
            "LLC-load-misses-PKI": 2.4474451026510566,
            "LLC-stores-PKI": 3.1777948192799546,
            "LLC-store-misses-PKI": 1.089661008332418
        },
        "360.02": {
            "instructions": 207894727651,
            "LLC-loads": 1638494107,
            "LLC-load-misses": 505153030,
            "LLC-stores": 639188466,
            "LLC-store-misses": 223511877,
            "CPU-utilization": 31.46,
            "user-CPU-utilization": 19.96,
            "sys-CPU-utilization": 9.08,
            "LLC-loads-PKI": 7.881364407425455,
            "LLC-load-misses-PKI": 2.4298501251461158,
            "LLC-stores-PKI": 3.074577567320647,
            "LLC-store-misses-PKI": 1.0751204685441424
        },
        "390.021": {
            "instructions": 205531687288,
            "LLC-loads": 1640826128,
            "LLC-load-misses": 503169623,
            "LLC-stores": 642621038,
            "LLC-store-misses": 221618550,
            "CPU-utilization": 31.42,
            "user-CPU-utilization": 19.85,
            "sys-CPU-utilization": 9.05,
            "LLC-loads-PKI": 7.983324370323505,
            "LLC-load-misses-PKI": 2.448136487562313,
            "LLC-stores-PKI": 3.1266275603504936,
            "LLC-store-misses-PKI": 1.0782695015268298
        },
        "420.023": {
            "instructions": 204055201184,
            "LLC-loads": 1622575238,
            "LLC-load-misses": 487393041,
            "LLC-stores": 651611798,
            "LLC-store-misses": 215717139,
            "CPU-utilization": 31.22,
            "user-CPU-utilization": 19.71,
            "sys-CPU-utilization": 9.0,
            "LLC-loads-PKI": 7.951648517583714,
            "LLC-load-misses-PKI": 2.38853525012827,
            "LLC-stores-PKI": 3.193311389364835,
            "LLC-store-misses-PKI": 1.0571508971510322
        },
        "450.025": {
            "instructions": 201378892984,
            "LLC-loads": 1637981177,
            "LLC-load-misses": 507108649,
            "LLC-stores": 637652518,
            "LLC-store-misses": 225195334,
            "CPU-utilization": 31.47,
            "user-CPU-utilization": 19.97,
            "sys-CPU-utilization": 8.97,
            "LLC-loads-PKI": 8.133827496658954,
            "LLC-load-misses-PKI": 2.518181729404436,
            "LLC-stores-PKI": 3.1664317374644764,
            "LLC-store-misses-PKI": 1.1182668186476339
        },
        "480.027": {
            "instructions": 200844046464,
            "LLC-loads": 1624536338,
            "LLC-load-misses": 491759477,
            "LLC-stores": 643560505,
            "LLC-store-misses": 215481520,
            "CPU-utilization": 31.24,
            "user-CPU-utilization": 19.67,
            "sys-CPU-utilization": 9.1,
            "LLC-loads-PKI": 8.088546146132282,
            "LLC-load-misses-PKI": 2.4484642968401094,
            "LLC-stores-PKI": 3.204279720162649,
            "LLC-store-misses-PKI": 1.0728797980010012
        },
        "510.029": {
            "instructions": 203734748529,
            "LLC-loads": 1631474201,
            "LLC-load-misses": 491555228,
            "LLC-stores": 641501064,
            "LLC-store-misses": 214533460,
            "CPU-utilization": 31.22,
            "user-CPU-utilization": 19.74,
            "sys-CPU-utilization": 9.0,
            "LLC-loads-PKI": 8.007834759556358,
            "LLC-load-misses-PKI": 2.412721597808491,
            "LLC-stores-PKI": 3.148707172594505,
            "LLC-store-misses-PKI": 1.0530037784372503
        },