{
    "Total-Time-Stats-Collected": [
        90.0,
        810.0
    ],
    "time": {
        "120.012": {
            "instructions": 28390716360,
            "LLC-loads": 207498729,
            "LLC-load-misses": 45574098,
            "LLC-stores": 101044043,
            "LLC-store-misses": 24239778,
            "CPU-utilization": 4.1,
            "user-CPU-utilization": 2.62,
            "sys-CPU-utilization": 1.18,
            "LLC-loads-PKI": 7.308682400573284,
            "LLC-load-misses-PKI": 1.605246497556147,
            "LLC-stores-PKI": 3.559052252107386,
            "LLC-store-misses-PKI": 0.8537924049761455
        },
        "150.016": {
            "instructions": 28805136080,
            "LLC-loads": 211386818,
            "LLC-load-misses": 46266091,
            "LLC-stores": 101307192,
            "LLC-store-misses": 23369452,
            "CPU-utilization": 4.15,
            "user-CPU-utilization": 2.65,
            "sys-CPU-utilization": 1.24,
            "LLC-loads-PKI": 7.3385113478693205,
            "LLC-load-misses-PKI": 1.6061750540426538,
            "LLC-stores-PKI": 3.5169836281502476,
            "LLC-store-misses-PKI": 0.8112946224276264
        },
        "180.019": {
            "instructions": 29915911050,
            "LLC-loads": 213707436,
            "LLC-load-misses": 49185087,
            "LLC-stores": 105949958,
            "LLC-store-misses": 23125868,
            "CPU-utilization": 4.2,
            "user-CPU-utilization": 2.68,
            "sys-CPU-utilization": 1.23,
            "LLC-loads-PKI": 7.143604473312538,
            "LLC-load-misses-PKI": 1.6441112863918614,
            "LLC-stores-PKI": 3.541592225719631,
            "LLC-store-misses-PKI": 0.7730290400097978
        },
        "210.021": {
            "instructions": 28520812287,
            "LLC-loads": 209435941,
            "LLC-load-misses": 44773678,
            "LLC-stores": 104918698,
            "LLC-store-misses": 22873440,
            "CPU-utilization": 4.08,
            "user-CPU-utilization": 2.59,
            "sys-CPU-utilization": 1.2,
            "LLC-loads-PKI": 7.343267046270714,
            "LLC-load-misses-PKI": 1.569859846537687,
            "LLC-stores-PKI": 3.678671453821907,
            "LLC-store-misses-PKI": 0.8019911834848367
        },
        "240.024": {
            "instructions": 28209495509,
            "LLC-loads": 207349274,
            "LLC-load-misses": 46250190,
            "LLC-stores": 101964670,
            "LLC-store-misses": 24066015,
            "CPU-utilization": 4.05,
            "user-CPU-utilization": 2.6,
            "sys-CPU-utilization": 1.17,
            "LLC-loads-PKI": 7.350336128267412,
            "LLC-load-misses-PKI": 1.639525598224338,
            "LLC-stores-PKI": 3.6145513473457562,
            "LLC-store-misses-PKI": 0.8531175253496449
        },
        "270.028": {
            "instructions": 27959539623,
            "LLC-loads": 212098969,
            "LLC-load-misses": 50907940,
            "LLC-stores": 100616792,
            "LLC-store-misses": 24088199,
            "CPU-utilization": 4.16,
            "user-CPU-utilization": 2.72,
            "sys-CPU-utilization": 1.19,
            "LLC-loads-PKI": 7.585924942252044,
            "LLC-load-misses-PKI": 1.8207717539856147,
            "LLC-stores-PKI": 3.5986569649104982,
            "LLC-store-misses-PKI": 0.8615377550846594
        },
        "300.03": {
            "instructions": 30079935121,
            "LLC-loads": 216713060,
            "LLC-load-misses": 56998483,
            "LLC-stores": 100663414,
            "LLC-store-misses": 25097662,
            "CPU-utilization": 4.23,
            "user-CPU-utilization": 2.74,
            "sys-CPU-utilization": 1.2,
            "LLC-loads-PKI": 7.204572055366701,
            "LLC-load-misses-PKI": 1.8949004634058233,
            "LLC-stores-PKI": 3.3465302898782805,
            "LLC-store-misses-PKI": 0.8343655629256435
        },
        "330.033": {
            "instructions": 28526077147,
            "LLC-loads": 211201383,
            "LLC-load-misses": 49709116,
            "LLC-stores": 101844740,
            "LLC-store-misses": 24111229,
            "CPU-utilization": 4.14,
            "user-CPU-utilization": 2.61,
            "sys-CPU-utilization": 1.26,
            "LLC-loads-PKI": 7.403800456390878,
            "LLC-load-misses-PKI": 1.742585065021033,
            "LLC-stores-PKI": 3.570232930212442,
            "LLC-store-misses-PKI": 0.8452346558466665
        },
        "360.036": {
            "instructions": 32321993720,
            "LLC-loads": 220741585,
            "LLC-load-misses": 57977028,
            "LLC-stores": 105050840,
            "LLC-store-misses": 26704074,
            "CPU-utilization": 4.32,
            "user-CPU-utilization": 2.81,
            "sys-CPU-utilization": 1.22,
            "LLC-loads-PKI": 6.829454485767409,
            "LLC-load-misses-PKI": 1.7937330383219936,
            "LLC-stores-PKI": 3.2501349053538524,
            "LLC-store-misses-PKI": 0.826188948346841
        },
        "390.038": {
            "instructions": 28514947252,
            "LLC-loads": 214373743,
            "LLC-load-misses": 53060395,
            "LLC-stores": 99726254,
            "LLC-store-misses": 24958222,
            "CPU-utilization": 4.21,
            "user-CPU-utilization": 2.74,
            "sys-CPU-utilization": 1.21,
            "LLC-loads-PKI": 7.517942821548236,
            "LLC-load-misses-PKI": 1.8607923251998446,
            "LLC-stores-PKI": 3.497332578548092,
            "LLC-store-misses-PKI": 0.8752680402819074
        },
        "420.041": {
            "instructions": 28580334246,
            "LLC-loads": 211371150,
            "LLC-load-misses": 52309030,
            "LLC-stores": 99787138,
            "LLC-store-misses": 25043448,
            "CPU-utilization": 4.17,
            "user-CPU-utilization": 2.68,
            "sys-CPU-utilization": 1.22,
            "LLC-loads-PKI": 7.395685025257629,
            "LLC-load-misses-PKI": 1.8302455650014302,
            "LLC-stores-PKI": 3.491461546289153,
            "LLC-store-misses-PKI": 0.8762475548551357
        },
        "450.044": {
            "instructions": 30025716315,
            "LLC-loads": 216908094,
            "LLC-load-misses": 55935711,
            "LLC-stores": 100688110,
            "LLC-store-misses": 25744696,
            "CPU-utilization": 4.27,
            "user-CPU-utilization": 2.78,
            "sys-CPU-utilization": 1.21,
            "LLC-loads-PKI": 7.224077245132661,
            "LLC-load-misses-PKI": 1.8629267796037925,
            "LLC-stores-PKI": 3.3533957672709733,
            "LLC-store-misses-PKI": 0.8574215425841041
        },
        "480.047": {
            "instructions": 28821486614,
            "LLC-loads": 211898764,
            "LLC-load-misses": 52831407,
            "LLC-stores": 102081704,
            "LLC-store-misses": 24846563,
            "CPU-utilization": 4.26,
            "user-CPU-utilization": 2.76,
            "sys-CPU-utilization": 1.23,
            "LLC-loads-PKI": 7.352110834458846,
            "LLC-load-misses-PKI": 1.8330562787256508,
            "LLC-stores-PKI": 3.5418611595979903,
            "LLC-store-misses-PKI": 0.8620847124495935
        },
        "510.049": {
            "instructions": 28683577610,
            "LLC-loads": 211501581,
            "LLC-load-misses": 50214956,
            "LLC-stores": 101714992,
            "LLC-store-misses": 24348746,
            "CPU-utilization": 4.16,
            "user-CPU-utilization": 2.64,
            "sys-CPU-utilization": 1.25,
            "LLC-loads-PKI": 7.3736123113967444,
            "LLC-load-misses-PKI": 1.7506517730373174,
            "LLC-stores-PKI": 3.5461054887567074,
            "LLC-store-misses-PKI": 0.8488740955211689
        },
        "540.053": {
            "instructions": 28851314608,
            "LLC-loads": 213319536,