{
    "Total-Time-Stats-Collected": [
        90.0,
        810.0
    ],
    "time": {
        "120.002": {
            "instructions": 972617424460,
            "LLC-loads": 15423296719,
            "LLC-load-misses": 1354810061,
            "LLC-stores": 4725816328,
            "LLC-store-misses": 1963725217,
            "CPU-utilization": 85.3,
            "user-CPU-utilization": 9.11,
            "sys-CPU-utilization": 75.6,
            "LLC-loads-PKI": 15.857516358565197,
            "LLC-load-misses-PKI": 1.3929526933492833,
            "LLC-stores-PKI": 4.858864553679765,
            "LLC-store-misses-PKI": 2.0190109364843694
        },
        "150.003": {
            "instructions": 978082963822,
            "LLC-loads": 15507243271,
            "LLC-load-misses": 1342351143,
            "LLC-stores": 4865093528,
            "LLC-store-misses": 1985075658,
            "CPU-utilization": 85.97,
            "user-CPU-utilization": 8.34,
            "sys-CPU-utilization": 77.07,
            "LLC-loads-PKI": 15.854732005967278,
            "LLC-load-misses-PKI": 1.3724307575653598,
            "LLC-stores-PKI": 4.974111305434609,
            "LLC-store-misses-PKI": 2.0295575441198066
        },
        "180.004": {
            "instructions": 963567759061,
            "LLC-loads": 15440087300,
            "LLC-load-misses": 1377425314,
            "LLC-stores": 4677798188,
            "LLC-store-misses": 1941645198,
            "CPU-utilization": 84.79,
            "user-CPU-utilization": 8.95,
            "sys-CPU-utilization": 75.23,
            "LLC-loads-PKI": 16.02387289820325,
            "LLC-load-misses-PKI": 1.4295053991245052,
            "LLC-stores-PKI": 4.854664494543207,
            "LLC-store-misses-PKI": 2.0150582870187974
        },
        "210.005": {
            "instructions": 956127540338,
            "LLC-loads": 15027018740,
            "LLC-load-misses": 1292164099,
            "LLC-stores": 4745399144,
            "LLC-store-misses": 1930570813,
            "CPU-utilization": 84.39,
            "user-CPU-utilization": 8.85,
            "sys-CPU-utilization": 74.99,
            "LLC-loads-PKI": 15.716542099276639,
            "LLC-load-misses-PKI": 1.3514557885689684,
            "LLC-stores-PKI": 4.963144500912982,
            "LLC-store-misses-PKI": 2.0191561601891785
        },
        "240.006": {
            "instructions": 958452539807,
            "LLC-loads": 15324914361,
            "LLC-load-misses": 1338934420,
            "LLC-stores": 4588441845,
            "LLC-store-misses": 1912571931,
            "CPU-utilization": 84.04,
            "user-CPU-utilization": 9.31,
            "sys-CPU-utilization": 74.12,
            "LLC-loads-PKI": 15.989226095729183,
            "LLC-load-misses-PKI": 1.3969751911446926,
            "LLC-stores-PKI": 4.78734382186932,
            "LLC-store-misses-PKI": 1.9954790159824998
        },
        "270.008": {
            "instructions": 949108960105,
            "LLC-loads": 14756503743,
            "LLC-load-misses": 1279324051,
            "LLC-stores": 4703511710,
            "LLC-store-misses": 1905856816,
            "CPU-utilization": 83.68,
            "user-CPU-utilization": 9.24,
            "sys-CPU-utilization": 73.82,
            "LLC-loads-PKI": 15.547744635523708,
            "LLC-load-misses-PKI": 1.3479211605572328,
            "LLC-stores-PKI": 4.955713103245438,
            "LLC-store-misses-PKI": 2.008048491913041
        },
        "300.009": {
            "instructions": 945454830116,
            "LLC-loads": 15293128522,
            "LLC-load-misses": 1345210377,
            "LLC-stores": 4549340641,
            "LLC-store-misses": 1907310407,
            "CPU-utilization": 83.76,
            "user-CPU-utilization": 9.04,
            "sys-CPU-utilization": 74.12,
            "LLC-loads-PKI": 16.175419528105486,
            "LLC-load-misses-PKI": 1.422818239592634,
            "LLC-stores-PKI": 4.8118011523002435,
            "LLC-store-misses-PKI": 2.0173469384740335
        },
        "330.011": {
            "instructions": 949819765879,
            "LLC-loads": 14875144532,
            "LLC-load-misses": 1292553520,
            "LLC-stores": 4668468359,
            "LLC-store-misses": 1893556311,
            "CPU-utilization": 83.43,
            "user-CPU-utilization": 9.37,
            "sys-CPU-utilization": 73.43,
            "LLC-loads-PKI": 15.661018086135494,
            "LLC-load-misses-PKI": 1.3608408315274645,
            "LLC-stores-PKI": 4.915109715241206,
            "LLC-store-misses-PKI": 1.9935953946458775
        },
        "360.012": {
            "instructions": 942087286455,
            "LLC-loads": 15237729271,
            "LLC-load-misses": 1303941295,
            "LLC-stores": 4546272196,
            "LLC-store-misses": 1913384375,
            "CPU-utilization": 83.73,
            "user-CPU-utilization": 9.02,
            "sys-CPU-utilization": 74.13,
            "LLC-loads-PKI": 16.174434672967905,
            "LLC-load-misses-PKI": 1.384098176196208,
            "LLC-stores-PKI": 4.825744133653754,
            "LLC-store-misses-PKI": 2.031005409488025
        },
        "390.013": {
            "instructions": 938546987161,
            "LLC-loads": 14438079270,
            "LLC-load-misses": 1248403360,
            "LLC-stores": 4557100326,
            "LLC-store-misses": 1841796848,
            "CPU-utilization": 81.88,
            "user-CPU-utilization": 9.78,
            "sys-CPU-utilization": 71.44,
            "LLC-loads-PKI": 15.383437875256071,
            "LLC-load-misses-PKI": 1.3301447632113559,
            "LLC-stores-PKI": 4.8554844758329265,
            "LLC-store-misses-PKI": 1.9623917323215008
        },
        "420.014": {
            "instructions": 972846343356,
            "LLC-loads": 15903752012,
            "LLC-load-misses": 1318387547,
            "LLC-stores": 4708767749,
            "LLC-store-misses": 1982060852,
            "CPU-utilization": 85.72,
            "user-CPU-utilization": 8.23,
            "sys-CPU-utilization": 76.97,
            "LLC-loads-PKI": 16.347650500630227,
            "LLC-load-misses-PKI": 1.3551857968155552,
            "LLC-stores-PKI": 4.8401967907452885,
            "LLC-store-misses-PKI": 2.037383257424335
        },
        "450.016": {
            "instructions": 879878759194,
            "LLC-loads": 13405668956,
            "LLC-load-misses": 1215295955,
            "LLC-stores": 4241082419,
            "LLC-store-misses": 1721212746,
            "CPU-utilization": 78.01,
            "user-CPU-utilization": 11.01,
            "sys-CPU-utilization": 66.25,
            "LLC-loads-PKI": 15.235813816303585,
            "LLC-load-misses-PKI": 1.3812084247984961,
            "LLC-stores-PKI": 4.8200759191925275,
            "LLC-store-misses-PKI": 1.9561930868483421
        },
        "480.017": {
            "instructions": 1020052734123,
            "LLC-loads": 16984728754,
            "LLC-load-misses": 1382340586,
            "LLC-stores": 5010340382,
            "LLC-store-misses": 2117252376,
            "CPU-utilization": 89.85,
            "user-CPU-utilization": 7.14,
            "sys-CPU-utilization": 82.31,
            "LLC-loads-PKI": 16.6508340067367,
            "LLC-load-misses-PKI": 1.3551658063918435,
            "LLC-stores-PKI": 4.9118444707740405,
            "LLC-store-misses-PKI": 2.075630313191923
        },
        "510.018": {
            "instructions": 809255736518,
            "LLC-loads": 12019031998,
            "LLC-load-misses": 1165649579,
            "LLC-stores": 3758082082,
            "LLC-store-misses": 1537896448,
            "CPU-utilization": 72.25,
            "user-CPU-utilization": 12.64,
            "sys-CPU-utilization": 58.66,
            "LLC-loads-PKI": 14.851957738000742,
            "LLC-load-misses-PKI": 1.440397054230919,
            "LLC-stores-PKI": 4.64387450396085,