{
    "Total-Time-Stats-Collected": [
        90.0,
        810.0
    ],
    "time": {
        "120.002": {
            "instructions": 1042425190397,
            "LLC-loads": 15919035814,
            "LLC-load-misses": 1608423624,
            "LLC-stores": 5035728728,
            "LLC-store-misses": 2033444671,
            "CPU-utilization": 91.03,
            "user-CPU-utilization": 10.92,
            "sys-CPU-utilization": 79.29,
            "LLC-loads-PKI": 15.271154189911078,
            "LLC-load-misses-PKI": 1.5429631198642118,
            "LLC-stores-PKI": 4.830781886690765,
            "LLC-store-misses-PKI": 1.9506864278918448
        },
        "150.003": {
            "instructions": 1039898773419,
            "LLC-loads": 15455571553,
            "LLC-load-misses": 1699480486,
            "LLC-stores": 4819783861,
            "LLC-store-misses": 1945924803,
            "CPU-utilization": 90.04,
            "user-CPU-utilization": 13.49,
            "sys-CPU-utilization": 75.53,
            "LLC-loads-PKI": 14.862573115828248,
            "LLC-load-misses-PKI": 1.6342749212141237,
            "LLC-stores-PKI": 4.634858684517357,
            "LLC-store-misses-PKI": 1.8712636775232936
        },
        "180.004": {
            "instructions": 1030179389416,
            "LLC-loads": 15757439823,
            "LLC-load-misses": 1601290172,
            "LLC-stores": 4943145922,
            "LLC-store-misses": 2010792983,
            "CPU-utilization": 90.17,
            "user-CPU-utilization": 11.66,
            "sys-CPU-utilization": 77.62,
            "LLC-loads-PKI": 15.295821276266029,
            "LLC-load-misses-PKI": 1.5543799346517289,
            "LLC-stores-PKI": 4.7983350985135,
            "LLC-store-misses-PKI": 1.951886247830974
        },
        "210.005": {
            "instructions": 1022682970971,
            "LLC-loads": 15363467112,
            "LLC-load-misses": 1650940295,
            "LLC-stores": 4777277834,
            "LLC-store-misses": 1927489557,
            "CPU-utilization": 89.17,
            "user-CPU-utilization": 13.24,
            "sys-CPU-utilization": 74.9,
            "LLC-loads-PKI": 15.022707474451199,
            "LLC-load-misses-PKI": 1.6143226609439802,
            "LLC-stores-PKI": 4.671318453131326,
            "LLC-store-misses-PKI": 1.884738097447657
        },
        "240.006": {
            "instructions": 1038376423222,
            "LLC-loads": 15863284408,
            "LLC-load-misses": 1601100095,
            "LLC-stores": 5004427853,
            "LLC-store-misses": 2014967179,
            "CPU-utilization": 90.71,
            "user-CPU-utilization": 11.37,
            "sys-CPU-utilization": 78.5,
            "LLC-loads-PKI": 15.277007502517712,
            "LLC-load-misses-PKI": 1.5419264721283954,
            "LLC-stores-PKI": 4.819473690929591,
            "LLC-store-misses-PKI": 1.9404978136422975
        },
        "270.007": {
            "instructions": 1012150685117,
            "LLC-loads": 15112077747,
            "LLC-load-misses": 1635733283,
            "LLC-stores": 4664447462,
            "LLC-store-misses": 1883768305,
            "CPU-utilization": 87.96,
            "user-CPU-utilization": 13.82,
            "sys-CPU-utilization": 73.09,
            "LLC-loads-PKI": 14.930659998766007,
            "LLC-load-misses-PKI": 1.6160966020695986,
            "LLC-stores-PKI": 4.608451617518602,
            "LLC-store-misses-PKI": 1.8611540086862115
        },
        "300.008": {
            "instructions": 1034577789845,
            "LLC-loads": 15698977839,
            "LLC-load-misses": 1592560233,
            "LLC-stores": 4943332973,
            "LLC-store-misses": 2003300500,
            "CPU-utilization": 90.26,
            "user-CPU-utilization": 11.74,
            "sys-CPU-utilization": 77.58,
            "LLC-loads-PKI": 15.174284614549878,
            "LLC-load-misses-PKI": 1.5393334833126435,
            "LLC-stores-PKI": 4.778116272668687,
            "LLC-store-misses-PKI": 1.936345937119077
        },
        "330.009": {
            "instructions": 1011417281085,
            "LLC-loads": 15218249182,
            "LLC-load-misses": 1627214011,
            "LLC-stores": 4660942475,
            "LLC-store-misses": 1897772725,
            "CPU-utilization": 87.86,
            "user-CPU-utilization": 13.47,
            "sys-CPU-utilization": 73.4,
            "LLC-loads-PKI": 15.046459524277251,
            "LLC-load-misses-PKI": 1.608845371174994,
            "LLC-stores-PKI": 4.60832790003347,
            "LLC-store-misses-PKI": 1.8763499106562231
        },
        "360.01": {
            "instructions": 1027755245206,
            "LLC-loads": 15476313995,
            "LLC-load-misses": 1612535925,
            "LLC-stores": 4888787903,
            "LLC-store-misses": 1971287008,
            "CPU-utilization": 89.66,
            "user-CPU-utilization": 12.51,
            "sys-CPU-utilization": 76.22,
            "LLC-loads-PKI": 15.05836537170674,
            "LLC-load-misses-PKI": 1.5689882708181055,
            "LLC-stores-PKI": 4.756762785501627,
            "LLC-store-misses-PKI": 1.9180510313084138
        },
        "390.011": {
            "instructions": 1000209435842,
            "LLC-loads": 15190266523,
            "LLC-load-misses": 1612439438,
            "LLC-stores": 4602636019,
            "LLC-store-misses": 1867277005,
            "CPU-utilization": 87.08,
            "user-CPU-utilization": 13.41,
            "sys-CPU-utilization": 72.66,
            "LLC-loads-PKI": 15.187085802897343,
            "LLC-load-misses-PKI": 1.6121018061008496,
            "LLC-stores-PKI": 4.601672263894803,
            "LLC-store-misses-PKI": 1.8668860121561262
        },
        "420.012": {
            "instructions": 1022014814019,
            "LLC-loads": 15409601619,
            "LLC-load-misses": 1585565602,
            "LLC-stores": 4907918550,
            "LLC-store-misses": 1968085813,
            "CPU-utilization": 89.35,
            "user-CPU-utilization": 12.24,
            "sys-CPU-utilization": 76.17,
            "LLC-loads-PKI": 15.077669528490341,
            "LLC-load-misses-PKI": 1.5514115649311158,
            "LLC-stores-PKI": 4.8021990314406136,
            "LLC-store-misses-PKI": 1.9256920604317305
        },
        "450.012": {
            "instructions": 980126501853,
            "LLC-loads": 14729498984,
            "LLC-load-misses": 1613404954,
            "LLC-stores": 4399740705,
            "LLC-store-misses": 1805295144,
            "CPU-utilization": 85.38,
            "user-CPU-utilization": 14.52,
            "sys-CPU-utilization": 69.75,
            "LLC-loads-PKI": 15.028161116093502,
            "LLC-load-misses-PKI": 1.6461190988609544,
            "LLC-stores-PKI": 4.488951881907052,
            "LLC-store-misses-PKI": 1.8419001430804687
        },
        "480.015": {
            "instructions": 996782203794,
            "LLC-loads": 14843537817,
            "LLC-load-misses": 1612066234,
            "LLC-stores": 4677336752,
            "LLC-store-misses": 1859786978,
            "CPU-utilization": 86.58,
            "user-CPU-utilization": 13.15,
            "sys-CPU-utilization": 72.42,
            "LLC-loads-PKI": 14.891455485964554,
            "LLC-load-misses-PKI": 1.6172702801716128,
            "LLC-stores-PKI": 4.692436054934466,
            "LLC-store-misses-PKI": 1.865790712275149
        },
        "510.016": {
            "instructions": 992903362205,
            "LLC-loads": 15130859667,
            "LLC-load-misses": 1597851010,
            "LLC-stores": 4508285160,
            "LLC-store-misses": 1865506545,
            "CPU-utilization": 86.46,
            "user-CPU-utilization": 13.53,
            "sys-CPU-utilization": 71.92,
            "LLC-loads-PKI": 15.239005368455993,
            "LLC-load-misses-PKI": 1.6092714264271968,
            "LLC-stores-PKI": 4.54050749711249,