{
    "Total-Time-Stats-Collected": [
        90.0,
        810.0
    ],
    "time": {
        "120.004": {
            "instructions": 837399174141,
            "LLC-loads": 10494353349,
            "LLC-load-misses": 1619582797,
            "LLC-stores": 3387136508,
            "LLC-store-misses": 1270862257,
            "CPU-utilization": 72.15,
            "user-CPU-utilization": 13.92,
            "sys-CPU-utilization": 57.75,
            "LLC-loads-PKI": 12.53207988862069,
            "LLC-load-misses-PKI": 1.9340630454542307,
            "LLC-stores-PKI": 4.044829052374584,
            "LLC-store-misses-PKI": 1.5176301771537384
        },
        "150.005": {
            "instructions": 990571349495,
            "LLC-loads": 13767333967,
            "LLC-load-misses": 2249404323,
            "LLC-stores": 5574678286,
            "LLC-store-misses": 2114912559,
            "CPU-utilization": 96.35,
            "user-CPU-utilization": 6.47,
            "sys-CPU-utilization": 89.66,
            "LLC-loads-PKI": 13.898376905428044,
            "LLC-load-misses-PKI": 2.2708150444152877,
            "LLC-stores-PKI": 5.627740282254286,
            "LLC-store-misses-PKI": 2.135043134528569
        },
        "180.006": {
            "instructions": 1043757478220,
            "LLC-loads": 17017166351,
            "LLC-load-misses": 2266510985,
            "LLC-stores": 5693396473,
            "LLC-store-misses": 2228091038,
            "CPU-utilization": 99.8,
            "user-CPU-utilization": 4.33,
            "sys-CPU-utilization": 95.38,
            "LLC-loads-PKI": 16.303755140533877,
            "LLC-load-misses-PKI": 2.1714919723164576,
            "LLC-stores-PKI": 5.454712030144576,
            "LLC-store-misses-PKI": 2.1346827059861986
        },
        "210.007": {
            "instructions": 1039385685037,
            "LLC-loads": 16157630928,
            "LLC-load-misses": 2180598872,
            "LLC-stores": 5342853142,
            "LLC-store-misses": 2078103348,
            "CPU-utilization": 96.71,
            "user-CPU-utilization": 6.4,
            "sys-CPU-utilization": 90.17,
            "LLC-loads-PKI": 15.545366037463582,
            "LLC-load-misses-PKI": 2.0979689285622354,
            "LLC-stores-PKI": 5.140395157366252,
            "LLC-store-misses-PKI": 1.9993572914428042
        },
        "240.007": {
            "instructions": 946934632658,
            "LLC-loads": 12483314223,
            "LLC-load-misses": 2011340558,
            "LLC-stores": 4846704323,
            "LLC-store-misses": 1844463913,
            "CPU-utilization": 88.41,
            "user-CPU-utilization": 8.82,
            "sys-CPU-utilization": 79.33,
            "LLC-loads-PKI": 13.182867953577679,
            "LLC-load-misses-PKI": 2.1240542785453562,
            "LLC-stores-PKI": 5.118309285399705,
            "LLC-store-misses-PKI": 1.947826016060558
        },
        "270.008": {
            "instructions": 1018287158607,
            "LLC-loads": 14401851840,
            "LLC-load-misses": 2324623307,
            "LLC-stores": 5740389768,
            "LLC-store-misses": 2188063789,
            "CPU-utilization": 99.43,
            "user-CPU-utilization": 5.93,
            "sys-CPU-utilization": 93.32,
            "LLC-loads-PKI": 14.1432126667506,
            "LLC-load-misses-PKI": 2.282875991660394,
            "LLC-stores-PKI": 5.637299576528843,
            "LLC-store-misses-PKI": 2.1487689111126915
        },
        "300.01": {
            "instructions": 1015652762193,
            "LLC-loads": 14482171508,
            "LLC-load-misses": 2356609607,
            "LLC-stores": 5702496851,
            "LLC-store-misses": 2187618771,
            "CPU-utilization": 99.45,
            "user-CPU-utilization": 5.95,
            "sys-CPU-utilization": 93.3,
            "LLC-loads-PKI": 14.25897909904765,
            "LLC-load-misses-PKI": 2.320290649248669,
            "LLC-stores-PKI": 5.61461265431618,
            "LLC-store-misses-PKI": 2.1539042204507846
        },
        "330.011": {
            "instructions": 1005320726393,
            "LLC-loads": 14465443898,
            "LLC-load-misses": 2340282512,
            "LLC-stores": 5693959568,
            "LLC-store-misses": 2198164123,
            "CPU-utilization": 99.2,
            "user-CPU-utilization": 6.09,
            "sys-CPU-utilization": 92.83,
            "LLC-loads-PKI": 14.388884580049101,
            "LLC-load-misses-PKI": 2.3278964121198635,
            "LLC-stores-PKI": 5.663823910633388,
            "LLC-store-misses-PKI": 2.186530194087229
        },
        "360.011": {
            "instructions": 1033713723120,
            "LLC-loads": 14991029958,
            "LLC-load-misses": 2311283391,
            "LLC-stores": 5677186811,
            "LLC-store-misses": 2162688855,
            "CPU-utilization": 99.69,
            "user-CPU-utilization": 6.79,
            "sys-CPU-utilization": 92.69,
            "LLC-loads-PKI": 14.502109842126712,
            "LLC-load-misses-PKI": 2.235902783629479,
            "LLC-stores-PKI": 5.492030031162657,
            "LLC-store-misses-PKI": 2.0921545362409217
        },
        "390.012": {
            "instructions": 1077658037930,
            "LLC-loads": 17605809309,
            "LLC-load-misses": 2199765954,
            "LLC-stores": 5632518516,
            "LLC-store-misses": 2154746896,
            "CPU-utilization": 99.74,
            "user-CPU-utilization": 5.45,
            "sys-CPU-utilization": 94.2,
            "LLC-loads-PKI": 16.33710202061667,
            "LLC-load-misses-PKI": 2.0412467374394394,
            "LLC-stores-PKI": 5.2266287799598485,
            "LLC-store-misses-PKI": 1.9994718362968895
        },
        "420.015": {
            "instructions": 1080066446140,
            "LLC-loads": 17831803878,
            "LLC-load-misses": 2058360763,
            "LLC-stores": 5528932595,
            "LLC-store-misses": 2129008436,
            "CPU-utilization": 98.29,
            "user-CPU-utilization": 5.75,
            "sys-CPU-utilization": 92.44,
            "LLC-loads-PKI": 16.509913757369528,
            "LLC-load-misses-PKI": 1.9057723442444503,
            "LLC-stores-PKI": 5.119067085881243,
            "LLC-store-misses-PKI": 1.9711828319533171
        },
        "450.016": {
            "instructions": 999478702232,
            "LLC-loads": 14892825881,
            "LLC-load-misses": 2042364077,
            "LLC-stores": 5102469389,
            "LLC-store-misses": 1952011157,
            "CPU-utilization": 92.74,
            "user-CPU-utilization": 7.63,
            "sys-CPU-utilization": 84.91,
            "LLC-loads-PKI": 14.900593527147578,
            "LLC-load-misses-PKI": 2.043429312139484,
            "LLC-stores-PKI": 5.105130682229995,
            "LLC-store-misses-PKI": 1.9530292667976203
        },
        "480.017": {
            "instructions": 1031269915531,
            "LLC-loads": 16331473031,
            "LLC-load-misses": 2089331224,
            "LLC-stores": 5830119595,
            "LLC-store-misses": 2260375497,
            "CPU-utilization": 99.79,
            "user-CPU-utilization": 3.54,
            "sys-CPU-utilization": 96.17,
            "LLC-loads-PKI": 15.836274078247436,
            "LLC-load-misses-PKI": 2.0259790308381147,
            "LLC-stores-PKI": 5.6533401267679535,
            "LLC-store-misses-PKI": 2.1918369409972893
        },
        "510.018": {
            "instructions": 987410315435,
            "LLC-loads": 14318460166,
            "LLC-load-misses": 2104700611,
            "LLC-stores": 5552288141,
            "LLC-store-misses": 2133119072,
            "CPU-utilization": 95.87,
            "user-CPU-utilization": 5.19,
            "sys-CPU-utilization": 90.57,
            "LLC-loads-PKI": 14.501023477450765,
            "LLC-load-misses-PKI": 2.1315359765841437,
            "LLC-stores-PKI": 5.623080956526122,