{
    "Total-Time-Stats-Collected": [
        90.0,
        810.0
    ],
    "time": {
        "120.005": {
            "instructions": 76238069988,
            "LLC-loads": 606835423,
            "LLC-load-misses": 110263973,
            "LLC-stores": 183599572,
            "LLC-store-misses": 58524907,
            "CPU-utilization": 10.05,
            "user-CPU-utilization": 7.34,
            "sys-CPU-utilization": 2.15,
            "LLC-loads-PKI": 7.959742725589943,
            "LLC-load-misses-PKI": 1.4463111804555877,
            "LLC-stores-PKI": 2.4082400305896896,
            "LLC-store-misses-PKI": 0.7676598713636366
        },
        "150.007": {
            "instructions": 76423418413,
            "LLC-loads": 607125229,
            "LLC-load-misses": 114063398,
            "LLC-stores": 185152623,
            "LLC-store-misses": 60998765,
            "CPU-utilization": 10.06,
            "user-CPU-utilization": 7.27,
            "sys-CPU-utilization": 2.21,
            "LLC-loads-PKI": 7.944230205969497,
            "LLC-load-misses-PKI": 1.4925189211452135,
            "LLC-stores-PKI": 2.4227210303446025,
            "LLC-store-misses-PKI": 0.7981684968651416
        },
        "180.009": {
            "instructions": 76205517988,
            "LLC-loads": 594802245,
            "LLC-load-misses": 110266088,
            "LLC-stores": 185770401,
            "LLC-store-misses": 59175793,
            "CPU-utilization": 9.73,
            "user-CPU-utilization": 7.03,
            "sys-CPU-utilization": 2.13,
            "LLC-loads-PKI": 7.805238527394603,
            "LLC-load-misses-PKI": 1.446956741601881,
            "LLC-stores-PKI": 2.437755242727345,
            "LLC-store-misses-PKI": 0.776528977984486
        },
        "210.011": {
            "instructions": 74702992056,
            "LLC-loads": 596245936,
            "LLC-load-misses": 108255164,
            "LLC-stores": 179136731,
            "LLC-store-misses": 60953817,
            "CPU-utilization": 9.7,
            "user-CPU-utilization": 6.97,
            "sys-CPU-utilization": 2.1,
            "LLC-loads-PKI": 7.981553611039208,
            "LLC-load-misses-PKI": 1.449140938275245,
            "LLC-stores-PKI": 2.3979860253216203,
            "LLC-store-misses-PKI": 0.8159488036879015
        },
        "240.013": {
            "instructions": 73649649185,
            "LLC-loads": 592016003,
            "LLC-load-misses": 103175857,
            "LLC-stores": 181487933,
            "LLC-store-misses": 56461688,
            "CPU-utilization": 9.28,
            "user-CPU-utilization": 6.78,
            "sys-CPU-utilization": 1.96,
            "LLC-loads-PKI": 8.038273223989425,
            "LLC-load-misses-PKI": 1.400900861602658,
            "LLC-stores-PKI": 2.464206347325862,
            "LLC-store-misses-PKI": 0.7666253488618026
        },
        "270.015": {
            "instructions": 73101318634,
            "LLC-loads": 583896342,
            "LLC-load-misses": 102997796,
            "LLC-stores": 178862633,
            "LLC-store-misses": 56311680,
            "CPU-utilization": 9.14,
            "user-CPU-utilization": 6.55,
            "sys-CPU-utilization": 2.02,
            "LLC-loads-PKI": 7.987493972898394,
            "LLC-load-misses-PKI": 1.4089731611502685,
            "LLC-stores-PKI": 2.4467771080234604,
            "LLC-store-misses-PKI": 0.7703237240074763
        },
        "300.017": {
            "instructions": 78028078718,
            "LLC-loads": 593616327,
            "LLC-load-misses": 107072081,
            "LLC-stores": 181749142,
            "LLC-store-misses": 59194354,
            "CPU-utilization": 9.31,
            "user-CPU-utilization": 6.76,
            "sys-CPU-utilization": 1.99,
            "LLC-loads-PKI": 7.60772707406239,
            "LLC-load-misses-PKI": 1.3722250087300938,
            "LLC-stores-PKI": 2.3292787030788826,
            "LLC-store-misses-PKI": 0.7586288804307657
        },
        "330.02": {
            "instructions": 73387587247,
            "LLC-loads": 584097728,
            "LLC-load-misses": 104333340,
            "LLC-stores": 178802341,
            "LLC-store-misses": 57385072,
            "CPU-utilization": 9.22,
            "user-CPU-utilization": 6.66,
            "sys-CPU-utilization": 1.98,
            "LLC-loads-PKI": 7.959080682597005,
            "LLC-load-misses-PKI": 1.4216755709497049,
            "LLC-stores-PKI": 2.436411220309048,
            "LLC-store-misses-PKI": 0.7819452056225739
        },
        "360.022": {
            "instructions": 73413834986,
            "LLC-loads": 585090405,
            "LLC-load-misses": 101341592,
            "LLC-stores": 177950726,
            "LLC-store-misses": 56565682,
            "CPU-utilization": 9.04,
            "user-CPU-utilization": 6.56,
            "sys-CPU-utilization": 1.92,
            "LLC-loads-PKI": 7.969756723805215,
            "LLC-load-misses-PKI": 1.38041544920417,
            "LLC-stores-PKI": 2.423939929496057,
            "LLC-store-misses-PKI": 0.7705043880460279
        },
        "390.025": {
            "instructions": 71931748776,
            "LLC-loads": 573658715,
            "LLC-load-misses": 99688235,
            "LLC-stores": 174902508,
            "LLC-store-misses": 56388378,
            "CPU-utilization": 8.76,
            "user-CPU-utilization": 6.3,
            "sys-CPU-utilization": 1.91,
            "LLC-loads-PKI": 7.9750419635481045,
            "LLC-load-misses-PKI": 1.385872534677774,
            "LLC-stores-PKI": 2.431506406783706,
            "LLC-store-misses-PKI": 0.7839150161022355
        },
        "420.027": {
            "instructions": 74355166315,
            "LLC-loads": 583594572,
            "LLC-load-misses": 107732744,
            "LLC-stores": 177107232,
            "LLC-store-misses": 57825649,
            "CPU-utilization": 8.91,
            "user-CPU-utilization": 6.37,
            "sys-CPU-utilization": 1.96,
            "LLC-loads-PKI": 7.848742742738897,
            "LLC-load-misses-PKI": 1.4488938608999735,
            "LLC-stores-PKI": 2.381908894530593,
            "LLC-store-misses-PKI": 0.7776951066860107
        },
        "450.029": {
            "instructions": 72083959689,
            "LLC-loads": 573823310,
            "LLC-load-misses": 100435831,
            "LLC-stores": 174443371,
            "LLC-store-misses": 59377636,
            "CPU-utilization": 8.91,
            "user-CPU-utilization": 6.34,
            "sys-CPU-utilization": 1.96,
            "LLC-loads-PKI": 7.960485418333163,
            "LLC-load-misses-PKI": 1.3933173404086248,
            "LLC-stores-PKI": 2.4200026157361614,
            "LLC-store-misses-PKI": 0.8237288331021169
        },
        "480.031": {
            "instructions": 72157026674,
            "LLC-loads": 580078334,
            "LLC-load-misses": 106064251,
            "LLC-stores": 174645917,
            "LLC-store-misses": 58727741,
            "CPU-utilization": 8.89,
            "user-CPU-utilization": 6.28,
            "sys-CPU-utilization": 2.03,
            "LLC-loads-PKI": 8.03911082174644,
            "LLC-load-misses-PKI": 1.469908834785977,
            "LLC-stores-PKI": 2.4203591119273398,
            "LLC-store-misses-PKI": 0.813888039834672
        },
        "510.033": {
            "instructions": 72581986872,
            "LLC-loads": 574047504,
            "LLC-load-misses": 101883915,
            "LLC-stores": 171435424,
            "LLC-store-misses": 56685162,
            "CPU-utilization": 8.6,
            "user-CPU-utilization": 6.12,
            "sys-CPU-utilization": 1.91,
            "LLC-loads-PKI": 7.908952740744697,
            "LLC-load-misses-PKI": 1.403707991346043,
            "LLC-stores-PKI": 2.361955512492794,
            "LLC-store-misses-PKI": 0.7809811282786401
        },
        "540.035": {
            "instructions": 73699266727,
            "LLC-loads": 581579889,