{
    "Total-Time-Stats-Collected": [
        90.0,
        810.0
    ],
    "time": {
        "120.013": {
            "instructions": 22181521789,
            "LLC-loads": 182650047,
            "LLC-load-misses": 34399802,
            "LLC-stores": 48229878,
            "LLC-store-misses": 18461764,
            "CPU-utilization": 2.15,
            "user-CPU-utilization": 1.46,
            "sys-CPU-utilization": 0.61,
            "LLC-loads-PKI": 8.234333457255294,
            "LLC-load-misses-PKI": 1.5508314680672246,
            "LLC-stores-PKI": 2.174326831981275,
            "LLC-store-misses-PKI": 0.8323037605632333
        },
        "150.018": {
            "instructions": 21588364551,
            "LLC-loads": 182137232,
            "LLC-load-misses": 34134470,
            "LLC-stores": 49052775,
            "LLC-store-misses": 18091271,
            "CPU-utilization": 2.11,
            "user-CPU-utilization": 1.44,
            "sys-CPU-utilization": 0.61,
            "LLC-loads-PKI": 8.436823992374318,
            "LLC-load-misses-PKI": 1.5811512687476297,
            "LLC-stores-PKI": 2.27218578249031,
            "LLC-store-misses-PKI": 0.8380102604466159
        },
        "180.021": {
            "instructions": 21837548204,
            "LLC-loads": 180120664,
            "LLC-load-misses": 32765693,
            "LLC-stores": 48618699,
            "LLC-store-misses": 18177017,
            "CPU-utilization": 2.1,
            "user-CPU-utilization": 1.43,
            "sys-CPU-utilization": 0.6,
            "LLC-loads-PKI": 8.248209108337866,
            "LLC-load-misses-PKI": 1.5004291092531294,
            "LLC-stores-PKI": 2.2263808439399106,
            "LLC-store-misses-PKI": 0.8323744419563779
        },
        "210.025": {
            "instructions": 21384426848,
            "LLC-loads": 178226036,
            "LLC-load-misses": 32668738,
            "LLC-stores": 48598851,
            "LLC-store-misses": 18141887,
            "CPU-utilization": 2.08,
            "user-CPU-utilization": 1.41,
            "sys-CPU-utilization": 0.61,
            "LLC-loads-PKI": 8.33438451574253,
            "LLC-load-misses-PKI": 1.5276882673643122,
            "LLC-stores-PKI": 2.2726281768241665,
            "LLC-store-misses-PKI": 0.8483691019147768
        },
        "240.028": {
            "instructions": 22613060024,
            "LLC-loads": 180787113,
            "LLC-load-misses": 34356690,
            "LLC-stores": 49368201,
            "LLC-store-misses": 18581916,
            "CPU-utilization": 2.15,
            "user-CPU-utilization": 1.46,
            "sys-CPU-utilization": 0.62,
            "LLC-loads-PKI": 7.994809760736696,
            "LLC-load-misses-PKI": 1.5193295362739978,
            "LLC-stores-PKI": 2.1831720672745694,
            "LLC-store-misses-PKI": 0.8217338113584975
        },
        "270.031": {
            "instructions": 21651601371,
            "LLC-loads": 180917444,
            "LLC-load-misses": 35734781,
            "LLC-stores": 48122117,
            "LLC-store-misses": 19239290,
            "CPU-utilization": 2.14,
            "user-CPU-utilization": 1.44,
            "sys-CPU-utilization": 0.63,
            "LLC-loads-PKI": 8.355845874860762,
            "LLC-load-misses-PKI": 1.6504451743630801,
            "LLC-stores-PKI": 2.2225661823080864,
            "LLC-store-misses-PKI": 0.8885850829384365
        },
        "300.034": {
            "instructions": 21581393899,
            "LLC-loads": 182447587,
            "LLC-load-misses": 37677950,
            "LLC-stores": 47161548,
            "LLC-store-misses": 19086809,
            "CPU-utilization": 2.11,
            "user-CPU-utilization": 1.39,
            "sys-CPU-utilization": 0.65,
            "LLC-loads-PKI": 8.453929706943255,
            "LLC-load-misses-PKI": 1.7458534039242875,
            "LLC-stores-PKI": 2.1852873924971683,
            "LLC-store-misses-PKI": 0.8844103902336174
        },
        "330.038": {
            "instructions": 21076448053,
            "LLC-loads": 176799771,
            "LLC-load-misses": 31813438,
            "LLC-stores": 47229116,
            "LLC-store-misses": 18803431,
            "CPU-utilization": 2.07,
            "user-CPU-utilization": 1.41,
            "sys-CPU-utilization": 0.6,
            "LLC-loads-PKI": 8.38849935982617,
            "LLC-load-misses-PKI": 1.5094307124236577,
            "LLC-stores-PKI": 2.240847977858274,
            "LLC-store-misses-PKI": 0.8921536946223506
        },
        "360.042": {
            "instructions": 26647264508,
            "LLC-loads": 193363754,
            "LLC-load-misses": 42646566,
            "LLC-stores": 52663356,
            "LLC-store-misses": 21081515,
            "CPU-utilization": 2.33,
            "user-CPU-utilization": 1.61,
            "sys-CPU-utilization": 0.67,
            "LLC-loads-PKI": 7.256420408254237,
            "LLC-load-misses-PKI": 1.6004106533035207,
            "LLC-stores-PKI": 1.9763137782562819,
            "LLC-store-misses-PKI": 0.791132425381635
        },
        "390.046": {
            "instructions": 21598902079,
            "LLC-loads": 182146096,
            "LLC-load-misses": 30630540,
            "LLC-stores": 49004610,
            "LLC-store-misses": 18619159,
            "CPU-utilization": 2.14,
            "user-CPU-utilization": 1.44,
            "sys-CPU-utilization": 0.64,
            "LLC-loads-PKI": 8.433118282298963,
            "LLC-load-misses-PKI": 1.4181526397946498,
            "LLC-stores-PKI": 2.268847269215864,
            "LLC-store-misses-PKI": 0.8620419191632375
        },
        "420.05": {
            "instructions": 21609739857,
            "LLC-loads": 179908946,
            "LLC-load-misses": 33212765,
            "LLC-stores": 48637729,
            "LLC-store-misses": 18324375,
            "CPU-utilization": 2.08,
            "user-CPU-utilization": 1.4,
            "sys-CPU-utilization": 0.62,
            "LLC-loads-PKI": 8.325363803105777,
            "LLC-load-misses-PKI": 1.5369349756073745,
            "LLC-stores-PKI": 2.2507318145361603,
            "LLC-store-misses-PKI": 0.8479683291543291
        },
        "450.052": {
            "instructions": 21928483478,
            "LLC-loads": 182969635,
            "LLC-load-misses": 33402606,
            "LLC-stores": 48896364,
            "LLC-store-misses": 18360122,
            "CPU-utilization": 2.16,
            "user-CPU-utilization": 1.45,
            "sys-CPU-utilization": 0.64,
            "LLC-loads-PKI": 8.343925615447432,
            "LLC-load-misses-PKI": 1.523251985642853,
            "LLC-stores-PKI": 2.2298105589041683,
            "LLC-store-misses-PKI": 0.8372727652790035
        },
        "480.055": {
            "instructions": 22635516144,
            "LLC-loads": 184184254,
            "LLC-load-misses": 34391877,
            "LLC-stores": 49403069,
            "LLC-store-misses": 18260581,
            "CPU-utilization": 2.2,
            "user-CPU-utilization": 1.51,
            "sys-CPU-utilization": 0.64,
            "LLC-loads-PKI": 8.136958434182723,
            "LLC-load-misses-PKI": 1.5193767520568007,
            "LLC-stores-PKI": 2.1825466088651697,
            "LLC-store-misses-PKI": 0.8067225365585637
        },
        "510.058": {
            "instructions": 21639296970,
            "LLC-loads": 181390189,
            "LLC-load-misses": 33584847,
            "LLC-stores": 47793536,
            "LLC-store-misses": 18439254,
            "CPU-utilization": 2.08,
            "user-CPU-utilization": 1.41,
            "sys-CPU-utilization": 0.6,
            "LLC-loads-PKI": 8.382443720397816,
            "LLC-load-misses-PKI": 1.5520304123817383,
            "LLC-stores-PKI": 2.2086455057324352,
            "LLC-store-misses-PKI": 0.8521189031955875
        },
        "540.062": {
            "instructions": 21881710591,
            "LLC-loads": 179733319,
            "LLC-load-misses": 32568609,