{
    "Total-Time-Stats-Collected": [
        90.0,
        810.0
    ],
    "time": {
        "120.006": {
            "instructions": 49727056788,
            "LLC-loads": 473492293,
            "LLC-load-misses": 97091821,
            "LLC-stores": 64854251,
            "LLC-store-misses": 37763771,
            "CPU-utilization": 5.79,
            "user-CPU-utilization": 3.93,
            "sys-CPU-utilization": 1.57,
            "LLC-loads-PKI": 9.52182420565582,
            "LLC-load-misses-PKI": 1.952494824174471,
            "LLC-stores-PKI": 1.3042044952809362,
            "LLC-store-misses-PKI": 0.7594209961188182
        },
        "150.007": {
            "instructions": 48554503586,
            "LLC-loads": 473421814,
            "LLC-load-misses": 98731419,
            "LLC-stores": 64345766,
            "LLC-store-misses": 37509014,
            "CPU-utilization": 5.68,
            "user-CPU-utilization": 3.81,
            "sys-CPU-utilization": 1.59,
            "LLC-loads-PKI": 9.750317252476338,
            "LLC-load-misses-PKI": 2.0334142398372252,
            "LLC-stores-PKI": 1.3252275535271496,
            "LLC-store-misses-PKI": 0.7725135925561226
        },
        "180.009": {
            "instructions": 48822412129,
            "LLC-loads": 469518397,
            "LLC-load-misses": 95527787,
            "LLC-stores": 64139974,
            "LLC-store-misses": 37145336,
            "CPU-utilization": 5.69,
            "user-CPU-utilization": 3.8,
            "sys-CPU-utilization": 1.6,
            "LLC-loads-PKI": 9.616861939541717,
            "LLC-load-misses-PKI": 1.9566380036200115,
            "LLC-stores-PKI": 1.3137403746158116,
            "LLC-store-misses-PKI": 0.7608254975574232
        },
        "210.012": {
            "instructions": 49373012793,
            "LLC-loads": 471570502,
            "LLC-load-misses": 98138540,
            "LLC-stores": 63001386,
            "LLC-store-misses": 37381442,
            "CPU-utilization": 5.65,
            "user-CPU-utilization": 3.77,
            "sys-CPU-utilization": 1.6,
            "LLC-loads-PKI": 9.551179385732325,
            "LLC-load-misses-PKI": 1.987695999258807,
            "LLC-stores-PKI": 1.276028794599551,
            "LLC-store-misses-PKI": 0.7571229683050628
        },
        "240.014": {
            "instructions": 50479019707,
            "LLC-loads": 473422987,
            "LLC-load-misses": 94634668,
            "LLC-stores": 64238932,
            "LLC-store-misses": 37494054,
            "CPU-utilization": 5.77,
            "user-CPU-utilization": 3.89,
            "sys-CPU-utilization": 1.59,
            "LLC-loads-PKI": 9.378608969586423,
            "LLC-load-misses-PKI": 1.8747326819993073,
            "LLC-stores-PKI": 1.272586757287838,
            "LLC-store-misses-PKI": 0.7427650976114467
        },
        "270.017": {
            "instructions": 49133609719,
            "LLC-loads": 469291614,
            "LLC-load-misses": 94355469,
            "LLC-stores": 63006711,
            "LLC-store-misses": 37550740,
            "CPU-utilization": 5.7,
            "user-CPU-utilization": 3.79,
            "sys-CPU-utilization": 1.62,
            "LLC-loads-PKI": 9.551335973154128,
            "LLC-load-misses-PKI": 1.920385445718894,
            "LLC-stores-PKI": 1.282354611442995,
            "LLC-store-misses-PKI": 0.7642577090255818
        },
        "300.021": {
            "instructions": 48982142980,
            "LLC-loads": 470574006,
            "LLC-load-misses": 91966886,
            "LLC-stores": 62983984,
            "LLC-store-misses": 37444016,
            "CPU-utilization": 5.56,
            "user-CPU-utilization": 3.68,
            "sys-CPU-utilization": 1.6,
            "LLC-loads-PKI": 9.607052231098606,
            "LLC-load-misses-PKI": 1.8775594615684983,
            "LLC-stores-PKI": 1.2858560317729895,
            "LLC-store-misses-PKI": 0.7644421767191535
        },
        "330.023": {
            "instructions": 53095730256,
            "LLC-loads": 477331309,
            "LLC-load-misses": 98285437,
            "LLC-stores": 66172072,
            "LLC-store-misses": 40259905,
            "CPU-utilization": 5.84,
            "user-CPU-utilization": 3.94,
            "sys-CPU-utilization": 1.61,
            "LLC-loads-PKI": 8.99001307070374,
            "LLC-load-misses-PKI": 1.8510986952457142,
            "LLC-stores-PKI": 1.2462785930422782,
            "LLC-store-misses-PKI": 0.7582512719174909
        },
        "360.025": {
            "instructions": 50237460348,
            "LLC-loads": 479528788,
            "LLC-load-misses": 98065162,
            "LLC-stores": 62040067,
            "LLC-store-misses": 37974049,
            "CPU-utilization": 5.73,
            "user-CPU-utilization": 3.86,
            "sys-CPU-utilization": 1.6,
            "LLC-loads-PKI": 9.545243423498228,
            "LLC-load-misses-PKI": 1.9520326330330522,
            "LLC-stores-PKI": 1.234936371588893,
            "LLC-store-misses-PKI": 0.7558910967423492
        },
        "390.027": {
            "instructions": 48863802363,
            "LLC-loads": 470663895,
            "LLC-load-misses": 96371689,
            "LLC-stores": 62582440,
            "LLC-store-misses": 37894300,
            "CPU-utilization": 5.66,
            "user-CPU-utilization": 3.77,
            "sys-CPU-utilization": 1.61,
            "LLC-loads-PKI": 9.63215861720147,
            "LLC-load-misses-PKI": 1.9722511212711784,
            "LLC-stores-PKI": 1.2807525606600736,
            "LLC-store-misses-PKI": 0.7755086212589509
        },
        "420.03": {
            "instructions": 52410674912,
            "LLC-loads": 474784130,
            "LLC-load-misses": 95563123,
            "LLC-stores": 62579909,
            "LLC-store-misses": 38319027,
            "CPU-utilization": 5.77,
            "user-CPU-utilization": 3.87,
            "sys-CPU-utilization": 1.6,
            "LLC-loads-PKI": 9.058920359205162,
            "LLC-load-misses-PKI": 1.823352268606634,
            "LLC-stores-PKI": 1.1940298251276982,
            "LLC-store-misses-PKI": 0.7311301956011721
        },
        "450.033": {
            "instructions": 49236687834,
            "LLC-loads": 472341845,
            "LLC-load-misses": 93545419,
            "LLC-stores": 63843233,
            "LLC-store-misses": 38243426,
            "CPU-utilization": 5.58,
            "user-CPU-utilization": 3.75,
            "sys-CPU-utilization": 1.54,
            "LLC-loads-PKI": 9.593290405570865,
            "LLC-load-misses-PKI": 1.8999129128138257,
            "LLC-stores-PKI": 1.2966597837621718,
            "LLC-store-misses-PKI": 0.776726211335266
        },
        "480.037": {
            "instructions": 50173378106,
            "LLC-loads": 475063503,
            "LLC-load-misses": 96687028,
            "LLC-stores": 64172468,
            "LLC-store-misses": 38815455,
            "CPU-utilization": 5.7,
            "user-CPU-utilization": 3.82,
            "sys-CPU-utilization": 1.58,
            "LLC-loads-PKI": 9.468437664219971,
            "LLC-load-misses-PKI": 1.9270583654090783,
            "LLC-stores-PKI": 1.2790142984676949,
            "LLC-store-misses-PKI": 0.7736265020464755
        },
        "510.04": {
            "instructions": 49346731905,
            "LLC-loads": 469115702,
            "LLC-load-misses": 93991234,
            "LLC-stores": 64476143,
            "LLC-store-misses": 38254738,
            "CPU-utilization": 5.61,
            "user-CPU-utilization": 3.74,
            "sys-CPU-utilization": 1.56,
            "LLC-loads-PKI": 9.506520166383448,
            "LLC-load-misses-PKI": 1.9047104108322206,
            "LLC-stores-PKI": 1.306593983247491,
            "LLC-store-misses-PKI": 0.775223333404251
        },
        "540.042": {
            "instructions": 49556885077,
            "LLC-loads": 475626931,
            "LLC-load-misses": 95008711,