{
    "Total-Time-Stats-Collected": [
        90.0,
        810.0
    ],
    "time": {
        "120.005": {
            "instructions": 233395255593,
            "LLC-loads": 1851403666,
            "LLC-load-misses": 504433375,
            "LLC-stores": 543655265,
            "LLC-store-misses": 198313272,
            "CPU-utilization": 36.04,
            "user-CPU-utilization": 24.8,
            "sys-CPU-utilization": 9.52,
            "LLC-loads-PKI": 7.932482009096707,
            "LLC-load-misses-PKI": 2.1612837575397954,
            "LLC-stores-PKI": 2.3293329747372353,
            "LLC-store-misses-PKI": 0.8496885315690531
        },
        "150.007": {
            "instructions": 237042054098,
            "LLC-loads": 1920595053,
            "LLC-load-misses": 525282481,
            "LLC-stores": 551511070,
            "LLC-store-misses": 199252658,
            "CPU-utilization": 36.1,
            "user-CPU-utilization": 24.62,
            "sys-CPU-utilization": 9.72,
            "LLC-loads-PKI": 8.102338887959394,
            "LLC-load-misses-PKI": 2.2159885637121297,
            "LLC-stores-PKI": 2.3266380815785093,
            "LLC-store-misses-PKI": 0.8405793594651488
        },
        "180.009": {
            "instructions": 233032823178,
            "LLC-loads": 1850363423,
            "LLC-load-misses": 506472946,
            "LLC-stores": 536021721,
            "LLC-store-misses": 197055843,
            "CPU-utilization": 35.77,
            "user-CPU-utilization": 24.57,
            "sys-CPU-utilization": 9.5,
            "LLC-loads-PKI": 7.940355344648667,
            "LLC-load-misses-PKI": 2.1733974600356416,
            "LLC-stores-PKI": 2.300198374160213,
            "LLC-store-misses-PKI": 0.8456141084017195
        },
        "210.011": {
            "instructions": 231511434807,
            "LLC-loads": 1876671408,
            "LLC-load-misses": 516784070,
            "LLC-stores": 541291877,
            "LLC-store-misses": 197832460,
            "CPU-utilization": 35.76,
            "user-CPU-utilization": 24.52,
            "sys-CPU-utilization": 9.5,
            "LLC-loads-PKI": 8.106171557204037,
            "LLC-load-misses-PKI": 2.232218336994102,
            "LLC-stores-PKI": 2.3380783651194124,
            "LLC-store-misses-PKI": 0.8545256529765947
        },
        "240.012": {
            "instructions": 232398020230,
            "LLC-loads": 1878766379,
            "LLC-load-misses": 517250503,
            "LLC-stores": 539329617,
            "LLC-store-misses": 196511047,
            "CPU-utilization": 35.32,
            "user-CPU-utilization": 24.04,
            "sys-CPU-utilization": 9.61,
            "LLC-loads-PKI": 8.084261548960788,
            "LLC-load-misses-PKI": 2.2257095929134287,
            "LLC-stores-PKI": 2.3207151957070695,
            "LLC-store-misses-PKI": 0.8455796947216533
        },
        "270.014": {
            "instructions": 225960285360,
            "LLC-loads": 1799924153,
            "LLC-load-misses": 487213795,
            "LLC-stores": 524720159,
            "LLC-store-misses": 191918577,
            "CPU-utilization": 35.12,
            "user-CPU-utilization": 24.21,
            "sys-CPU-utilization": 9.23,
            "LLC-loads-PKI": 7.965665958211906,
            "LLC-load-misses-PKI": 2.1561921566162425,
            "LLC-stores-PKI": 2.322178688011549,
            "LLC-store-misses-PKI": 0.8493464977451027
        },
        "300.016": {
            "instructions": 236588503499,
            "LLC-loads": 1957487607,
            "LLC-load-misses": 545349526,
            "LLC-stores": 548490397,
            "LLC-store-misses": 200224285,
            "CPU-utilization": 35.77,
            "user-CPU-utilization": 23.92,
            "sys-CPU-utilization": 10.12,
            "LLC-loads-PKI": 8.27380696039727,
            "LLC-load-misses-PKI": 2.3050550552313926,
            "LLC-stores-PKI": 2.318330725661479,
            "LLC-store-misses-PKI": 0.8462976097266125
        },
        "330.018": {
            "instructions": 223442894757,
            "LLC-loads": 1732225869,
            "LLC-load-misses": 452936307,
            "LLC-stores": 518208107,
            "LLC-store-misses": 182301028,
            "CPU-utilization": 34.58,
            "user-CPU-utilization": 23.99,
            "sys-CPU-utilization": 8.88,
            "LLC-loads-PKI": 7.7524320962805335,
            "LLC-load-misses-PKI": 2.0270785853028808,
            "LLC-stores-PKI": 2.3191970707485012,
            "LLC-store-misses-PKI": 0.8158730139898033
        },
        "360.02": {
            "instructions": 232308556109,
            "LLC-loads": 1941140180,
            "LLC-load-misses": 518045380,
            "LLC-stores": 544041399,
            "LLC-store-misses": 190016287,
            "CPU-utilization": 35.13,
            "user-CPU-utilization": 23.4,
            "sys-CPU-utilization": 9.99,
            "LLC-loads-PKI": 8.355870367035513,
            "LLC-load-misses-PKI": 2.2299883769968907,
            "LLC-stores-PKI": 2.3418913539488138,
            "LLC-store-misses-PKI": 0.8179478628881998
        },
        "390.022": {
            "instructions": 222188933671,
            "LLC-loads": 1720257118,
            "LLC-load-misses": 450194412,
            "LLC-stores": 509493739,
            "LLC-store-misses": 181350607,
            "CPU-utilization": 34.48,
            "user-CPU-utilization": 23.97,
            "sys-CPU-utilization": 8.76,
            "LLC-loads-PKI": 7.74231681829493,
            "LLC-load-misses-PKI": 2.0261783724414135,
            "LLC-stores-PKI": 2.293065323201103,
            "LLC-store-misses-PKI": 0.8161999970193377
        },
        "420.024": {
            "instructions": 233283566987,
            "LLC-loads": 1929288063,
            "LLC-load-misses": 530685903,
            "LLC-stores": 541070011,
            "LLC-store-misses": 195305046,
            "CPU-utilization": 35.0,
            "user-CPU-utilization": 23.49,
            "sys-CPU-utilization": 9.79,
            "LLC-loads-PKI": 8.270141304498795,
            "LLC-load-misses-PKI": 2.2748533463121006,
            "LLC-stores-PKI": 2.3193661601982956,
            "LLC-store-misses-PKI": 0.8372001874049003
        },
        "450.026": {
            "instructions": 223444587340,
            "LLC-loads": 1689626432,
            "LLC-load-misses": 430839015,
            "LLC-stores": 508686626,
            "LLC-store-misses": 179051379,
            "CPU-utilization": 34.31,
            "user-CPU-utilization": 23.92,
            "sys-CPU-utilization": 8.7,
            "LLC-loads-PKI": 7.561724596304558,
            "LLC-load-misses-PKI": 1.9281693959515,
            "LLC-stores-PKI": 2.276567233315735,
            "LLC-store-misses-PKI": 0.801323411461966
        },
        "480.027": {
            "instructions": 233872892867,
            "LLC-loads": 1941957257,
            "LLC-load-misses": 525404384,
            "LLC-stores": 541127598,
            "LLC-store-misses": 195192303,
            "CPU-utilization": 35.18,
            "user-CPU-utilization": 23.55,
            "sys-CPU-utilization": 9.97,
            "LLC-loads-PKI": 8.303473024145477,
            "LLC-load-misses-PKI": 2.246538183879179,
            "LLC-stores-PKI": 2.3137679248177387,
            "LLC-store-misses-PKI": 0.834608494414113
        },
        "510.029": {
            "instructions": 219162265617,
            "LLC-loads": 1682117398,
            "LLC-load-misses": 433075463,
            "LLC-stores": 503759187,
            "LLC-store-misses": 177475499,
            "CPU-utilization": 33.95,
            "user-CPU-utilization": 23.62,
            "sys-CPU-utilization": 8.64,
            "LLC-loads-PKI": 7.675214495818396,
            "LLC-load-misses-PKI": 1.9760493978321385,
            "LLC-stores-PKI": 2.298567162471076,
            "LLC-store-misses-PKI": 0.8097904011913698
        },