{
    "Total-Time-Stats-Collected": [
        90.0,
        810.0
    ],
    "time": {
        "120.011": {
            "instructions": 22908102755,
            "LLC-loads": 189402972,
            "LLC-load-misses": 36088049,
            "LLC-stores": 46629570,
            "LLC-store-misses": 18658610,
            "CPU-utilization": 2.14,
            "user-CPU-utilization": 1.45,
            "sys-CPU-utilization": 0.63,
            "LLC-loads-PKI": 8.26794667483584,
            "LLC-load-misses-PKI": 1.5753399304149402,
            "LLC-stores-PKI": 2.035505537001421,
            "LLC-store-misses-PKI": 0.8144982672529487
        },
        "150.015": {
            "instructions": 23351048788,
            "LLC-loads": 189369569,
            "LLC-load-misses": 34428275,
            "LLC-stores": 46941687,
            "LLC-store-misses": 18713229,
            "CPU-utilization": 2.1,
            "user-CPU-utilization": 1.46,
            "sys-CPU-utilization": 0.58,
            "LLC-loads-PKI": 8.109681527337486,
            "LLC-load-misses-PKI": 1.474378102352839,
            "LLC-stores-PKI": 2.0102603281837657,
            "LLC-store-misses-PKI": 0.8013870884299057
        },
        "180.019": {
            "instructions": 23030431430,
            "LLC-loads": 195814362,
            "LLC-load-misses": 38001387,
            "LLC-stores": 46702384,
            "LLC-store-misses": 18606958,
            "CPU-utilization": 2.15,
            "user-CPU-utilization": 1.44,
            "sys-CPU-utilization": 0.63,
            "LLC-loads-PKI": 8.50241831531334,
            "LLC-load-misses-PKI": 1.6500510255530199,
            "LLC-stores-PKI": 2.0278553678835705,
            "LLC-store-misses-PKI": 0.8079291982243165
        },
        "210.022": {
            "instructions": 22809505360,
            "LLC-loads": 186609128,
            "LLC-load-misses": 34646777,
            "LLC-stores": 48065751,
            "LLC-store-misses": 18402532,
            "CPU-utilization": 2.11,
            "user-CPU-utilization": 1.42,
            "sys-CPU-utilization": 0.61,
            "LLC-loads-PKI": 8.181200120509759,
            "LLC-load-misses-PKI": 1.5189622244399255,
            "LLC-stores-PKI": 2.1072684497705394,
            "LLC-store-misses-PKI": 0.8067922433895339
        },
        "240.026": {
            "instructions": 22076290005,
            "LLC-loads": 185428125,
            "LLC-load-misses": 33981585,
            "LLC-stores": 47658534,
            "LLC-store-misses": 18287222,
            "CPU-utilization": 2.14,
            "user-CPU-utilization": 1.42,
            "sys-CPU-utilization": 0.64,
            "LLC-loads-PKI": 8.399424222004823,
            "LLC-load-misses-PKI": 1.5392796974629162,
            "LLC-stores-PKI": 2.158810832309502,
            "LLC-store-misses-PKI": 0.8283648201694296
        },
        "270.03": {
            "instructions": 24211799173,
            "LLC-loads": 189265071,
            "LLC-load-misses": 35462985,
            "LLC-stores": 49368484,
            "LLC-store-misses": 18274302,
            "CPU-utilization": 2.2,
            "user-CPU-utilization": 1.49,
            "sys-CPU-utilization": 0.63,
            "LLC-loads-PKI": 7.817059345637586,
            "LLC-load-misses-PKI": 1.4646984615479075,
            "LLC-stores-PKI": 2.0390258339435468,
            "LLC-store-misses-PKI": 0.7547684444854783
        },
        "300.034": {
            "instructions": 22569408691,
            "LLC-loads": 189109749,
            "LLC-load-misses": 33080067,
            "LLC-stores": 47375357,
            "LLC-store-misses": 17915346,
            "CPU-utilization": 2.08,
            "user-CPU-utilization": 1.4,
            "sys-CPU-utilization": 0.61,
            "LLC-loads-PKI": 8.379029844738966,
            "LLC-load-misses-PKI": 1.4657037520522784,
            "LLC-stores-PKI": 2.0990960662116,
            "LLC-store-misses-PKI": 0.7937888956366013
        },
        "330.038": {
            "instructions": 22448012939,
            "LLC-loads": 192406061,
            "LLC-load-misses": 35015089,
            "LLC-stores": 48071592,
            "LLC-store-misses": 18549246,
            "CPU-utilization": 2.07,
            "user-CPU-utilization": 1.37,
            "sys-CPU-utilization": 0.64,
            "LLC-loads-PKI": 8.57118451966516,
            "LLC-load-misses-PKI": 1.5598302217282947,
            "LLC-stores-PKI": 2.1414631277445024,
            "LLC-store-misses-PKI": 0.8263201758839649
        },
        "360.042": {
            "instructions": 23109286983,
            "LLC-loads": 193327363,
            "LLC-load-misses": 37043479,
            "LLC-stores": 48343944,
            "LLC-store-misses": 18431457,
            "CPU-utilization": 2.13,
            "user-CPU-utilization": 1.44,
            "sys-CPU-utilization": 0.63,
            "LLC-loads-PKI": 8.365786583645717,
            "LLC-load-misses-PKI": 1.602969361506068,
            "LLC-stores-PKI": 2.0919703855667855,
            "LLC-store-misses-PKI": 0.797577918070723
        },
        "390.047": {
            "instructions": 26851056497,
            "LLC-loads": 196747003,
            "LLC-load-misses": 39689421,
            "LLC-stores": 51928579,
            "LLC-store-misses": 20442960,
            "CPU-utilization": 2.37,
            "user-CPU-utilization": 1.65,
            "sys-CPU-utilization": 0.66,
            "LLC-loads-PKI": 7.32734680372752,
            "LLC-load-misses-PKI": 1.4781325645206695,
            "LLC-stores-PKI": 1.9339491913773244,
            "LLC-store-misses-PKI": 0.7613465787569305
        },
        "420.051": {
            "instructions": 22166126697,
            "LLC-loads": 186773264,
            "LLC-load-misses": 35706997,
            "LLC-stores": 47655717,
            "LLC-store-misses": 18468493,
            "CPU-utilization": 2.07,
            "user-CPU-utilization": 1.39,
            "sys-CPU-utilization": 0.62,
            "LLC-loads-PKI": 8.426066788893623,
            "LLC-load-misses-PKI": 1.6108812102401564,
            "LLC-stores-PKI": 2.1499343413231418,
            "LLC-store-misses-PKI": 0.8331853937521505
        },
        "450.055": {
            "instructions": 22513468796,
            "LLC-loads": 190232567,
            "LLC-load-misses": 36375299,
            "LLC-stores": 47653130,
            "LLC-store-misses": 18909679,
            "CPU-utilization": 2.09,
            "user-CPU-utilization": 1.42,
            "sys-CPU-utilization": 0.62,
            "LLC-loads-PKI": 8.449722640422204,
            "LLC-load-misses-PKI": 1.6157127686366504,
            "LLC-stores-PKI": 2.1166498344522813,
            "LLC-store-misses-PKI": 0.8399273861946902
        },
        "480.058": {
            "instructions": 23058883690,
            "LLC-loads": 191299366,
            "LLC-load-misses": 37779396,
            "LLC-stores": 47835049,
            "LLC-store-misses": 18538245,
            "CPU-utilization": 2.08,
            "user-CPU-utilization": 1.39,
            "sys-CPU-utilization": 0.63,
            "LLC-loads-PKI": 8.296124329859092,
            "LLC-load-misses-PKI": 1.6383878989070002,
            "LLC-stores-PKI": 2.0744737535037197,
            "LLC-store-misses-PKI": 0.8039524050350938
        },
        "510.061": {
            "instructions": 23535685646,
            "LLC-loads": 193317353,
            "LLC-load-misses": 37251134,
            "LLC-stores": 47784656,
            "LLC-store-misses": 18987242,
            "CPU-utilization": 2.17,
            "user-CPU-utilization": 1.5,
            "sys-CPU-utilization": 0.61,
            "LLC-loads-PKI": 8.2137973759373,
            "LLC-load-misses-PKI": 1.5827511702991752,
            "LLC-stores-PKI": 2.0303065191610945,
            "LLC-store-misses-PKI": 0.8067426751693962
        },
        "540.064": {
            "instructions": 22493318495,
            "LLC-loads": 188445910,
            "LLC-load-misses": 33787073,