{
    "Total-Time-Stats-Collected": [
        90.0,
        810.0
    ],
    "time": {
        "120.005": {
            "instructions": 153477189986,
            "LLC-loads": 1390309270,
            "LLC-load-misses": 270138526,
            "LLC-stores": 386494669,
            "LLC-store-misses": 124315332,
            "CPU-utilization": 21.75,
            "user-CPU-utilization": 13.51,
            "sys-CPU-utilization": 6.92,
            "LLC-loads-PKI": 9.058735504128153,
            "LLC-load-misses-PKI": 1.7601216573266796,
            "LLC-stores-PKI": 2.5182547910556323,
            "LLC-store-misses-PKI": 0.8099922340990208
        },
        "150.008": {
            "instructions": 152059856626,
            "LLC-loads": 1392653602,
            "LLC-load-misses": 266338428,
            "LLC-stores": 379953224,
            "LLC-store-misses": 121755232,
            "CPU-utilization": 21.05,
            "user-CPU-utilization": 12.9,
            "sys-CPU-utilization": 6.85,
            "LLC-loads-PKI": 9.158588156671172,
            "LLC-load-misses-PKI": 1.751536756049131,
            "LLC-stores-PKI": 2.498708287845601,
            "LLC-store-misses-PKI": 0.8007059502855117
        },
        "180.01": {
            "instructions": 151087321924,
            "LLC-loads": 1350431244,
            "LLC-load-misses": 256052470,
            "LLC-stores": 371190838,
            "LLC-store-misses": 115050603,
            "CPU-utilization": 20.74,
            "user-CPU-utilization": 12.83,
            "sys-CPU-utilization": 6.61,
            "LLC-loads-PKI": 8.93808445872973,
            "LLC-load-misses-PKI": 1.69473167397063,
            "LLC-stores-PKI": 2.456796727039192,
            "LLC-store-misses-PKI": 0.7614841638259549
        },
        "210.011": {
            "instructions": 152348523743,
            "LLC-loads": 1375752822,
            "LLC-load-misses": 260618420,
            "LLC-stores": 376584983,
            "LLC-store-misses": 119770473,
            "CPU-utilization": 20.76,
            "user-CPU-utilization": 12.59,
            "sys-CPU-utilization": 6.85,
            "LLC-loads-PKI": 9.030299658963465,
            "LLC-load-misses-PKI": 1.710672434474277,
            "LLC-stores-PKI": 2.4718649957860395,
            "LLC-store-misses-PKI": 0.7861610343008206
        },
        "240.013": {
            "instructions": 146519418042,
            "LLC-loads": 1330699129,
            "LLC-load-misses": 263039790,
            "LLC-stores": 361833253,
            "LLC-store-misses": 120279484,
            "CPU-utilization": 20.31,
            "user-CPU-utilization": 12.42,
            "sys-CPU-utilization": 6.56,
            "LLC-loads-PKI": 9.08206671021962,
            "LLC-load-misses-PKI": 1.795255492514987,
            "LLC-stores-PKI": 2.46952422986201,
            "LLC-store-misses-PKI": 0.8209115597600976
        },
        "270.015": {
            "instructions": 148171838280,
            "LLC-loads": 1383317466,
            "LLC-load-misses": 269262610,
            "LLC-stores": 366023328,
            "LLC-store-misses": 121951333,
            "CPU-utilization": 20.48,
            "user-CPU-utilization": 12.39,
            "sys-CPU-utilization": 6.78,
            "LLC-loads-PKI": 9.335900006760719,
            "LLC-load-misses-PKI": 1.8172320268523297,
            "LLC-stores-PKI": 2.4702624483090134,
            "LLC-store-misses-PKI": 0.8230398867668014
        },
        "300.017": {
            "instructions": 146284730481,
            "LLC-loads": 1333500337,
            "LLC-load-misses": 257589007,
            "LLC-stores": 354121056,
            "LLC-store-misses": 120263882,
            "CPU-utilization": 20.06,
            "user-CPU-utilization": 12.19,
            "sys-CPU-utilization": 6.54,
            "LLC-loads-PKI": 9.115786265697771,
            "LLC-load-misses-PKI": 1.7608741948186903,
            "LLC-stores-PKI": 2.42076568645006,
            "LLC-store-misses-PKI": 0.8221219098162834
        },
        "330.019": {
            "instructions": 145209715498,
            "LLC-loads": 1342294216,
            "LLC-load-misses": 271986781,
            "LLC-stores": 353690185,
            "LLC-store-misses": 122469125,
            "CPU-utilization": 19.92,
            "user-CPU-utilization": 11.99,
            "sys-CPU-utilization": 6.61,
            "LLC-loads-PKI": 9.243832008048303,
            "LLC-load-misses-PKI": 1.8730618682587123,
            "LLC-stores-PKI": 2.435719840005275,
            "LLC-store-misses-PKI": 0.8433948415916205
        },
        "360.021": {
            "instructions": 145775507532,
            "LLC-loads": 1343967566,
            "LLC-load-misses": 274935296,
            "LLC-stores": 352679465,
            "LLC-store-misses": 126116755,
            "CPU-utilization": 20.26,
            "user-CPU-utilization": 12.34,
            "sys-CPU-utilization": 6.57,
            "LLC-loads-PKI": 9.219433283090975,
            "LLC-load-misses-PKI": 1.8860184447627282,
            "LLC-stores-PKI": 2.419332787591779,
            "LLC-store-misses-PKI": 0.8651436522854528
        },
        "390.023": {
            "instructions": 145666883986,
            "LLC-loads": 1352839767,
            "LLC-load-misses": 262414028,
            "LLC-stores": 355436951,
            "LLC-store-misses": 122293557,
            "CPU-utilization": 19.96,
            "user-CPU-utilization": 11.99,
            "sys-CPU-utilization": 6.7,
            "LLC-loads-PKI": 9.287215666190958,
            "LLC-load-misses-PKI": 1.8014666121726097,
            "LLC-stores-PKI": 2.440066961507606,
            "LLC-store-misses-PKI": 0.8395426170560056
        },
        "420.025": {
            "instructions": 142480605717,
            "LLC-loads": 1301595565,
            "LLC-load-misses": 247166559,
            "LLC-stores": 344933539,
            "LLC-store-misses": 115587760,
            "CPU-utilization": 19.26,
            "user-CPU-utilization": 11.56,
            "sys-CPU-utilization": 6.4,
            "LLC-loads-PKI": 9.135247274181827,
            "LLC-load-misses-PKI": 1.7347382667008795,
            "LLC-stores-PKI": 2.4209157257874043,
            "LLC-store-misses-PKI": 0.8112525871035703
        },
        "450.027": {
            "instructions": 143655647905,
            "LLC-loads": 1320994271,
            "LLC-load-misses": 247716571,
            "LLC-stores": 349348252,
            "LLC-store-misses": 115496639,
            "CPU-utilization": 19.38,
            "user-CPU-utilization": 11.52,
            "sys-CPU-utilization": 6.57,
            "LLC-loads-PKI": 9.195560983955035,
            "LLC-load-misses-PKI": 1.7243775278770515,
            "LLC-stores-PKI": 2.431844881107809,
            "LLC-store-misses-PKI": 0.803982583938352
        },
        "480.029": {
            "instructions": 142732559075,
            "LLC-loads": 1316906870,
            "LLC-load-misses": 243008895,
            "LLC-stores": 349299346,
            "LLC-store-misses": 114355345,
            "CPU-utilization": 19.42,
            "user-CPU-utilization": 11.63,
            "sys-CPU-utilization": 6.5,
            "LLC-loads-PKI": 9.226394303685261,
            "LLC-load-misses-PKI": 1.7025470332407406,
            "LLC-stores-PKI": 2.447229617850947,
            "LLC-store-misses-PKI": 0.8011861185779695
        },
        "510.031": {
            "instructions": 146016879868,
            "LLC-loads": 1311442734,
            "LLC-load-misses": 261108094,
            "LLC-stores": 345456153,
            "LLC-store-misses": 120328621,
            "CPU-utilization": 19.62,
            "user-CPU-utilization": 11.81,
            "sys-CPU-utilization": 6.51,
            "LLC-loads-PKI": 8.981446084764658,
            "LLC-load-misses-PKI": 1.7882048584796706,
            "LLC-stores-PKI": 2.3658645035580412,
            "LLC-store-misses-PKI": 0.8240733613043758
        },