{
    "Total-Time-Stats-Collected": [
        90.0,
        810.0
    ],
    "time": {
        "120.005": {
            "instructions": 146556305525,
            "LLC-loads": 1297767280,
            "LLC-load-misses": 265589781,
            "LLC-stores": 362200152,
            "LLC-store-misses": 125565247,
            "CPU-utilization": 21.47,
            "user-CPU-utilization": 12.81,
            "sys-CPU-utilization": 7.27,
            "LLC-loads-PKI": 8.855076384131578,
            "LLC-load-misses-PKI": 1.8122030304229724,
            "LLC-stores-PKI": 2.4714061309236186,
            "LLC-store-misses-PKI": 0.8567713722735779
        },
        "150.007": {
            "instructions": 155959291387,
            "LLC-loads": 1475972156,
            "LLC-load-misses": 312899392,
            "LLC-stores": 380963103,
            "LLC-store-misses": 140516667,
            "CPU-utilization": 22.53,
            "user-CPU-utilization": 12.96,
            "sys-CPU-utilization": 8.21,
            "LLC-loads-PKI": 9.463829585744257,
            "LLC-load-misses-PKI": 2.00628887972802,
            "LLC-stores-PKI": 2.4427086043541437,
            "LLC-store-misses-PKI": 0.9009829792783528
        },
        "180.009": {
            "instructions": 145330415182,
            "LLC-loads": 1276255484,
            "LLC-load-misses": 261789027,
            "LLC-stores": 352056071,
            "LLC-store-misses": 126373045,
            "CPU-utilization": 21.1,
            "user-CPU-utilization": 12.5,
            "sys-CPU-utilization": 7.2,
            "LLC-loads-PKI": 8.78175076016759,
            "LLC-load-misses-PKI": 1.8013368135786076,
            "LLC-stores-PKI": 2.4224527987421878,
            "LLC-store-misses-PKI": 0.8695567603088498
        },
        "210.011": {
            "instructions": 157942343441,
            "LLC-loads": 1465721748,
            "LLC-load-misses": 308075059,
            "LLC-stores": 378824061,
            "LLC-store-misses": 139122545,
            "CPU-utilization": 22.08,
            "user-CPU-utilization": 12.68,
            "sys-CPU-utilization": 8.0,
            "LLC-loads-PKI": 9.280106373421807,
            "LLC-load-misses-PKI": 1.950553931821853,
            "LLC-stores-PKI": 2.398495886199835,
            "LLC-store-misses-PKI": 0.88084386978828
        },
        "240.012": {
            "instructions": 144551209935,
            "LLC-loads": 1301693393,
            "LLC-load-misses": 263470535,
            "LLC-stores": 347977534,
            "LLC-store-misses": 127305118,
            "CPU-utilization": 21.1,
            "user-CPU-utilization": 12.3,
            "sys-CPU-utilization": 7.38,
            "LLC-loads-PKI": 9.005067433093982,
            "LLC-load-misses-PKI": 1.8226795550066592,
            "LLC-stores-PKI": 2.407295892967442,
            "LLC-store-misses-PKI": 0.8806921647853725
        },
        "270.014": {
            "instructions": 147236183438,
            "LLC-loads": 1374710824,
            "LLC-load-misses": 281852844,
            "LLC-stores": 358888796,
            "LLC-store-misses": 129009792,
            "CPU-utilization": 21.29,
            "user-CPU-utilization": 12.23,
            "sys-CPU-utilization": 7.66,
            "LLC-loads-PKI": 9.336773012585455,
            "LLC-load-misses-PKI": 1.9142906140234612,
            "LLC-stores-PKI": 2.437504067409661,
            "LLC-store-misses-PKI": 0.8762098350255392
        },
        "300.016": {
            "instructions": 146812298606,
            "LLC-loads": 1334370510,
            "LLC-load-misses": 279157723,
            "LLC-stores": 353607875,
            "LLC-store-misses": 126877788,
            "CPU-utilization": 21.13,
            "user-CPU-utilization": 12.29,
            "sys-CPU-utilization": 7.43,
            "LLC-loads-PKI": 9.088955916295873,
            "LLC-load-misses-PKI": 1.9014600660205947,
            "LLC-stores-PKI": 2.408571205256973,
            "LLC-store-misses-PKI": 0.8642177065867062
        },
        "330.019": {
            "instructions": 149037978384,
            "LLC-loads": 1384152068,
            "LLC-load-misses": 285826434,
            "LLC-stores": 359028514,
            "LLC-store-misses": 131188751,
            "CPU-utilization": 21.52,
            "user-CPU-utilization": 12.35,
            "sys-CPU-utilization": 7.76,
            "LLC-loads-PKI": 9.287243983098712,
            "LLC-load-misses-PKI": 1.9178093872392794,
            "LLC-stores-PKI": 2.4089733227255286,
            "LLC-store-misses-PKI": 0.8802370538198591
        },
        "360.021": {
            "instructions": 142581679203,
            "LLC-loads": 1301422015,
            "LLC-load-misses": 275346185,
            "LLC-stores": 339969372,
            "LLC-store-misses": 129725682,
            "CPU-utilization": 20.79,
            "user-CPU-utilization": 11.99,
            "sys-CPU-utilization": 7.36,
            "LLC-loads-PKI": 9.127554271170467,
            "LLC-load-misses-PKI": 1.9311470207050736,
            "LLC-stores-PKI": 2.384383280519303,
            "LLC-store-misses-PKI": 0.9098341576921932
        },
        "390.023": {
            "instructions": 162301343326,
            "LLC-loads": 1370674245,
            "LLC-load-misses": 290920905,
            "LLC-stores": 349718572,
            "LLC-store-misses": 131305247,
            "CPU-utilization": 21.44,
            "user-CPU-utilization": 12.38,
            "sys-CPU-utilization": 7.66,
            "LLC-loads-PKI": 8.445242762081463,
            "LLC-load-misses-PKI": 1.792473796200525,
            "LLC-stores-PKI": 2.154748474863526,
            "LLC-store-misses-PKI": 0.8090213199052768
        },
        "420.025": {
            "instructions": 145008300208,
            "LLC-loads": 1343459632,
            "LLC-load-misses": 282535452,
            "LLC-stores": 346092778,
            "LLC-store-misses": 131367066,
            "CPU-utilization": 21.13,
            "user-CPU-utilization": 12.19,
            "sys-CPU-utilization": 7.55,
            "LLC-loads-PKI": 9.264708503395603,
            "LLC-load-misses-PKI": 1.9484088262170576,
            "LLC-stores-PKI": 2.3867101228244474,
            "LLC-store-misses-PKI": 0.9059279076547135
        },
        "450.027": {
            "instructions": 144387934589,
            "LLC-loads": 1333471463,
            "LLC-load-misses": 281772920,
            "LLC-stores": 344891838,
            "LLC-store-misses": 131282931,
            "CPU-utilization": 20.78,
            "user-CPU-utilization": 11.82,
            "sys-CPU-utilization": 7.55,
            "LLC-loads-PKI": 9.235338581410726,
            "LLC-load-misses-PKI": 1.951499069517589,
            "LLC-stores-PKI": 2.3886472161384815,
            "LLC-store-misses-PKI": 0.9092375437996023
        },
        "480.029": {
            "instructions": 143174360363,
            "LLC-loads": 1319751003,
            "LLC-load-misses": 278097561,
            "LLC-stores": 341338938,
            "LLC-store-misses": 127011779,
            "CPU-utilization": 20.61,
            "user-CPU-utilization": 11.67,
            "sys-CPU-utilization": 7.49,
            "LLC-loads-PKI": 9.217788713383756,
            "LLC-load-misses-PKI": 1.9423698509629779,
            "LLC-stores-PKI": 2.384078665583554,
            "LLC-store-misses-PKI": 0.8871125994764574
        },
        "510.03": {
            "instructions": 147927680211,
            "LLC-loads": 1356370778,
            "LLC-load-misses": 281659733,
            "LLC-stores": 346195217,
            "LLC-store-misses": 130824896,
            "CPU-utilization": 20.78,
            "user-CPU-utilization": 11.75,
            "sys-CPU-utilization": 7.61,
            "LLC-loads-PKI": 9.169147897576098,
            "LLC-load-misses-PKI": 1.9040367063030277,
            "LLC-stores-PKI": 2.3403004529388727,
            "LLC-store-misses-PKI": 0.8843841518598476
        },