{
    "Total-Time-Stats-Collected": [
        90.0,
        810.0
    ],
    "time": {
        "120.005": {
            "instructions": 229427787856,
            "LLC-loads": 1937148103,
            "LLC-load-misses": 574545980,
            "LLC-stores": 547995732,
            "LLC-store-misses": 206494670,
            "CPU-utilization": 36.07,
            "user-CPU-utilization": 23.98,
            "sys-CPU-utilization": 9.9,
            "LLC-loads-PKI": 8.443389186212473,
            "LLC-load-misses-PKI": 2.504256286342319,
            "LLC-stores-PKI": 2.3885325187546536,
            "LLC-store-misses-PKI": 0.900042108803342
        },
        "150.007": {
            "instructions": 235470581576,
            "LLC-loads": 2059828114,
            "LLC-load-misses": 631191019,
            "LLC-stores": 560610347,
            "LLC-store-misses": 216174881,
            "CPU-utilization": 36.35,
            "user-CPU-utilization": 23.46,
            "sys-CPU-utilization": 10.78,
            "LLC-loads-PKI": 8.747708950364885,
            "LLC-load-misses-PKI": 2.680551492995222,
            "LLC-stores-PKI": 2.3808084358047865,
            "LLC-store-misses-PKI": 0.9180547291858956
        },
        "180.009": {
            "instructions": 227096157256,
            "LLC-loads": 1949476464,
            "LLC-load-misses": 598380698,
            "LLC-stores": 539372943,
            "LLC-store-misses": 210957475,
            "CPU-utilization": 35.71,
            "user-CPU-utilization": 23.43,
            "sys-CPU-utilization": 10.07,
            "LLC-loads-PKI": 8.584365704622657,
            "LLC-load-misses-PKI": 2.6349221635021323,
            "LLC-stores-PKI": 2.375086172823162,
            "LLC-store-misses-PKI": 0.9289345867803159
        },
        "210.011": {
            "instructions": 232494720593,
            "LLC-loads": 2019478821,
            "LLC-load-misses": 627545105,
            "LLC-stores": 551220427,
            "LLC-store-misses": 217281345,
            "CPU-utilization": 36.26,
            "user-CPU-utilization": 23.62,
            "sys-CPU-utilization": 10.44,
            "LLC-loads-PKI": 8.686127649905883,
            "LLC-load-misses-PKI": 2.6991800218060273,
            "LLC-stores-PKI": 2.370894382436124,
            "LLC-store-misses-PKI": 0.9345646406327127
        },
        "240.013": {
            "instructions": 230125590037,
            "LLC-loads": 1965176146,
            "LLC-load-misses": 597329344,
            "LLC-stores": 541248361,
            "LLC-store-misses": 209885080,
            "CPU-utilization": 35.77,
            "user-CPU-utilization": 23.23,
            "sys-CPU-utilization": 10.34,
            "LLC-loads-PKI": 8.539581129087102,
            "LLC-load-misses-PKI": 2.59566675702585,
            "LLC-stores-PKI": 2.3519694655121888,
            "LLC-store-misses-PKI": 0.9120458092742068
        },
        "270.015": {
            "instructions": 228109045798,
            "LLC-loads": 1952016630,
            "LLC-load-misses": 596504708,
            "LLC-stores": 536898680,
            "LLC-store-misses": 209440052,
            "CPU-utilization": 35.67,
            "user-CPU-utilization": 23.32,
            "sys-CPU-utilization": 10.16,
            "LLC-loads-PKI": 8.557383698534215,
            "LLC-load-misses-PKI": 2.614998041455268,
            "LLC-stores-PKI": 2.3536930686889375,
            "LLC-store-misses-PKI": 0.9181575911087183
        },
        "300.017": {
            "instructions": 229690405777,
            "LLC-loads": 2007230738,
            "LLC-load-misses": 614327337,
            "LLC-stores": 544972368,
            "LLC-store-misses": 211108198,
            "CPU-utilization": 35.8,
            "user-CPU-utilization": 23.15,
            "sys-CPU-utilization": 10.46,
            "LLC-loads-PKI": 8.738853202030407,
            "LLC-load-misses-PKI": 2.674588583366574,
            "LLC-stores-PKI": 2.3726387968032867,
            "LLC-store-misses-PKI": 0.9190988943828984
        },
        "330.019": {
            "instructions": 223837827422,
            "LLC-loads": 1903990316,
            "LLC-load-misses": 576998283,
            "LLC-stores": 528047740,
            "LLC-store-misses": 206837033,
            "CPU-utilization": 35.56,
            "user-CPU-utilization": 23.56,
            "sys-CPU-utilization": 9.76,
            "LLC-loads-PKI": 8.506115065218262,
            "LLC-load-misses-PKI": 2.5777514446304415,
            "LLC-stores-PKI": 2.3590639083736056,
            "LLC-store-misses-PKI": 0.924048608683337
        },
        "360.021": {
            "instructions": 235180085585,
            "LLC-loads": 2024680265,
            "LLC-load-misses": 622169804,
            "LLC-stores": 543275360,
            "LLC-store-misses": 210168458,
            "CPU-utilization": 35.39,
            "user-CPU-utilization": 22.93,
            "sys-CPU-utilization": 10.35,
            "LLC-loads-PKI": 8.609063390565991,
            "LLC-load-misses-PKI": 2.645503774064799,
            "LLC-stores-PKI": 2.310039809062178,
            "LLC-store-misses-PKI": 0.8936490412324467
        },
        "390.023": {
            "instructions": 223101296354,
            "LLC-loads": 1879955629,
            "LLC-load-misses": 565279759,
            "LLC-stores": 523498982,
            "LLC-store-misses": 199816653,
            "CPU-utilization": 35.05,
            "user-CPU-utilization": 23.18,
            "sys-CPU-utilization": 9.68,
            "LLC-loads-PKI": 8.426466630731857,
            "LLC-load-misses-PKI": 2.533735877998026,
            "LLC-stores-PKI": 2.3464632010445694,
            "LLC-store-misses-PKI": 0.8956319674760934
        },
        "420.025": {
            "instructions": 225962938424,
            "LLC-loads": 1986401248,
            "LLC-load-misses": 600333893,
            "LLC-stores": 536537026,
            "LLC-store-misses": 205713465,
            "CPU-utilization": 35.29,
            "user-CPU-utilization": 22.8,
            "sys-CPU-utilization": 10.29,
            "LLC-loads-PKI": 8.79082765454523,
            "LLC-load-misses-PKI": 2.6567803427725174,
            "LLC-stores-PKI": 2.374447021012067,
            "LLC-store-misses-PKI": 0.910385864313715
        },
        "450.027": {
            "instructions": 221766282387,
            "LLC-loads": 1886530254,
            "LLC-load-misses": 571665990,
            "LLC-stores": 523067159,
            "LLC-store-misses": 202628286,
            "CPU-utilization": 35.0,
            "user-CPU-utilization": 23.01,
            "sys-CPU-utilization": 9.74,
            "LLC-loads-PKI": 8.506839875269465,
            "LLC-load-misses-PKI": 2.5777858736992165,
            "LLC-stores-PKI": 2.358641509294933,
            "LLC-store-misses-PKI": 0.9137019560367493
        },
        "480.029": {
            "instructions": 229892549311,
            "LLC-loads": 1993430644,
            "LLC-load-misses": 613405609,
            "LLC-stores": 536044303,
            "LLC-store-misses": 209312817,
            "CPU-utilization": 35.19,
            "user-CPU-utilization": 22.79,
            "sys-CPU-utilization": 10.24,
            "LLC-loads-PKI": 8.671140713235014,
            "LLC-load-misses-PKI": 2.6682274429441435,
            "LLC-stores-PKI": 2.331716728561029,
            "LLC-store-misses-PKI": 0.910481081824189
        },
        "510.031": {
            "instructions": 220338670796,
            "LLC-loads": 1854250806,
            "LLC-load-misses": 557763591,
            "LLC-stores": 514829663,
            "LLC-store-misses": 199162802,
            "CPU-utilization": 34.71,
            "user-CPU-utilization": 22.87,
            "sys-CPU-utilization": 9.62,
            "LLC-loads-PKI": 8.41545789171413,
            "LLC-load-misses-PKI": 2.531392192686884,
            "LLC-stores-PKI": 2.3365379356248077,
            "LLC-store-misses-PKI": 0.9038939977285892
        },