{
    "Total-Time-Stats-Collected": [
        90.0,
        810.0
    ],
    "time": {
        "120.002": {
            "instructions": 1049966800244,
            "LLC-loads": 15896542502,
            "LLC-load-misses": 1675308724,
            "LLC-stores": 4920448601,
            "LLC-store-misses": 2006337238,
            "CPU-utilization": 90.92,
            "user-CPU-utilization": 12.59,
            "sys-CPU-utilization": 77.46,
            "LLC-loads-PKI": 15.140042997841293,
            "LLC-load-misses-PKI": 1.5955825685256693,
            "LLC-stores-PKI": 4.686289699690072,
            "LLC-store-misses-PKI": 1.910857788583173
        },
        "150.003": {
            "instructions": 1026574746957,
            "LLC-loads": 15482125084,
            "LLC-load-misses": 1601629710,
            "LLC-stores": 4930128541,
            "LLC-store-misses": 1988218721,
            "CPU-utilization": 89.45,
            "user-CPU-utilization": 12.34,
            "sys-CPU-utilization": 76.22,
            "LLC-loads-PKI": 15.081342230453773,
            "LLC-load-misses-PKI": 1.560168623617124,
            "LLC-stores-PKI": 4.802503232827437,
            "LLC-store-misses-PKI": 1.9367500777644595
        },
        "180.005": {
            "instructions": 1051838277708,
            "LLC-loads": 15963373864,
            "LLC-load-misses": 1688353998,
            "LLC-stores": 4887021307,
            "LLC-store-misses": 2007904812,
            "CPU-utilization": 91.24,
            "user-CPU-utilization": 12.8,
            "sys-CPU-utilization": 77.59,
            "LLC-loads-PKI": 15.176642837894116,
            "LLC-load-misses-PKI": 1.6051459941912312,
            "LLC-stores-PKI": 4.646171764778351,
            "LLC-store-misses-PKI": 1.908948223842271
        },
        "210.006": {
            "instructions": 987986586074,
            "LLC-loads": 14594727211,
            "LLC-load-misses": 1588355992,
            "LLC-stores": 4644268986,
            "LLC-store-misses": 1868666886,
            "CPU-utilization": 86.9,
            "user-CPU-utilization": 13.99,
            "sys-CPU-utilization": 71.91,
            "LLC-loads-PKI": 14.772191664054494,
            "LLC-load-misses-PKI": 1.6076695922681612,
            "LLC-stores-PKI": 4.700740932581999,
            "LLC-store-misses-PKI": 1.8913889240395387
        },
        "240.007": {
            "instructions": 1029358147842,
            "LLC-loads": 15779004281,
            "LLC-load-misses": 1621502315,
            "LLC-stores": 4827573313,
            "LLC-store-misses": 1975018779,
            "CPU-utilization": 89.39,
            "user-CPU-utilization": 12.74,
            "sys-CPU-utilization": 75.78,
            "LLC-loads-PKI": 15.328973996154717,
            "LLC-load-misses-PKI": 1.5752557245497127,
            "LLC-stores-PKI": 4.689886919456339,
            "LLC-store-misses-PKI": 1.9186896058874476
        },
        "270.007": {
            "instructions": 1011593474135,
            "LLC-loads": 14811819466,
            "LLC-load-misses": 1635967844,
            "LLC-stores": 4771755137,
            "LLC-store-misses": 1903975610,
            "CPU-utilization": 88.54,
            "user-CPU-utilization": 13.52,
            "sys-CPU-utilization": 74.09,
            "LLC-loads-PKI": 14.642067040483223,
            "LLC-load-misses-PKI": 1.6172186612798132,
            "LLC-stores-PKI": 4.717067931938038,
            "LLC-store-misses-PKI": 1.8821548958963619
        },
        "300.009": {
            "instructions": 1038809194279,
            "LLC-loads": 15829531906,
            "LLC-load-misses": 1650620841,
            "LLC-stores": 4801505434,
            "LLC-store-misses": 1972809452,
            "CPU-utilization": 89.81,
            "user-CPU-utilization": 12.87,
            "sys-CPU-utilization": 76.04,
            "LLC-loads-PKI": 15.238151523087652,
            "LLC-load-misses-PKI": 1.5889547860092212,
            "LLC-stores-PKI": 4.622124506062494,
            "LLC-store-misses-PKI": 1.899106652949155
        },
        "330.01": {
            "instructions": 1008549364666,
            "LLC-loads": 15064069777,
            "LLC-load-misses": 1645527301,
            "LLC-stores": 4827611446,
            "LLC-store-misses": 1929153479,
            "CPU-utilization": 88.47,
            "user-CPU-utilization": 13.26,
            "sys-CPU-utilization": 74.24,
            "LLC-loads-PKI": 14.936373275083811,
            "LLC-load-misses-PKI": 1.631578342766541,
            "LLC-stores-PKI": 4.786688302162338,
            "LLC-store-misses-PKI": 1.9128002521114822
        },
        "360.011": {
            "instructions": 1029037703019,
            "LLC-loads": 15953645626,
            "LLC-load-misses": 1620331711,
            "LLC-stores": 4870063394,
            "LLC-store-misses": 1978558521,
            "CPU-utilization": 89.96,
            "user-CPU-utilization": 12.0,
            "sys-CPU-utilization": 77.12,
            "LLC-loads-PKI": 15.503460737342326,
            "LLC-load-misses-PKI": 1.5746086914466364,
            "LLC-stores-PKI": 4.732638444356474,
            "LLC-store-misses-PKI": 1.9227269469284627
        },
        "390.011": {
            "instructions": 999737310678,
            "LLC-loads": 14474037269,
            "LLC-load-misses": 1648504841,
            "LLC-stores": 4685724244,
            "LLC-store-misses": 1830133116,
            "CPU-utilization": 87.09,
            "user-CPU-utilization": 14.52,
            "sys-CPU-utilization": 71.53,
            "LLC-loads-PKI": 14.47784044309002,
            "LLC-load-misses-PKI": 1.6489379994050837,
            "LLC-stores-PKI": 4.686955457151283,
            "LLC-store-misses-PKI": 1.8306139987501755
        },
        "420.012": {
            "instructions": 1026423008010,
            "LLC-loads": 15970798072,
            "LLC-load-misses": 1551313157,
            "LLC-stores": 4868896124,
            "LLC-store-misses": 1993474132,
            "CPU-utilization": 89.78,
            "user-CPU-utilization": 11.76,
            "sys-CPU-utilization": 77.19,
            "LLC-loads-PKI": 15.559664921155395,
            "LLC-load-misses-PKI": 1.5113780038968947,
            "LLC-stores-PKI": 4.743557077349307,
            "LLC-store-misses-PKI": 1.9421565148514075
        },
        "450.013": {
            "instructions": 982863993158,
            "LLC-loads": 14325915452,
            "LLC-load-misses": 1636209381,
            "LLC-stores": 4610191446,
            "LLC-store-misses": 1813715881,
            "CPU-utilization": 86.37,
            "user-CPU-utilization": 15.0,
            "sys-CPU-utilization": 70.32,
            "LLC-loads-PKI": 14.57568448099313,
            "LLC-load-misses-PKI": 1.6647363138645082,
            "LLC-stores-PKI": 4.690569069670751,
            "LLC-store-misses-PKI": 1.8453375987174216
        },
        "480.014": {
            "instructions": 1039165416192,
            "LLC-loads": 16387133460,
            "LLC-load-misses": 1537554828,
            "LLC-stores": 4953988355,
            "LLC-store-misses": 2045931787,
            "CPU-utilization": 90.81,
            "user-CPU-utilization": 11.29,
            "sys-CPU-utilization": 78.76,
            "LLC-loads-PKI": 15.769513885527783,
            "LLC-load-misses-PKI": 1.4796054641948513,
            "LLC-stores-PKI": 4.767276006118243,
            "LLC-store-misses-PKI": 1.9688220519282429
        },
        "510.016": {
            "instructions": 968297054052,
            "LLC-loads": 13853466905,
            "LLC-load-misses": 1678114807,
            "LLC-stores": 4457239844,
            "LLC-store-misses": 1731050795,
            "CPU-utilization": 84.57,
            "user-CPU-utilization": 15.53,
            "sys-CPU-utilization": 67.95,
            "LLC-loads-PKI": 14.307042293506797,
            "LLC-load-misses-PKI": 1.7330578462235835,
            "LLC-stores-PKI": 4.603174021182796,