{
    "Total-Time-Stats-Collected": [
        90.0,
        810.0
    ],
    "time": {
        "120.005": {
            "instructions": 41411495139,
            "LLC-loads": 328488405,
            "LLC-load-misses": 63968513,
            "LLC-stores": 78964318,
            "LLC-store-misses": 30842198,
            "CPU-utilization": 4.54,
            "user-CPU-utilization": 2.97,
            "sys-CPU-utilization": 1.44,
            "LLC-loads-PKI": 7.932300050925722,
            "LLC-load-misses-PKI": 1.5447042611063935,
            "LLC-stores-PKI": 1.9068212276555543,
            "LLC-store-misses-PKI": 0.7447738338467722
        },
        "150.009": {
            "instructions": 42558813736,
            "LLC-loads": 327977398,
            "LLC-load-misses": 63272244,
            "LLC-stores": 79374847,
            "LLC-store-misses": 30264530,
            "CPU-utilization": 4.47,
            "user-CPU-utilization": 2.87,
            "sys-CPU-utilization": 1.44,
            "LLC-loads-PKI": 7.7064506551922,
            "LLC-load-misses-PKI": 1.48670130686652,
            "LLC-stores-PKI": 1.8650624872294725,
            "LLC-store-misses-PKI": 0.7111224995070666
        },
        "180.011": {
            "instructions": 41527457518,
            "LLC-loads": 321459053,
            "LLC-load-misses": 61163373,
            "LLC-stores": 78763546,
            "LLC-store-misses": 29934542,
            "CPU-utilization": 4.44,
            "user-CPU-utilization": 2.86,
            "sys-CPU-utilization": 1.43,
            "LLC-loads-PKI": 7.740879702559786,
            "LLC-load-misses-PKI": 1.472841745090916,
            "LLC-stores-PKI": 1.8966618884833026,
            "LLC-store-misses-PKI": 0.7208373396571396
        },
        "210.013": {
            "instructions": 45246449949,
            "LLC-loads": 330998371,
            "LLC-load-misses": 66720229,
            "LLC-stores": 81822863,
            "LLC-store-misses": 33529599,
            "CPU-utilization": 4.65,
            "user-CPU-utilization": 3.02,
            "sys-CPU-utilization": 1.47,
            "LLC-loads-PKI": 7.315455054995215,
            "LLC-load-misses-PKI": 1.4745958870851612,
            "LLC-stores-PKI": 1.8083819413949045,
            "LLC-store-misses-PKI": 0.7410437512289524
        },
        "240.015": {
            "instructions": 41696698119,
            "LLC-loads": 325829856,
            "LLC-load-misses": 62277538,
            "LLC-stores": 78908593,
            "LLC-store-misses": 30974111,
            "CPU-utilization": 4.51,
            "user-CPU-utilization": 2.86,
            "sys-CPU-utilization": 1.5,
            "LLC-loads-PKI": 7.814284360600932,
            "LLC-load-misses-PKI": 1.4935844037881238,
            "LLC-stores-PKI": 1.892442245062172,
            "LLC-store-misses-PKI": 0.7428432561159076
        },
        "270.017": {
            "instructions": 42233189688,
            "LLC-loads": 326646775,
            "LLC-load-misses": 63291973,
            "LLC-stores": 79872190,
            "LLC-store-misses": 31706442,
            "CPU-utilization": 4.57,
            "user-CPU-utilization": 2.93,
            "sys-CPU-utilization": 1.49,
            "LLC-loads-PKI": 7.734361941712689,
            "LLC-load-misses-PKI": 1.4986311350758235,
            "LLC-stores-PKI": 1.8912185082410344,
            "LLC-store-misses-PKI": 0.7507470364950665
        },
        "300.02": {
            "instructions": 42385292554,
            "LLC-loads": 323680095,
            "LLC-load-misses": 60763682,
            "LLC-stores": 79264788,
            "LLC-store-misses": 31039653,
            "CPU-utilization": 4.6,
            "user-CPU-utilization": 3.0,
            "sys-CPU-utilization": 1.45,
            "LLC-loads-PKI": 7.636613445279937,
            "LLC-load-misses-PKI": 1.433602986757386,
            "LLC-stores-PKI": 1.8701012361543696,
            "LLC-store-misses-PKI": 0.7323213107578448
        },
        "330.022": {
            "instructions": 40640604283,
            "LLC-loads": 328692193,
            "LLC-load-misses": 63053168,
            "LLC-stores": 79021811,
            "LLC-store-misses": 31474644,
            "CPU-utilization": 4.44,
            "user-CPU-utilization": 2.84,
            "sys-CPU-utilization": 1.45,
            "LLC-loads-PKI": 8.087778191267994,
            "LLC-load-misses-PKI": 1.5514820488625263,
            "LLC-stores-PKI": 1.944405414096042,
            "LLC-store-misses-PKI": 0.7744629922534363
        },
        "360.024": {
            "instructions": 40247271031,
            "LLC-loads": 323045050,
            "LLC-load-misses": 62659004,
            "LLC-stores": 77880799,
            "LLC-store-misses": 31341044,
            "CPU-utilization": 4.45,
            "user-CPU-utilization": 2.78,
            "sys-CPU-utilization": 1.52,
            "LLC-loads-PKI": 8.026508176198536,
            "LLC-load-misses-PKI": 1.5568509962262438,
            "LLC-stores-PKI": 1.9350578810675934,
            "LLC-store-misses-PKI": 0.7787122753207273
        },
        "390.029": {
            "instructions": 42013787555,
            "LLC-loads": 320752258,
            "LLC-load-misses": 59826309,
            "LLC-stores": 80056373,
            "LLC-store-misses": 31227206,
            "CPU-utilization": 4.54,
            "user-CPU-utilization": 2.93,
            "sys-CPU-utilization": 1.46,
            "LLC-loads-PKI": 7.634452323064306,
            "LLC-load-misses-PKI": 1.4239684751507284,
            "LLC-stores-PKI": 1.9054785978340723,
            "LLC-store-misses-PKI": 0.743260910697962
        },
        "420.032": {
            "instructions": 42525539851,
            "LLC-loads": 335091578,
            "LLC-load-misses": 66355883,
            "LLC-stores": 80137102,
            "LLC-store-misses": 30917692,
            "CPU-utilization": 4.62,
            "user-CPU-utilization": 2.98,
            "sys-CPU-utilization": 1.5,
            "LLC-loads-PKI": 7.879772465536854,
            "LLC-load-misses-PKI": 1.5603772046750306,
            "LLC-stores-PKI": 1.8844464357367954,
            "LLC-store-misses-PKI": 0.7270382012392715
        },
        "450.036": {
            "instructions": 40943661719,
            "LLC-loads": 323052115,
            "LLC-load-misses": 62766193,
            "LLC-stores": 79920887,
            "LLC-store-misses": 31405589,
            "CPU-utilization": 4.48,
            "user-CPU-utilization": 2.87,
            "sys-CPU-utilization": 1.44,
            "LLC-loads-PKI": 7.890161784188611,
            "LLC-load-misses-PKI": 1.5329892433844823,
            "LLC-stores-PKI": 1.9519721403645862,
            "LLC-store-misses-PKI": 0.7670439741208139
        },
        "480.039": {
            "instructions": 39464821683,
            "LLC-loads": 315517858,
            "LLC-load-misses": 57488470,
            "LLC-stores": 78646010,
            "LLC-store-misses": 30822073,
            "CPU-utilization": 4.31,
            "user-CPU-utilization": 2.78,
            "sys-CPU-utilization": 1.39,
            "LLC-loads-PKI": 7.994914066364919,
            "LLC-load-misses-PKI": 1.4567016281430185,
            "LLC-stores-PKI": 1.9928130077901205,
            "LLC-store-misses-PKI": 0.7810011976635136
        },
        "510.042": {
            "instructions": 43549049769,
            "LLC-loads": 329119300,
            "LLC-load-misses": 65973037,
            "LLC-stores": 81108504,
            "LLC-store-misses": 32901284,
            "CPU-utilization": 4.7,
            "user-CPU-utilization": 3.06,
            "sys-CPU-utilization": 1.49,
            "LLC-loads-PKI": 7.5574392953639284,
            "LLC-load-misses-PKI": 1.514913352873254,
            "LLC-stores-PKI": 1.862463232383462,
            "LLC-store-misses-PKI": 0.7554994695526166
        },
        "540.045": {
            "instructions": 41886250463,
            "LLC-loads": 331005906,
            "LLC-load-misses": 69413904,