{
    "Total-Time-Stats-Collected": [
        90.0,
        810.0
    ],
    "time": {
        "120.006": {
            "instructions": 42416613692,
            "LLC-loads": 272276395,
            "LLC-load-misses": 32374992,
            "LLC-stores": 76807172,
            "LLC-store-misses": 36458575,
            "CPU-utilization": 3.18,
            "user-CPU-utilization": 2.12,
            "sys-CPU-utilization": 0.89,
            "LLC-loads-PKI": 6.419097879361189,
            "LLC-load-misses-PKI": 0.7632620613018455,
            "LLC-stores-PKI": 1.8107803833120757,
            "LLC-store-misses-PKI": 0.859535258159382
        },
        "150.008": {
            "instructions": 44289800725,
            "LLC-loads": 283871593,
            "LLC-load-misses": 37071193,
            "LLC-stores": 75586268,
            "LLC-store-misses": 40823284,
            "CPU-utilization": 3.45,
            "user-CPU-utilization": 2.33,
            "sys-CPU-utilization": 0.95,
            "LLC-loads-PKI": 6.409412288002567,
            "LLC-load-misses-PKI": 0.8370142198240835,
            "LLC-stores-PKI": 1.7066292185264738,
            "LLC-store-misses-PKI": 0.921731038111371
        },
        "180.012": {
            "instructions": 42613076830,
            "LLC-loads": 273272726,
            "LLC-load-misses": 32013355,
            "LLC-stores": 75436825,
            "LLC-store-misses": 39786834,
            "CPU-utilization": 3.17,
            "user-CPU-utilization": 2.12,
            "sys-CPU-utilization": 0.89,
            "LLC-loads-PKI": 6.412884173799284,
            "LLC-load-misses-PKI": 0.7512565949582477,
            "LLC-stores-PKI": 1.7702740710544462,
            "LLC-store-misses-PKI": 0.933676630737673
        },
        "210.014": {
            "instructions": 42304326019,
            "LLC-loads": 270962774,
            "LLC-load-misses": 31913949,
            "LLC-stores": 75910236,
            "LLC-store-misses": 40054264,
            "CPU-utilization": 3.2,
            "user-CPU-utilization": 2.14,
            "sys-CPU-utilization": 0.89,
            "LLC-loads-PKI": 6.405084290393928,
            "LLC-load-misses-PKI": 0.754389728030807,
            "LLC-stores-PKI": 1.7943847153103607,
            "LLC-store-misses-PKI": 0.9468124839528365
        },
        "240.016": {
            "instructions": 43105043669,
            "LLC-loads": 284910995,
            "LLC-load-misses": 37697644,
            "LLC-stores": 74179859,
            "LLC-store-misses": 41303239,
            "CPU-utilization": 3.31,
            "user-CPU-utilization": 2.21,
            "sys-CPU-utilization": 0.95,
            "LLC-loads-PKI": 6.6096904387293405,
            "LLC-load-misses-PKI": 0.8745529708652433,
            "LLC-stores-PKI": 1.720909032586091,
            "LLC-store-misses-PKI": 0.9581996788395366
        },
        "270.019": {
            "instructions": 43570285721,
            "LLC-loads": 277374675,
            "LLC-load-misses": 34945668,
            "LLC-stores": 77192855,
            "LLC-store-misses": 40393618,
            "CPU-utilization": 3.3,
            "user-CPU-utilization": 2.2,
            "sys-CPU-utilization": 0.92,
            "LLC-loads-PKI": 6.366143127363312,
            "LLC-load-misses-PKI": 0.8020527619160618,
            "LLC-stores-PKI": 1.7716857652552551,
            "LLC-store-misses-PKI": 0.9270909596200121
        },
        "300.021": {
            "instructions": 42850451851,
            "LLC-loads": 277939401,
            "LLC-load-misses": 34387999,
            "LLC-stores": 76560985,
            "LLC-store-misses": 40272446,
            "CPU-utilization": 3.25,
            "user-CPU-utilization": 2.14,
            "sys-CPU-utilization": 0.95,
            "LLC-loads-PKI": 6.486265348296758,
            "LLC-load-misses-PKI": 0.8025119342865806,
            "LLC-stores-PKI": 1.7867019294503261,
            "LLC-store-misses-PKI": 0.9398371373080436
        },
        "330.023": {
            "instructions": 43123980592,
            "LLC-loads": 277663226,
            "LLC-load-misses": 33967505,
            "LLC-stores": 75765043,
            "LLC-store-misses": 40743629,
            "CPU-utilization": 3.27,
            "user-CPU-utilization": 2.16,
            "sys-CPU-utilization": 0.94,
            "LLC-loads-PKI": 6.43871976075209,
            "LLC-load-misses-PKI": 0.7876709091716215,
            "LLC-stores-PKI": 1.7569120929911395,
            "LLC-store-misses-PKI": 0.9448021365531923
        },
        "360.026": {
            "instructions": 43553279820,
            "LLC-loads": 277269655,
            "LLC-load-misses": 35757329,
            "LLC-stores": 75426547,
            "LLC-store-misses": 41994967,
            "CPU-utilization": 3.35,
            "user-CPU-utilization": 2.24,
            "sys-CPU-utilization": 0.95,
            "LLC-loads-PKI": 6.366217564920924,
            "LLC-load-misses-PKI": 0.8210019807412979,
            "LLC-stores-PKI": 1.7318224324718607,
            "LLC-store-misses-PKI": 0.9642205403028129
        },
        "390.028": {
            "instructions": 46358695384,
            "LLC-loads": 286156451,
            "LLC-load-misses": 38379346,
            "LLC-stores": 78080669,
            "LLC-store-misses": 42497664,
            "CPU-utilization": 3.43,
            "user-CPU-utilization": 2.29,
            "sys-CPU-utilization": 0.97,
            "LLC-loads-PKI": 6.172659705578397,
            "LLC-load-misses-PKI": 0.8278780427726629,
            "LLC-stores-PKI": 1.6842723539400628,
            "LLC-store-misses-PKI": 0.9167139766980462
        },
        "420.032": {
            "instructions": 44798374773,
            "LLC-loads": 283293108,
            "LLC-load-misses": 36722865,
            "LLC-stores": 75987255,
            "LLC-store-misses": 40720439,
            "CPU-utilization": 3.43,
            "user-CPU-utilization": 2.31,
            "sys-CPU-utilization": 0.97,
            "LLC-loads-PKI": 6.323736283637255,
            "LLC-load-misses-PKI": 0.8197365459367711,
            "LLC-stores-PKI": 1.6962056187314534,
            "LLC-store-misses-PKI": 0.9089713456422581
        },
        "450.035": {
            "instructions": 42472341494,
            "LLC-loads": 271744794,
            "LLC-load-misses": 29632550,
            "LLC-stores": 75693833,
            "LLC-store-misses": 40932570,
            "CPU-utilization": 3.21,
            "user-CPU-utilization": 2.12,
            "sys-CPU-utilization": 0.92,
            "LLC-loads-PKI": 6.398159000449479,
            "LLC-load-misses-PKI": 0.6976905194686793,
            "LLC-stores-PKI": 1.7821911940195987,
            "LLC-store-misses-PKI": 0.9637464891306377
        },
        "480.039": {
            "instructions": 43202009579,
            "LLC-loads": 280105013,
            "LLC-load-misses": 35330230,
            "LLC-stores": 77159686,
            "LLC-store-misses": 39545420,
            "CPU-utilization": 3.35,
            "user-CPU-utilization": 2.23,
            "sys-CPU-utilization": 0.95,
            "LLC-loads-PKI": 6.483610733148761,
            "LLC-load-misses-PKI": 0.8177913561033424,
            "LLC-stores-PKI": 1.786020760420979,
            "LLC-store-misses-PKI": 0.915360659963896
        },
        "510.042": {
            "instructions": 43523490138,
            "LLC-loads": 278582274,
            "LLC-load-misses": 30918990,
            "LLC-stores": 75114393,
            "LLC-store-misses": 42755517,
            "CPU-utilization": 3.36,
            "user-CPU-utilization": 2.3,
            "sys-CPU-utilization": 0.89,
            "LLC-loads-PKI": 6.400733790343989,
            "LLC-load-misses-PKI": 0.7103977622650461,
            "LLC-stores-PKI": 1.725835698420202,
            "LLC-store-misses-PKI": 0.9823549734737497
        },
        "540.044": {
            "instructions": 44142923214,
            "LLC-loads": 278691776,
            "LLC-load-misses": 34731082,