{
    "Total-Time-Stats-Collected": [
        90.0,
        810.0
    ],
    "time": {
        "120.002": {
            "instructions": 1083035986320,
            "LLC-loads": 17156391932,
            "LLC-load-misses": 1628508099,
            "LLC-stores": 5210105004,
            "LLC-store-misses": 2162257770,
            "CPU-utilization": 93.7,
            "user-CPU-utilization": 9.4,
            "sys-CPU-utilization": 83.65,
            "LLC-loads-PKI": 15.841017425741267,
            "LLC-load-misses-PKI": 1.5036509585738103,
            "LLC-stores-PKI": 4.810648094624431,
            "LLC-store-misses-PKI": 1.9964782309284477
        },
        "150.003": {
            "instructions": 985022600476,
            "LLC-loads": 14024154817,
            "LLC-load-misses": 1614647162,
            "LLC-stores": 4605033191,
            "LLC-store-misses": 1817025945,
            "CPU-utilization": 86.49,
            "user-CPU-utilization": 15.16,
            "sys-CPU-utilization": 70.19,
            "LLC-loads-PKI": 14.237393954436174,
            "LLC-load-misses-PKI": 1.6391980866426228,
            "LLC-stores-PKI": 4.675053332557725,
            "LLC-store-misses-PKI": 1.8446540659289896
        },
        "180.004": {
            "instructions": 1078097742564,
            "LLC-loads": 17231298848,
            "LLC-load-misses": 1591371485,
            "LLC-stores": 5236045133,
            "LLC-store-misses": 2170490920,
            "CPU-utilization": 93.94,
            "user-CPU-utilization": 9.14,
            "sys-CPU-utilization": 84.19,
            "LLC-loads-PKI": 15.983058091763962,
            "LLC-load-misses-PKI": 1.4760920296663456,
            "LLC-stores-PKI": 4.856744362108864,
            "LLC-store-misses-PKI": 2.0132598690337686
        },
        "210.005": {
            "instructions": 970941411499,
            "LLC-loads": 13695089643,
            "LLC-load-misses": 1610437495,
            "LLC-stores": 4507368609,
            "LLC-store-misses": 1777201247,
            "CPU-utilization": 85.34,
            "user-CPU-utilization": 15.59,
            "sys-CPU-utilization": 68.55,
            "LLC-loads-PKI": 14.104959867616179,
            "LLC-load-misses-PKI": 1.65863508954027,
            "LLC-stores-PKI": 4.6422663155763875,
            "LLC-store-misses-PKI": 1.8303897907251125
        },
        "240.006": {
            "instructions": 1081732094707,
            "LLC-loads": 17093295055,
            "LLC-load-misses": 1641700219,
            "LLC-stores": 5194147488,
            "LLC-store-misses": 2143975321,
            "CPU-utilization": 93.59,
            "user-CPU-utilization": 9.63,
            "sys-CPU-utilization": 83.29,
            "LLC-loads-PKI": 15.801782288460176,
            "LLC-load-misses-PKI": 1.5176587872662444,
            "LLC-stores-PKI": 4.801694905249988,
            "LLC-store-misses-PKI": 1.9819836459421323
        },
        "270.007": {
            "instructions": 977836709509,
            "LLC-loads": 14034309845,
            "LLC-load-misses": 1630676432,
            "LLC-stores": 4549206818,
            "LLC-store-misses": 1815981475,
            "CPU-utilization": 86.18,
            "user-CPU-utilization": 15.03,
            "sys-CPU-utilization": 70.01,
            "LLC-loads-PKI": 14.35240639722662,
            "LLC-load-misses-PKI": 1.6676367497174551,
            "LLC-stores-PKI": 4.652317481805616,
            "LLC-store-misses-PKI": 1.8571418492887801
        },
        "300.008": {
            "instructions": 1077137889326,
            "LLC-loads": 17275767111,
            "LLC-load-misses": 1602586456,
            "LLC-stores": 5202739281,
            "LLC-store-misses": 2162107901,
            "CPU-utilization": 93.63,
            "user-CPU-utilization": 8.96,
            "sys-CPU-utilization": 84.02,
            "LLC-loads-PKI": 16.038584550962188,
            "LLC-load-misses-PKI": 1.4878192215509105,
            "LLC-stores-PKI": 4.830151582779733,
            "LLC-store-misses-PKI": 2.0072712346539965
        },
        "330.009": {
            "instructions": 977811040443,
            "LLC-loads": 13736363804,
            "LLC-load-misses": 1616275775,
            "LLC-stores": 4474883914,
            "LLC-store-misses": 1758906055,
            "CPU-utilization": 85.39,
            "user-CPU-utilization": 15.96,
            "sys-CPU-utilization": 68.25,
            "LLC-loads-PKI": 14.048075994086448,
            "LLC-load-misses-PKI": 1.6529530841334557,
            "LLC-stores-PKI": 4.576430137230442,
            "LLC-store-misses-PKI": 1.7988199992128568
        },
        "360.01": {
            "instructions": 1080828858829,
            "LLC-loads": 17320725585,
            "LLC-load-misses": 1586533693,
            "LLC-stores": 5280356570,
            "LLC-store-misses": 2181837263,
            "CPU-utilization": 94.13,
            "user-CPU-utilization": 8.51,
            "sys-CPU-utilization": 85.08,
            "LLC-loads-PKI": 16.025409983746876,
            "LLC-load-misses-PKI": 1.4678861320550736,
            "LLC-stores-PKI": 4.885469634592183,
            "LLC-store-misses-PKI": 2.0186704353581595
        },
        "390.011": {
            "instructions": 972869543725,
            "LLC-loads": 13667072774,
            "LLC-load-misses": 1663636562,
            "LLC-stores": 4400625104,
            "LLC-store-misses": 1736192381,
            "CPU-utilization": 85.06,
            "user-CPU-utilization": 16.72,
            "sys-CPU-utilization": 67.1,
            "LLC-loads-PKI": 14.048207040864318,
            "LLC-load-misses-PKI": 1.7100304688644445,
            "LLC-stores-PKI": 4.523345532177458,
            "LLC-store-misses-PKI": 1.784609655218858
        },
        "420.012": {
            "instructions": 1060695123045,
            "LLC-loads": 17053562302,
            "LLC-load-misses": 1584842705,
            "LLC-stores": 5200501173,
            "LLC-store-misses": 2146002262,
            "CPU-utilization": 92.9,
            "user-CPU-utilization": 8.61,
            "sys-CPU-utilization": 83.67,
            "LLC-loads-PKI": 16.07772293045275,
            "LLC-load-misses-PKI": 1.494154795819461,
            "LLC-stores-PKI": 4.90291796390146,
            "LLC-store-misses-PKI": 2.0232036665157325
        },
        "450.013": {
            "instructions": 969214710134,
            "LLC-loads": 13686744530,
            "LLC-load-misses": 1600659066,
            "LLC-stores": 4397660006,
            "LLC-store-misses": 1734477559,
            "CPU-utilization": 84.22,
            "user-CPU-utilization": 15.94,
            "sys-CPU-utilization": 67.04,
            "LLC-loads-PKI": 14.12147833384382,
            "LLC-load-misses-PKI": 1.651501003094246,
            "LLC-stores-PKI": 4.537343438990929,
            "LLC-store-misses-PKI": 1.7895699898737583
        },
        "480.015": {
            "instructions": 1052144497238,
            "LLC-loads": 16670374939,
            "LLC-load-misses": 1591366140,
            "LLC-stores": 5085535370,
            "LLC-store-misses": 2077457151,
            "CPU-utilization": 91.79,
            "user-CPU-utilization": 9.5,
            "sys-CPU-utilization": 81.64,
            "LLC-loads-PKI": 15.844187735393422,
            "LLC-load-misses-PKI": 1.5124977074703319,
            "LLC-stores-PKI": 4.833495193245903,
            "LLC-store-misses-PKI": 1.9744979481939635
        },
        "510.016": {
            "instructions": 988290323376,
            "LLC-loads": 14174224955,
            "LLC-load-misses": 1650069894,
            "LLC-stores": 4450370115,
            "LLC-store-misses": 1785003624,
            "CPU-utilization": 85.6,
            "user-CPU-utilization": 15.64,
            "sys-CPU-utilization": 68.8,
            "LLC-loads-PKI": 14.342167093755247,
            "LLC-load-misses-PKI": 1.6696206114447836,
            "LLC-stores-PKI": 4.503099959329294,