{
    "Total-Time-Stats-Collected": [
        90.0,
        810.0
    ],
    "time": {
        "120.005": {
            "instructions": 110132112451,
            "LLC-loads": 797764455,
            "LLC-load-misses": 209860302,
            "LLC-stores": 238669061,
            "LLC-store-misses": 82665859,
            "CPU-utilization": 15.42,
            "user-CPU-utilization": 10.61,
            "sys-CPU-utilization": 3.94,
            "LLC-loads-PKI": 7.243704286113113,
            "LLC-load-misses-PKI": 1.905532340473094,
            "LLC-stores-PKI": 2.167115981782232,
            "LLC-store-misses-PKI": 0.7506063141827022
        },
        "150.008": {
            "instructions": 108424566167,
            "LLC-loads": 788896769,
            "LLC-load-misses": 208229651,
            "LLC-stores": 239054362,
            "LLC-store-misses": 82633324,
            "CPU-utilization": 15.29,
            "user-CPU-utilization": 10.36,
            "sys-CPU-utilization": 4.03,
            "LLC-loads-PKI": 7.275996546621257,
            "LLC-load-misses-PKI": 1.9205025056708651,
            "LLC-stores-PKI": 2.204798879543577,
            "LLC-store-misses-PKI": 0.7621273196770253
        },
        "180.01": {
            "instructions": 107853697956,
            "LLC-loads": 785287866,
            "LLC-load-misses": 207148862,
            "LLC-stores": 235124287,
            "LLC-store-misses": 81816199,
            "CPU-utilization": 15.11,
            "user-CPU-utilization": 10.23,
            "sys-CPU-utilization": 4.0,
            "LLC-loads-PKI": 7.2810472045229835,
            "LLC-load-misses-PKI": 1.9206468199589084,
            "LLC-stores-PKI": 2.180029905844502,
            "LLC-store-misses-PKI": 0.7585850142419571
        },
        "210.012": {
            "instructions": 109651892703,
            "LLC-loads": 790462966,
            "LLC-load-misses": 211710650,
            "LLC-stores": 236846046,
            "LLC-store-misses": 83721193,
            "CPU-utilization": 15.22,
            "user-CPU-utilization": 10.42,
            "sys-CPU-utilization": 3.92,
            "LLC-loads-PKI": 7.208840144155336,
            "LLC-load-misses-PKI": 1.9307523543933114,
            "LLC-stores-PKI": 2.159981375255551,
            "LLC-store-misses-PKI": 0.7635179925873677
        },
        "240.013": {
            "instructions": 107398396244,
            "LLC-loads": 786745369,
            "LLC-load-misses": 205234138,
            "LLC-stores": 232749828,
            "LLC-store-misses": 81053195,
            "CPU-utilization": 14.99,
            "user-CPU-utilization": 10.26,
            "sys-CPU-utilization": 3.84,
            "LLC-loads-PKI": 7.325485263416612,
            "LLC-load-misses-PKI": 1.910960919134449,
            "LLC-stores-PKI": 2.167162975797257,
            "LLC-store-misses-PKI": 0.7546965116299693
        },
        "270.016": {
            "instructions": 106935474928,
            "LLC-loads": 779013014,
            "LLC-load-misses": 209918697,
            "LLC-stores": 233749694,
            "LLC-store-misses": 81467030,
            "CPU-utilization": 15.0,
            "user-CPU-utilization": 10.15,
            "sys-CPU-utilization": 3.95,
            "LLC-loads-PKI": 7.284888522957531,
            "LLC-load-misses-PKI": 1.963040769598105,
            "LLC-stores-PKI": 2.1858947571643967,
            "LLC-store-misses-PKI": 0.7618335267585618
        },
        "300.018": {
            "instructions": 105489780524,
            "LLC-loads": 790316305,
            "LLC-load-misses": 204080993,
            "LLC-stores": 225383467,
            "LLC-store-misses": 82095985,
            "CPU-utilization": 15.06,
            "user-CPU-utilization": 10.33,
            "sys-CPU-utilization": 3.85,
            "LLC-loads-PKI": 7.49187552646576,
            "LLC-load-misses-PKI": 1.9346043947220983,
            "LLC-stores-PKI": 2.136543140771091,
            "LLC-store-misses-PKI": 0.7782363807394814
        },
        "330.019": {
            "instructions": 109049922849,
            "LLC-loads": 813312697,
            "LLC-load-misses": 206801630,
            "LLC-stores": 217421667,
            "LLC-store-misses": 83997575,
            "CPU-utilization": 15.2,
            "user-CPU-utilization": 10.41,
            "sys-CPU-utilization": 3.87,
            "LLC-loads-PKI": 7.458168476892766,
            "LLC-load-misses-PKI": 1.896394097282907,
            "LLC-stores-PKI": 1.9937810254213655,
            "LLC-store-misses-PKI": 0.7702671657669152
        },
        "360.021": {
            "instructions": 112229521291,
            "LLC-loads": 796349673,
            "LLC-load-misses": 205494125,
            "LLC-stores": 226475389,
            "LLC-store-misses": 85053478,
            "CPU-utilization": 15.12,
            "user-CPU-utilization": 10.33,
            "sys-CPU-utilization": 3.86,
            "LLC-loads-PKI": 7.095723690517617,
            "LLC-load-misses-PKI": 1.831016675792229,
            "LLC-stores-PKI": 2.0179662747805174,
            "LLC-store-misses-PKI": 0.7578529875349355
        },
        "390.024": {
            "instructions": 107407647324,
            "LLC-loads": 773541111,
            "LLC-load-misses": 202315634,
            "LLC-stores": 230886471,
            "LLC-store-misses": 79441347,
            "CPU-utilization": 14.69,
            "user-CPU-utilization": 9.96,
            "sys-CPU-utilization": 3.87,
            "LLC-loads-PKI": 7.201918394754317,
            "LLC-load-misses-PKI": 1.8836241090888601,
            "LLC-stores-PKI": 2.1496278593973908,
            "LLC-store-misses-PKI": 0.739624682033688
        },
        "420.026": {
            "instructions": 105522592670,
            "LLC-loads": 784807849,
            "LLC-load-misses": 202939944,
            "LLC-stores": 224678408,
            "LLC-store-misses": 81019052,
            "CPU-utilization": 14.94,
            "user-CPU-utilization": 10.14,
            "sys-CPU-utilization": 3.91,
            "LLC-loads-PKI": 7.4373442609993825,
            "LLC-load-misses-PKI": 1.9231895167194435,
            "LLC-stores-PKI": 2.1291971919476533,
            "LLC-store-misses-PKI": 0.7677886787085516
        },
        "450.028": {
            "instructions": 106480320073,
            "LLC-loads": 798155615,
            "LLC-load-misses": 206317061,
            "LLC-stores": 220112469,
            "LLC-store-misses": 82628021,
            "CPU-utilization": 15.08,
            "user-CPU-utilization": 10.27,
            "sys-CPU-utilization": 3.91,
            "LLC-loads-PKI": 7.495804055179457,
            "LLC-load-misses-PKI": 1.9376074457566868,
            "LLC-stores-PKI": 2.067165733997577,
            "LLC-store-misses-PKI": 0.7759933567381511
        },
        "480.03": {
            "instructions": 106136403581,
            "LLC-loads": 778441044,
            "LLC-load-misses": 201202984,
            "LLC-stores": 227772298,
            "LLC-store-misses": 80078660,
            "CPU-utilization": 14.74,
            "user-CPU-utilization": 10.0,
            "sys-CPU-utilization": 3.85,
            "LLC-loads-PKI": 7.334345405871209,
            "LLC-load-misses-PKI": 1.8957019195251716,
            "LLC-stores-PKI": 2.1460336916934564,
            "LLC-store-misses-PKI": 0.7544881614429912
        },
        "510.032": {
            "instructions": 104883787820,
            "LLC-loads": 797670038,
            "LLC-load-misses": 201134445,
            "LLC-stores": 212601803,
            "LLC-store-misses": 82652167,
            "CPU-utilization": 14.97,
            "user-CPU-utilization": 10.23,
            "sys-CPU-utilization": 3.79,
            "LLC-loads-PKI": 7.605274891186705,
            "LLC-load-misses-PKI": 1.9176886073678416,
            "LLC-stores-PKI": 2.027022549613331,
            "LLC-store-misses-PKI": 0.7880356794688463
        },
        "540.034": {
            "instructions": 105433478502,