{
    "Total-Time-Stats-Collected": [
        90.0,
        810.0
    ],
    "time": {
        "120.008": {
            "instructions": 44651269913,
            "LLC-loads": 363555689,
            "LLC-load-misses": 60836729,
            "LLC-stores": 93552899,
            "LLC-store-misses": 35958065,
            "CPU-utilization": 5.72,
            "user-CPU-utilization": 3.93,
            "sys-CPU-utilization": 1.5,
            "LLC-loads-PKI": 8.142113084540794,
            "LLC-load-misses-PKI": 1.3624859744982902,
            "LLC-stores-PKI": 2.0951901072977663,
            "LLC-store-misses-PKI": 0.8053088987180403
        },
        "150.011": {
            "instructions": 44607811290,
            "LLC-loads": 368821212,
            "LLC-load-misses": 60323030,
            "LLC-stores": 91308505,
            "LLC-store-misses": 35451247,
            "CPU-utilization": 5.63,
            "user-CPU-utilization": 3.83,
            "sys-CPU-utilization": 1.52,
            "LLC-loads-PKI": 8.268085820267107,
            "LLC-load-misses-PKI": 1.3522974621604662,
            "LLC-stores-PKI": 2.0469173976367943,
            "LLC-store-misses-PKI": 0.7947318188181836
        },
        "180.012": {
            "instructions": 44016048755,
            "LLC-loads": 366947860,
            "LLC-load-misses": 64222045,
            "LLC-stores": 92957249,
            "LLC-store-misses": 35956769,
            "CPU-utilization": 5.72,
            "user-CPU-utilization": 3.94,
            "sys-CPU-utilization": 1.52,
            "LLC-loads-PKI": 8.336683332083883,
            "LLC-load-misses-PKI": 1.4590597478994454,
            "LLC-stores-PKI": 2.1118944482594095,
            "LLC-store-misses-PKI": 0.8169013352411714
        },
        "210.014": {
            "instructions": 45220719524,
            "LLC-loads": 376172134,
            "LLC-load-misses": 68002137,
            "LLC-stores": 91898972,
            "LLC-store-misses": 36855076,
            "CPU-utilization": 5.77,
            "user-CPU-utilization": 3.94,
            "sys-CPU-utilization": 1.56,
            "LLC-loads-PKI": 8.318579137166406,
            "LLC-load-misses-PKI": 1.50378272870933,
            "LLC-stores-PKI": 2.0322315294259403,
            "LLC-store-misses-PKI": 0.815004192501623
        },
        "240.016": {
            "instructions": 45390190729,
            "LLC-loads": 369623603,
            "LLC-load-misses": 62287832,
            "LLC-stores": 92948272,
            "LLC-store-misses": 37131182,
            "CPU-utilization": 5.67,
            "user-CPU-utilization": 3.84,
            "sys-CPU-utilization": 1.56,
            "LLC-loads-PKI": 8.143248509503305,
            "LLC-load-misses-PKI": 1.3722751766320298,
            "LLC-stores-PKI": 2.0477612124377993,
            "LLC-store-misses-PKI": 0.8180441942112553
        },
        "270.019": {
            "instructions": 48766980304,
            "LLC-loads": 382692918,
            "LLC-load-misses": 67863510,
            "LLC-stores": 96319009,
            "LLC-store-misses": 39205858,
            "CPU-utilization": 5.97,
            "user-CPU-utilization": 4.1,
            "sys-CPU-utilization": 1.61,
            "LLC-loads-PKI": 7.847377787478273,
            "LLC-load-misses-PKI": 1.3915872907643136,
            "LLC-stores-PKI": 1.975086593419844,
            "LLC-store-misses-PKI": 0.8039427037639283
        },
        "300.021": {
            "instructions": 45456334227,
            "LLC-loads": 376021152,
            "LLC-load-misses": 67100629,
            "LLC-stores": 94146009,
            "LLC-store-misses": 37580364,
            "CPU-utilization": 5.77,
            "user-CPU-utilization": 3.93,
            "sys-CPU-utilization": 1.56,
            "LLC-loads-PKI": 8.27213981053167,
            "LLC-load-misses-PKI": 1.476155746851751,
            "LLC-stores-PKI": 2.071130692806273,
            "LLC-store-misses-PKI": 0.8267354734838724
        },
        "330.025": {
            "instructions": 44983456663,
            "LLC-loads": 371370312,
            "LLC-load-misses": 62989481,
            "LLC-stores": 93190709,
            "LLC-store-misses": 37052698,
            "CPU-utilization": 5.77,
            "user-CPU-utilization": 3.97,
            "sys-CPU-utilization": 1.53,
            "LLC-loads-PKI": 8.255708643783732,
            "LLC-load-misses-PKI": 1.4002810293547403,
            "LLC-stores-PKI": 2.071666250509638,
            "LLC-store-misses-PKI": 0.823696104049664
        },
        "360.028": {
            "instructions": 46130866140,
            "LLC-loads": 377760396,
            "LLC-load-misses": 65352009,
            "LLC-stores": 94344805,
            "LLC-store-misses": 37120612,
            "CPU-utilization": 5.93,
            "user-CPU-utilization": 4.07,
            "sys-CPU-utilization": 1.6,
            "LLC-loads-PKI": 8.18888582871078,
            "LLC-load-misses-PKI": 1.4166655532039398,
            "LLC-stores-PKI": 2.045155725315848,
            "LLC-store-misses-PKI": 0.8046805773675422
        },
        "390.03": {
            "instructions": 44818415823,
            "LLC-loads": 372963626,
            "LLC-load-misses": 62127751,
            "LLC-stores": 93639013,
            "LLC-store-misses": 36919555,
            "CPU-utilization": 5.89,
            "user-CPU-utilization": 4.02,
            "sys-CPU-utilization": 1.58,
            "LLC-loads-PKI": 8.321660173642323,
            "LLC-load-misses-PKI": 1.3862103302660056,
            "LLC-stores-PKI": 2.0892976978437994,
            "LLC-store-misses-PKI": 0.8237585894558449
        },
        "420.032": {
            "instructions": 45434021188,
            "LLC-loads": 373037473,
            "LLC-load-misses": 65110266,
            "LLC-stores": 92820723,
            "LLC-store-misses": 36865080,
            "CPU-utilization": 5.69,
            "user-CPU-utilization": 3.83,
            "sys-CPU-utilization": 1.58,
            "LLC-loads-PKI": 8.21053173912166,
            "LLC-load-misses-PKI": 1.4330729329588128,
            "LLC-stores-PKI": 2.0429783799219545,
            "LLC-store-misses-PKI": 0.8113981337345676
        },
        "450.036": {
            "instructions": 46922060606,
            "LLC-loads": 367029513,
            "LLC-load-misses": 61505300,
            "LLC-stores": 93793631,
            "LLC-store-misses": 36282854,
            "CPU-utilization": 5.79,
            "user-CPU-utilization": 3.98,
            "sys-CPU-utilization": 1.52,
            "LLC-loads-PKI": 7.822109861753756,
            "LLC-load-misses-PKI": 1.3107970793621802,
            "LLC-stores-PKI": 1.9989239557822498,
            "LLC-store-misses-PKI": 0.7732578989798341
        },
        "480.039": {
            "instructions": 45555339304,
            "LLC-loads": 374443539,
            "LLC-load-misses": 65423290,
            "LLC-stores": 94170931,
            "LLC-store-misses": 36930948,
            "CPU-utilization": 5.85,
            "user-CPU-utilization": 3.99,
            "sys-CPU-utilization": 1.57,
            "LLC-loads-PKI": 8.219531337507169,
            "LLC-load-misses-PKI": 1.436127817277732,
            "LLC-stores-PKI": 2.067176590905806,
            "LLC-store-misses-PKI": 0.8106831946427248
        },
        "510.041": {
            "instructions": 44159812515,
            "LLC-loads": 364659059,
            "LLC-load-misses": 61368549,
            "LLC-stores": 93020185,
            "LLC-store-misses": 36283549,
            "CPU-utilization": 5.76,
            "user-CPU-utilization": 3.93,
            "sys-CPU-utilization": 1.54,
            "LLC-loads-PKI": 8.257713025301777,
            "LLC-load-misses-PKI": 1.3896922451641889,
            "LLC-stores-PKI": 2.10644429181857,
            "LLC-store-misses-PKI": 0.8216418262119064
        },
        "540.044": {
            "instructions": 44387969013,
            "LLC-loads": 366111463,
            "LLC-load-misses": 62682863,