{
    "Total-Time-Stats-Collected": [
        90.0,
        810.0
    ],
    "time": {
        "120.005": {
            "instructions": 145099462078,
            "LLC-loads": 955746240,
            "LLC-load-misses": 164575269,
            "LLC-stores": 346125495,
            "LLC-store-misses": 101080091,
            "CPU-utilization": 20.54,
            "user-CPU-utilization": 13.83,
            "sys-CPU-utilization": 5.09,
            "LLC-loads-PKI": 6.586835170251884,
            "LLC-load-misses-PKI": 1.1342238395861906,
            "LLC-stores-PKI": 2.3854361004724884,
            "LLC-store-misses-PKI": 0.6966262283292487
        },
        "150.007": {
            "instructions": 142674980674,
            "LLC-loads": 925003814,
            "LLC-load-misses": 160781736,
            "LLC-stores": 336102029,
            "LLC-store-misses": 102263620,
            "CPU-utilization": 20.09,
            "user-CPU-utilization": 13.52,
            "sys-CPU-utilization": 4.9,
            "LLC-loads-PKI": 6.483293774635609,
            "LLC-load-misses-PKI": 1.1269091135703209,
            "LLC-stores-PKI": 2.355718062215576,
            "LLC-store-misses-PKI": 0.7167593050786075
        },
        "180.009": {
            "instructions": 142699580966,
            "LLC-loads": 921602007,
            "LLC-load-misses": 164540409,
            "LLC-stores": 332814791,
            "LLC-store-misses": 105357901,
            "CPU-utilization": 20.04,
            "user-CPU-utilization": 13.41,
            "sys-CPU-utilization": 4.94,
            "LLC-loads-PKI": 6.458337163720077,
            "LLC-load-misses-PKI": 1.1530546052493587,
            "LLC-stores-PKI": 2.3322758815899913,
            "LLC-store-misses-PKI": 0.7383196242538572
        },
        "210.011": {
            "instructions": 140109726553,
            "LLC-loads": 902713631,
            "LLC-load-misses": 153707240,
            "LLC-stores": 330374326,
            "LLC-store-misses": 98122034,
            "CPU-utilization": 19.83,
            "user-CPU-utilization": 13.32,
            "sys-CPU-utilization": 4.84,
            "LLC-loads-PKI": 6.442904809028558,
            "LLC-load-misses-PKI": 1.0970490327939966,
            "LLC-stores-PKI": 2.3579685302934887,
            "LLC-store-misses-PKI": 0.7003227856767167
        },
        "240.013": {
            "instructions": 138650663002,
            "LLC-loads": 892053615,
            "LLC-load-misses": 157962092,
            "LLC-stores": 322800989,
            "LLC-store-misses": 101610249,
            "CPU-utilization": 19.72,
            "user-CPU-utilization": 13.21,
            "sys-CPU-utilization": 4.86,
            "LLC-loads-PKI": 6.433821488377104,
            "LLC-load-misses-PKI": 1.1392811875535094,
            "LLC-stores-PKI": 2.3281604430217815,
            "LLC-store-misses-PKI": 0.7328507978251377
        },
        "270.015": {
            "instructions": 140863400294,
            "LLC-loads": 900731450,
            "LLC-load-misses": 163294221,
            "LLC-stores": 324602290,
            "LLC-store-misses": 102837314,
            "CPU-utilization": 20.07,
            "user-CPU-utilization": 13.52,
            "sys-CPU-utilization": 4.89,
            "LLC-loads-PKI": 6.3943611194963195,
            "LLC-load-misses-PKI": 1.1592381034334256,
            "LLC-stores-PKI": 2.304376362650009,
            "LLC-store-misses-PKI": 0.7300499191796117
        },
        "300.017": {
            "instructions": 138124155619,
            "LLC-loads": 878405243,
            "LLC-load-misses": 155975239,
            "LLC-stores": 318383161,
            "LLC-store-misses": 99839343,
            "CPU-utilization": 19.48,
            "user-CPU-utilization": 12.89,
            "sys-CPU-utilization": 4.91,
            "LLC-loads-PKI": 6.359533848829327,
            "LLC-load-misses-PKI": 1.1292394027749948,
            "LLC-stores-PKI": 2.305050550884266,
            "LLC-store-misses-PKI": 0.7228231915885562
        },
        "330.019": {
            "instructions": 137382872103,
            "LLC-loads": 877313722,
            "LLC-load-misses": 158653580,
            "LLC-stores": 315958845,
            "LLC-store-misses": 100924150,
            "CPU-utilization": 19.67,
            "user-CPU-utilization": 13.1,
            "sys-CPU-utilization": 4.9,
            "LLC-loads-PKI": 6.385903195721895,
            "LLC-load-misses-PKI": 1.1548279459542288,
            "LLC-stores-PKI": 2.299841604440445,
            "LLC-store-misses-PKI": 0.7346195959881678
        },
        "360.022": {
            "instructions": 138289812883,
            "LLC-loads": 884800887,
            "LLC-load-misses": 163505836,
            "LLC-stores": 312192717,
            "LLC-store-misses": 102797735,
            "CPU-utilization": 19.49,
            "user-CPU-utilization": 12.93,
            "sys-CPU-utilization": 4.85,
            "LLC-loads-PKI": 6.398163888966899,
            "LLC-load-misses-PKI": 1.182341870245598,
            "LLC-stores-PKI": 2.2575250518570766,
            "LLC-store-misses-PKI": 0.7433500187535285
        },
        "390.024": {
            "instructions": 141747563432,
            "LLC-loads": 890967158,
            "LLC-load-misses": 165800070,
            "LLC-stores": 315185468,
            "LLC-store-misses": 104370038,
            "CPU-utilization": 19.84,
            "user-CPU-utilization": 13.17,
            "sys-CPU-utilization": 4.94,
            "LLC-loads-PKI": 6.285590640345787,
            "LLC-load-misses-PKI": 1.1696855027743642,
            "LLC-stores-PKI": 2.2235688598005616,
            "LLC-store-misses-PKI": 0.7363092209346443
        },
        "420.026": {
            "instructions": 135834459778,
            "LLC-loads": 863236058,
            "LLC-load-misses": 161597182,
            "LLC-stores": 304336668,
            "LLC-store-misses": 102809408,
            "CPU-utilization": 19.32,
            "user-CPU-utilization": 12.79,
            "sys-CPU-utilization": 4.86,
            "LLC-loads-PKI": 6.3550593819184265,
            "LLC-load-misses-PKI": 1.1896626398345833,
            "LLC-stores-PKI": 2.240496767148706,
            "LLC-store-misses-PKI": 0.7568728006724197
        },
        "450.028": {
            "instructions": 136195193735,
            "LLC-loads": 864718535,
            "LLC-load-misses": 156202067,
            "LLC-stores": 308677338,
            "LLC-store-misses": 100138099,
            "CPU-utilization": 19.44,
            "user-CPU-utilization": 12.84,
            "sys-CPU-utilization": 4.93,
            "LLC-loads-PKI": 6.349111971473198,
            "LLC-load-misses-PKI": 1.1468985264188405,
            "LLC-stores-PKI": 2.26643341468132,
            "LLC-store-misses-PKI": 0.7352542791990324
        },
        "480.03": {
            "instructions": 135519520578,
            "LLC-loads": 865092442,
            "LLC-load-misses": 163110468,
            "LLC-stores": 304425639,
            "LLC-store-misses": 103758069,
            "CPU-utilization": 19.35,
            "user-CPU-utilization": 12.75,
            "sys-CPU-utilization": 4.91,
            "LLC-loads-PKI": 6.3835264344968285,
            "LLC-load-misses-PKI": 1.2035938977965885,
            "LLC-stores-PKI": 2.2463600645988406,
            "LLC-store-misses-PKI": 0.7656319071781301
        },
        "510.032": {
            "instructions": 137297918140,
            "LLC-loads": 865639591,
            "LLC-load-misses": 155448503,
            "LLC-stores": 309510832,
            "LLC-store-misses": 99620284,
            "CPU-utilization": 19.5,
            "user-CPU-utilization": 12.92,
            "sys-CPU-utilization": 4.94,
            "LLC-loads-PKI": 6.304826779072675,
            "LLC-load-misses-PKI": 1.1321985439101283,
            "LLC-stores-PKI": 2.2543009842610857,
            "LLC-store-misses-PKI": 0.7255775276826786
        },