{
    "Total-Time-Stats-Collected": [
        90.0,
        810.0
    ],
    "time": {
        "120.005": {
            "instructions": 96976911632,
            "LLC-loads": 728498486,
            "LLC-load-misses": 189638418,
            "LLC-stores": 202725181,
            "LLC-store-misses": 77900583,
            "CPU-utilization": 13.34,
            "user-CPU-utilization": 9.2,
            "sys-CPU-utilization": 3.42,
            "LLC-loads-PKI": 7.512081728942308,
            "LLC-load-misses-PKI": 1.9555006940169868,
            "LLC-stores-PKI": 2.090447897219957,
            "LLC-store-misses-PKI": 0.8032899964438001
        },
        "150.007": {
            "instructions": 100563717383,
            "LLC-loads": 726239335,
            "LLC-load-misses": 190345088,
            "LLC-stores": 206874779,
            "LLC-store-misses": 79994953,
            "CPU-utilization": 13.61,
            "user-CPU-utilization": 9.42,
            "sys-CPU-utilization": 3.48,
            "LLC-loads-PKI": 7.221683464962768,
            "LLC-load-misses-PKI": 1.8927809447920954,
            "LLC-stores-PKI": 2.057151270692501,
            "LLC-store-misses-PKI": 0.7954653535264291
        },
        "180.009": {
            "instructions": 98573629172,
            "LLC-loads": 711916650,
            "LLC-load-misses": 181010133,
            "LLC-stores": 202817808,
            "LLC-store-misses": 75701132,
            "CPU-utilization": 13.21,
            "user-CPU-utilization": 9.18,
            "sys-CPU-utilization": 3.32,
            "LLC-loads-PKI": 7.222181591364408,
            "LLC-load-misses-PKI": 1.8362936874745424,
            "LLC-stores-PKI": 2.0575260310859154,
            "LLC-store-misses-PKI": 0.7679653537753993
        },
        "210.012": {
            "instructions": 94964392935,
            "LLC-loads": 715273590,
            "LLC-load-misses": 183503033,
            "LLC-stores": 203810922,
            "LLC-store-misses": 76784954,
            "CPU-utilization": 13.68,
            "user-CPU-utilization": 9.4,
            "sys-CPU-utilization": 3.51,
            "LLC-loads-PKI": 7.532018769283148,
            "LLC-load-misses-PKI": 1.9323351345551356,
            "LLC-stores-PKI": 2.1461825395914644,
            "LLC-store-misses-PKI": 0.8085657331854559
        },
        "240.013": {
            "instructions": 94956429201,
            "LLC-loads": 720748162,
            "LLC-load-misses": 185605659,
            "LLC-stores": 200497969,
            "LLC-store-misses": 77261187,
            "CPU-utilization": 13.68,
            "user-CPU-utilization": 9.43,
            "sys-CPU-utilization": 3.49,
            "LLC-loads-PKI": 7.590303974829855,
            "LLC-load-misses-PKI": 1.9546402551334077,
            "LLC-stores-PKI": 2.111473342953891,
            "LLC-store-misses-PKI": 0.8136488245198921
        },
        "270.015": {
            "instructions": 95951758521,
            "LLC-loads": 713807403,
            "LLC-load-misses": 185113799,
            "LLC-stores": 201464784,
            "LLC-store-misses": 75926506,
            "CPU-utilization": 13.57,
            "user-CPU-utilization": 9.34,
            "sys-CPU-utilization": 3.48,
            "LLC-loads-PKI": 7.439232109995943,
            "LLC-load-misses-PKI": 1.9292382115069417,
            "LLC-stores-PKI": 2.0996466047665754,
            "LLC-store-misses-PKI": 0.7912987439764612
        },
        "300.018": {
            "instructions": 95140771308,
            "LLC-loads": 709076140,
            "LLC-load-misses": 181447314,
            "LLC-stores": 200029982,
            "LLC-store-misses": 75486784,
            "CPU-utilization": 13.04,
            "user-CPU-utilization": 9.01,
            "sys-CPU-utilization": 3.3,
            "LLC-loads-PKI": 7.452915613901237,
            "LLC-load-misses-PKI": 1.9071457116171482,
            "LLC-stores-PKI": 2.102463320929376,
            "LLC-store-misses-PKI": 0.7934220309779286
        },
        "330.02": {
            "instructions": 94297755491,
            "LLC-loads": 710956362,
            "LLC-load-misses": 180823915,
            "LLC-stores": 198729589,
            "LLC-store-misses": 75618794,
            "CPU-utilization": 13.08,
            "user-CPU-utilization": 9.01,
            "sys-CPU-utilization": 3.37,
            "LLC-loads-PKI": 7.53948339807362,
            "LLC-load-misses-PKI": 1.9175845072713131,
            "LLC-stores-PKI": 2.107468920816119,
            "LLC-store-misses-PKI": 0.8019150997418728
        },
        "360.022": {
            "instructions": 94617010639,
            "LLC-loads": 709637006,
            "LLC-load-misses": 181247485,
            "LLC-stores": 199378234,
            "LLC-store-misses": 74898441,
            "CPU-utilization": 13.12,
            "user-CPU-utilization": 9.07,
            "sys-CPU-utilization": 3.37,
            "LLC-loads-PKI": 7.500099624871218,
            "LLC-load-misses-PKI": 1.9155909045946116,
            "LLC-stores-PKI": 2.10721341388288,
            "LLC-store-misses-PKI": 0.7915959349610624
        },
        "390.024": {
            "instructions": 93066923734,
            "LLC-loads": 700022403,
            "LLC-load-misses": 179826018,
            "LLC-stores": 197066875,
            "LLC-store-misses": 75524056,
            "CPU-utilization": 12.85,
            "user-CPU-utilization": 8.83,
            "sys-CPU-utilization": 3.31,
            "LLC-loads-PKI": 7.521709914907844,
            "LLC-load-misses-PKI": 1.9322226499499566,
            "LLC-stores-PKI": 2.1174748997103237,
            "LLC-store-misses-PKI": 0.8115026581931483
        },
        "420.026": {
            "instructions": 93779347615,
            "LLC-loads": 707934051,
            "LLC-load-misses": 183488310,
            "LLC-stores": 197192862,
            "LLC-store-misses": 75827290,
            "CPU-utilization": 12.99,
            "user-CPU-utilization": 8.95,
            "sys-CPU-utilization": 3.33,
            "LLC-loads-PKI": 7.5489334166232345,
            "LLC-load-misses-PKI": 1.9565961447427582,
            "LLC-stores-PKI": 2.1027322861058058,
            "LLC-store-misses-PKI": 0.8085713105117766
        },
        "450.028": {
            "instructions": 101817212500,
            "LLC-loads": 705075545,
            "LLC-load-misses": 181136726,
            "LLC-stores": 200586025,
            "LLC-store-misses": 76432468,
            "CPU-utilization": 13.38,
            "user-CPU-utilization": 9.34,
            "sys-CPU-utilization": 3.37,
            "LLC-loads-PKI": 6.924915028487939,
            "LLC-load-misses-PKI": 1.7790383526753888,
            "LLC-stores-PKI": 1.9700600721120702,
            "LLC-store-misses-PKI": 0.7506831715708187
        },
        "480.03": {
            "instructions": 94400283468,
            "LLC-loads": 709348832,
            "LLC-load-misses": 182449413,
            "LLC-stores": 197399766,
            "LLC-store-misses": 75448340,
            "CPU-utilization": 12.85,
            "user-CPU-utilization": 8.86,
            "sys-CPU-utilization": 3.25,
            "LLC-loads-PKI": 7.5142659104456655,
            "LLC-load-misses-PKI": 1.9327210289770695,
            "LLC-stores-PKI": 2.091092936886307,
            "LLC-store-misses-PKI": 0.7992384898460144
        },
        "510.032": {
            "instructions": 96228388634,
            "LLC-loads": 700130495,
            "LLC-load-misses": 177735589,
            "LLC-stores": 194720296,
            "LLC-store-misses": 74301043,
            "CPU-utilization": 12.7,
            "user-CPU-utilization": 8.69,
            "sys-CPU-utilization": 3.28,
            "LLC-loads-PKI": 7.275716708329309,
            "LLC-load-misses-PKI": 1.8470182398669137,
            "LLC-stores-PKI": 2.023522359296789,
            "LLC-store-misses-PKI": 0.772132258003409
        },
        "540.033": {
            "instructions": 93620618290,
            "LLC-loads": 697383725,