{
    "Total-Time-Stats-Collected": [
        90.0,
        810.0
    ],
    "time": {
        "120.005": {
            "instructions": 128473212095,
            "LLC-loads": 945057063,
            "LLC-load-misses": 259074997,
            "LLC-stores": 279719766,
            "LLC-store-misses": 105890790,
            "CPU-utilization": 16.93,
            "user-CPU-utilization": 11.81,
            "sys-CPU-utilization": 4.06,
            "LLC-loads-PKI": 7.356063163589107,
            "LLC-load-misses-PKI": 2.0165682228636586,
            "LLC-stores-PKI": 2.177261402891991,
            "LLC-store-misses-PKI": 0.8242246634395555
        },
        "150.007": {
            "instructions": 126431151303,
            "LLC-loads": 934500454,
            "LLC-load-misses": 255780698,
            "LLC-stores": 279484512,
            "LLC-store-misses": 106358405,
            "CPU-utilization": 16.89,
            "user-CPU-utilization": 11.78,
            "sys-CPU-utilization": 4.06,
            "LLC-loads-PKI": 7.391378187804462,
            "LLC-load-misses-PKI": 2.023082882374502,
            "LLC-stores-PKI": 2.2105668509669605,
            "LLC-store-misses-PKI": 0.8412357548267956
        },
        "180.009": {
            "instructions": 125793751222,
            "LLC-loads": 927002604,
            "LLC-load-misses": 250059748,
            "LLC-stores": 278008275,
            "LLC-store-misses": 103217435,
            "CPU-utilization": 16.57,
            "user-CPU-utilization": 11.39,
            "sys-CPU-utilization": 4.12,
            "LLC-loads-PKI": 7.3692261737551,
            "LLC-load-misses-PKI": 1.9878550847783858,
            "LLC-stores-PKI": 2.2100324721962763,
            "LLC-store-misses-PKI": 0.8205291121165672
        },
        "210.011": {
            "instructions": 124646436293,
            "LLC-loads": 925512672,
            "LLC-load-misses": 250738433,
            "LLC-stores": 275546901,
            "LLC-store-misses": 102853626,
            "CPU-utilization": 16.5,
            "user-CPU-utilization": 11.43,
            "sys-CPU-utilization": 3.99,
            "LLC-loads-PKI": 7.425103352529427,
            "LLC-load-misses-PKI": 2.0115972863484197,
            "LLC-stores-PKI": 2.2106279906172848,
            "LLC-store-misses-PKI": 0.825162989483528
        },
        "240.013": {
            "instructions": 127589535003,
            "LLC-loads": 927731229,
            "LLC-load-misses": 251900044,
            "LLC-stores": 275193706,
            "LLC-store-misses": 103996893,
            "CPU-utilization": 16.48,
            "user-CPU-utilization": 11.39,
            "sys-CPU-utilization": 4.02,
            "LLC-loads-PKI": 7.271217259144226,
            "LLC-load-misses-PKI": 1.9743001962823763,
            "LLC-stores-PKI": 2.156867379393846,
            "LLC-store-misses-PKI": 0.8150895212334988
        },
        "270.015": {
            "instructions": 130995207061,
            "LLC-loads": 924903322,
            "LLC-load-misses": 250497117,
            "LLC-stores": 274413559,
            "LLC-store-misses": 103518033,
            "CPU-utilization": 16.26,
            "user-CPU-utilization": 11.27,
            "sys-CPU-utilization": 3.92,
            "LLC-loads-PKI": 7.060589030324629,
            "LLC-load-misses-PKI": 1.9122616973562403,
            "LLC-stores-PKI": 2.094836636826071,
            "LLC-store-misses-PKI": 0.7902429052369464
        },
        "300.017": {
            "instructions": 124408720339,
            "LLC-loads": 916410553,
            "LLC-load-misses": 247384862,
            "LLC-stores": 270377656,
            "LLC-store-misses": 101029034,
            "CPU-utilization": 16.14,
            "user-CPU-utilization": 11.11,
            "sys-CPU-utilization": 3.96,
            "LLC-loads-PKI": 7.366127957131001,
            "LLC-load-misses-PKI": 1.988484901427357,
            "LLC-stores-PKI": 2.17330147969733,
            "LLC-store-misses-PKI": 0.8120735726941573
        },
        "330.019": {
            "instructions": 124378561026,
            "LLC-loads": 919326831,
            "LLC-load-misses": 246293407,
            "LLC-stores": 271436574,
            "LLC-store-misses": 101215763,
            "CPU-utilization": 16.06,
            "user-CPU-utilization": 11.01,
            "sys-CPU-utilization": 3.98,
            "LLC-loads-PKI": 7.391360885802696,
            "LLC-load-misses-PKI": 1.9801918028985317,
            "LLC-stores-PKI": 2.182342131641635,
            "LLC-store-misses-PKI": 0.8137717800002682
        },
        "360.021": {
            "instructions": 124839312453,
            "LLC-loads": 921833407,
            "LLC-load-misses": 251751987,
            "LLC-stores": 268610052,
            "LLC-store-misses": 102324114,
            "CPU-utilization": 16.19,
            "user-CPU-utilization": 11.16,
            "sys-CPU-utilization": 4.02,
            "LLC-loads-PKI": 7.384159595937022,
            "LLC-load-misses-PKI": 2.0166082466593256,
            "LLC-stores-PKI": 2.151646358202488,
            "LLC-store-misses-PKI": 0.8196465679713142
        },
        "390.023": {
            "instructions": 123316243593,
            "LLC-loads": 907595401,
            "LLC-load-misses": 246885320,
            "LLC-stores": 267671190,
            "LLC-store-misses": 101320875,
            "CPU-utilization": 15.81,
            "user-CPU-utilization": 10.84,
            "sys-CPU-utilization": 3.91,
            "LLC-loads-PKI": 7.359901457876708,
            "LLC-load-misses-PKI": 2.0020502798871695,
            "LLC-stores-PKI": 2.170607717207454,
            "LLC-store-misses-PKI": 0.8216344582665461
        },
        "420.025": {
            "instructions": 122950245580,
            "LLC-loads": 910442635,
            "LLC-load-misses": 248386523,
            "LLC-stores": 265814497,
            "LLC-store-misses": 101389590,
            "CPU-utilization": 15.9,
            "user-CPU-utilization": 10.91,
            "sys-CPU-utilization": 3.95,
            "LLC-loads-PKI": 7.404968007222097,
            "LLC-load-misses-PKI": 2.0202198200440553,
            "LLC-stores-PKI": 2.1619680037730595,
            "LLC-store-misses-PKI": 0.8246391824734409
        },
        "450.027": {
            "instructions": 124077892752,
            "LLC-loads": 905857142,
            "LLC-load-misses": 247605213,
            "LLC-stores": 268318298,
            "LLC-store-misses": 101106801,
            "CPU-utilization": 15.93,
            "user-CPU-utilization": 10.99,
            "sys-CPU-utilization": 3.88,
            "LLC-loads-PKI": 7.300713462393957,
            "LLC-load-misses-PKI": 1.9955626865367513,
            "LLC-stores-PKI": 2.1624988307651205,
            "LLC-store-misses-PKI": 0.8148655554788206
        },
        "480.029": {
            "instructions": 125619828647,
            "LLC-loads": 913343918,
            "LLC-load-misses": 250338227,
            "LLC-stores": 267825788,
            "LLC-store-misses": 102486063,
            "CPU-utilization": 16.22,
            "user-CPU-utilization": 11.17,
            "sys-CPU-utilization": 4.01,
            "LLC-loads-PKI": 7.270698645566192,
            "LLC-load-misses-PKI": 1.99282414007638,
            "LLC-stores-PKI": 2.1320343363356122,
            "LLC-store-misses-PKI": 0.8158430408943845
        },
        "510.031": {
            "instructions": 127254689092,
            "LLC-loads": 906295322,
            "LLC-load-misses": 246495139,
            "LLC-stores": 266394515,
            "LLC-store-misses": 100939171,
            "CPU-utilization": 15.95,
            "user-CPU-utilization": 11.02,
            "sys-CPU-utilization": 3.91,
            "LLC-loads-PKI": 7.121901192535114,
            "LLC-load-misses-PKI": 1.9370220520659476,
            "LLC-stores-PKI": 2.0933964547853128,
            "LLC-store-misses-PKI": 0.7932059063617298
        },
        "540.033": {
            "instructions": 123302267316,