{
    "Total-Time-Stats-Collected": [
        90.0,
        810.0
    ],
    "time": {
        "120.002": {
            "instructions": 1022815066096,
            "LLC-loads": 15851373145,
            "LLC-load-misses": 1717136937,
            "LLC-stores": 4957905162,
            "LLC-store-misses": 2004883121,
            "CPU-utilization": 90.63,
            "user-CPU-utilization": 11.15,
            "sys-CPU-utilization": 78.57,
            "LLC-loads-PKI": 15.497790040875495,
            "LLC-load-misses-PKI": 1.6788342232327187,
            "LLC-stores-PKI": 4.847313386694538,
            "LLC-store-misses-PKI": 1.9601618977441075
        },
        "150.004": {
            "instructions": 1011765352566,
            "LLC-loads": 15402471640,
            "LLC-load-misses": 1847340513,
            "LLC-stores": 4811578848,
            "LLC-store-misses": 1931858298,
            "CPU-utilization": 90.06,
            "user-CPU-utilization": 13.22,
            "sys-CPU-utilization": 75.72,
            "LLC-loads-PKI": 15.22336340233123,
            "LLC-load-misses-PKI": 1.8258586423372245,
            "LLC-stores-PKI": 4.75562721711814,
            "LLC-store-misses-PKI": 1.9093936090028147
        },
        "180.005": {
            "instructions": 1015765062752,
            "LLC-loads": 15769312775,
            "LLC-load-misses": 1722585680,
            "LLC-stores": 4908102175,
            "LLC-store-misses": 1993363395,
            "CPU-utilization": 90.01,
            "user-CPU-utilization": 11.55,
            "sys-CPU-utilization": 77.54,
            "LLC-loads-PKI": 15.524567002015596,
            "LLC-load-misses-PKI": 1.695850490597717,
            "LLC-stores-PKI": 4.831926549730444,
            "LLC-store-misses-PKI": 1.962425631769028
        },
        "210.012": {
            "instructions": 1009808229570,
            "LLC-loads": 15436531132,
            "LLC-load-misses": 1825922695,
            "LLC-stores": 4745301075,
            "LLC-store-misses": 1923111477,
            "CPU-utilization": 89.24,
            "user-CPU-utilization": 12.65,
            "sys-CPU-utilization": 75.49,
            "LLC-loads-PKI": 15.28659668239507,
            "LLC-load-misses-PKI": 1.8081875761475232,
            "LLC-stores-PKI": 4.69921014311862,
            "LLC-store-misses-PKI": 1.9044323671425274
        },
        "240.013": {
            "instructions": 1014706608999,
            "LLC-loads": 15701265095,
            "LLC-load-misses": 1742865164,
            "LLC-stores": 4912285826,
            "LLC-store-misses": 1986176380,
            "CPU-utilization": 90.09,
            "user-CPU-utilization": 11.69,
            "sys-CPU-utilization": 77.44,
            "LLC-loads-PKI": 15.473699447458191,
            "LLC-load-misses-PKI": 1.7176050185770668,
            "LLC-stores-PKI": 4.841089811020282,
            "LLC-store-misses-PKI": 1.9573898133563428
        },
        "270.014": {
            "instructions": 1009616901542,
            "LLC-loads": 15542734858,
            "LLC-load-misses": 1829577025,
            "LLC-stores": 4740334301,
            "LLC-store-misses": 1936288048,
            "CPU-utilization": 89.54,
            "user-CPU-utilization": 12.77,
            "sys-CPU-utilization": 75.69,
            "LLC-loads-PKI": 15.394685681530683,
            "LLC-load-misses-PKI": 1.812149759186544,
            "LLC-stores-PKI": 4.695181205623668,
            "LLC-store-misses-PKI": 1.9178443279254578
        },
        "300.015": {
            "instructions": 1005592158160,
            "LLC-loads": 15382751699,
            "LLC-load-misses": 1725592279,
            "LLC-stores": 4831824462,
            "LLC-store-misses": 1926047006,
            "CPU-utilization": 89.1,
            "user-CPU-utilization": 12.22,
            "sys-CPU-utilization": 75.89,
            "LLC-loads-PKI": 15.29720729639227,
            "LLC-load-misses-PKI": 1.7159961570876137,
            "LLC-stores-PKI": 4.804954397060053,
            "LLC-store-misses-PKI": 1.9153361433567844
        },
        "330.016": {
            "instructions": 997941012843,
            "LLC-loads": 15378686051,
            "LLC-load-misses": 1810439436,
            "LLC-stores": 4701495029,
            "LLC-store-misses": 1905596045,
            "CPU-utilization": 88.47,
            "user-CPU-utilization": 12.83,
            "sys-CPU-utilization": 74.53,
            "LLC-loads-PKI": 15.410415899420936,
            "LLC-load-misses-PKI": 1.814174798610893,
            "LLC-stores-PKI": 4.711195319657293,
            "LLC-store-misses-PKI": 1.90952773808866
        },
        "360.017": {
            "instructions": 997000106934,
            "LLC-loads": 15212619049,
            "LLC-load-misses": 1749256515,
            "LLC-stores": 4773196313,
            "LLC-store-misses": 1919644631,
            "CPU-utilization": 88.18,
            "user-CPU-utilization": 12.32,
            "sys-CPU-utilization": 74.82,
            "LLC-loads-PKI": 15.25839259514448,
            "LLC-load-misses-PKI": 1.7545198870433003,
            "LLC-stores-PKI": 4.787558476476652,
            "LLC-store-misses-PKI": 1.92542068716857
        },
        "390.018": {
            "instructions": 986969359781,
            "LLC-loads": 15282229449,
            "LLC-load-misses": 1786333376,
            "LLC-stores": 4631497258,
            "LLC-store-misses": 1883290064,
            "CPU-utilization": 87.78,
            "user-CPU-utilization": 12.5,
            "sys-CPU-utilization": 74.24,
            "LLC-loads-PKI": 15.483995827784355,
            "LLC-load-misses-PKI": 1.8099177631982133,
            "LLC-stores-PKI": 4.692645432303683,
            "LLC-store-misses-PKI": 1.908154539283657
        },
        "420.02": {
            "instructions": 981064110928,
            "LLC-loads": 14765522306,
            "LLC-load-misses": 1773342263,
            "LLC-stores": 4642042532,
            "LLC-store-misses": 1859154978,
            "CPU-utilization": 86.94,
            "user-CPU-utilization": 13.44,
            "sys-CPU-utilization": 72.39,
            "LLC-loads-PKI": 15.050517230757855,
            "LLC-load-misses-PKI": 1.8075702120247523,
            "LLC-stores-PKI": 4.731640348772964,
            "LLC-store-misses-PKI": 1.8950392306588442
        },
        "450.021": {
            "instructions": 984772466570,
            "LLC-loads": 15361063694,
            "LLC-load-misses": 1772036004,
            "LLC-stores": 4647325611,
            "LLC-store-misses": 1896186866,
            "CPU-utilization": 87.75,
            "user-CPU-utilization": 12.43,
            "sys-CPU-utilization": 74.3,
            "LLC-loads-PKI": 15.598591771663935,
            "LLC-load-misses-PKI": 1.7994369909346357,
            "LLC-stores-PKI": 4.719187191724411,
            "LLC-store-misses-PKI": 1.9255075973077223
        },
        "480.022": {
            "instructions": 970129518908,
            "LLC-loads": 14580123604,
            "LLC-load-misses": 1757937704,
            "LLC-stores": 4610266576,
            "LLC-store-misses": 1827579107,
            "CPU-utilization": 86.43,
            "user-CPU-utilization": 13.53,
            "sys-CPU-utilization": 71.75,
            "LLC-loads-PKI": 15.029048513451814,
            "LLC-load-misses-PKI": 1.8120649560058484,
            "LLC-stores-PKI": 4.752217602026398,
            "LLC-store-misses-PKI": 1.8838506316735573
        },
        "510.023": {
            "instructions": 971511374224,
            "LLC-loads": 14964661226,
            "LLC-load-misses": 1758445733,
            "LLC-stores": 4496854216,
            "LLC-store-misses": 1850426034,
            "CPU-utilization": 86.59,
            "user-CPU-utilization": 13.31,
            "sys-CPU-utilization": 72.18,
            "LLC-loads-PKI": 15.403485355951808,
            "LLC-load-misses-PKI": 1.8100104431660085,
            "LLC-stores-PKI": 4.628720090479525,