{
    "Total-Time-Stats-Collected": [
        90.0,
        810.0
    ],
    "time": {
        "120.006": {
            "instructions": 56554650166,
            "LLC-loads": 377019940,
            "LLC-load-misses": 56403016,
            "LLC-stores": 79683098,
            "LLC-store-misses": 48069995,
            "CPU-utilization": 4.91,
            "user-CPU-utilization": 3.34,
            "sys-CPU-utilization": 1.29,
            "LLC-loads-PKI": 6.666471084046418,
            "LLC-load-misses-PKI": 0.9973188028649294,
            "LLC-stores-PKI": 1.4089574909598601,
            "LLC-store-misses-PKI": 0.8499742259726526
        },
        "150.008": {
            "instructions": 54316365333,
            "LLC-loads": 381753444,
            "LLC-load-misses": 59137370,
            "LLC-stores": 76305150,
            "LLC-store-misses": 46339213,
            "CPU-utilization": 4.93,
            "user-CPU-utilization": 3.31,
            "sys-CPU-utilization": 1.37,
            "LLC-loads-PKI": 7.028331915428535,
            "LLC-load-misses-PKI": 1.0887578658373702,
            "LLC-stores-PKI": 1.4048279838349322,
            "LLC-store-misses-PKI": 0.8531353803942131
        },
        "180.012": {
            "instructions": 53864738996,
            "LLC-loads": 374207629,
            "LLC-load-misses": 54459453,
            "LLC-stores": 77062222,
            "LLC-store-misses": 46220760,
            "CPU-utilization": 4.9,
            "user-CPU-utilization": 3.29,
            "sys-CPU-utilization": 1.33,
            "LLC-loads-PKI": 6.947172416964439,
            "LLC-load-misses-PKI": 1.011040877855997,
            "LLC-stores-PKI": 1.4306617545426639,
            "LLC-store-misses-PKI": 0.8580893709228288
        },
        "210.016": {
            "instructions": 53107879306,
            "LLC-loads": 374243419,
            "LLC-load-misses": 52657279,
            "LLC-stores": 77089703,
            "LLC-store-misses": 45165429,
            "CPU-utilization": 4.91,
            "user-CPU-utilization": 3.23,
            "sys-CPU-utilization": 1.4,
            "LLC-loads-PKI": 7.046853007322379,
            "LLC-load-misses-PKI": 0.9915153775317651,
            "LLC-stores-PKI": 1.4515680913527005,
            "LLC-store-misses-PKI": 0.8504468562896903
        },
        "240.019": {
            "instructions": 54335105460,
            "LLC-loads": 375330063,
            "LLC-load-misses": 56139350,
            "LLC-stores": 78522421,
            "LLC-store-misses": 45990803,
            "CPU-utilization": 5.01,
            "user-CPU-utilization": 3.36,
            "sys-CPU-utilization": 1.37,
            "LLC-loads-PKI": 6.907689969909188,
            "LLC-load-misses-PKI": 1.0332058716869195,
            "LLC-stores-PKI": 1.4451507977251654,
            "LLC-store-misses-PKI": 0.8464288899532394
        },
        "270.021": {
            "instructions": 53785511217,
            "LLC-loads": 375389422,
            "LLC-load-misses": 53491852,
            "LLC-stores": 78102346,
            "LLC-store-misses": 44503975,
            "CPU-utilization": 4.82,
            "user-CPU-utilization": 3.23,
            "sys-CPU-utilization": 1.32,
            "LLC-loads-PKI": 6.979378154192398,
            "LLC-load-misses-PKI": 0.9945401798671165,
            "LLC-stores-PKI": 1.4521075329170465,
            "LLC-store-misses-PKI": 0.8274342660878831
        },
        "300.023": {
            "instructions": 53541897659,
            "LLC-loads": 374427591,
            "LLC-load-misses": 53638529,
            "LLC-stores": 77132400,
            "LLC-store-misses": 46357652,
            "CPU-utilization": 4.88,
            "user-CPU-utilization": 3.25,
            "sys-CPU-utilization": 1.34,
            "LLC-loads-PKI": 6.993169972881256,
            "LLC-load-misses-PKI": 1.0018047799055503,
            "LLC-stores-PKI": 1.4405989210775498,
            "LLC-store-misses-PKI": 0.865820115216025
        },
        "330.025": {
            "instructions": 53192394604,
            "LLC-loads": 371363369,
            "LLC-load-misses": 51992196,
            "LLC-stores": 79632137,
            "LLC-store-misses": 43877916,
            "CPU-utilization": 4.75,
            "user-CPU-utilization": 3.14,
            "sys-CPU-utilization": 1.34,
            "LLC-loads-PKI": 6.981512521943766,
            "LLC-load-misses-PKI": 0.9774366502404133,
            "LLC-stores-PKI": 1.4970586978239133,
            "LLC-store-misses-PKI": 0.8248907823506866
        },
        "360.027": {
            "instructions": 54616770576,
            "LLC-loads": 376026292,
            "LLC-load-misses": 57397880,
            "LLC-stores": 79247500,
            "LLC-store-misses": 45793590,
            "CPU-utilization": 4.95,
            "user-CPU-utilization": 3.31,
            "sys-CPU-utilization": 1.36,
            "LLC-loads-PKI": 6.884813730917212,
            "LLC-load-misses-PKI": 1.0509204296531969,
            "LLC-stores-PKI": 1.4509737423915607,
            "LLC-store-misses-PKI": 0.838452905894126
        },
        "390.031": {
            "instructions": 53425549891,
            "LLC-loads": 373177360,
            "LLC-load-misses": 52815985,
            "LLC-stores": 77470253,
            "LLC-store-misses": 46860102,
            "CPU-utilization": 4.9,
            "user-CPU-utilization": 3.27,
            "sys-CPU-utilization": 1.36,
            "LLC-loads-PKI": 6.984998016143302,
            "LLC-load-misses-PKI": 0.9885903862057828,
            "LLC-stores-PKI": 1.4500600023407628,
            "LLC-store-misses-PKI": 0.8771103357027682
        },
        "420.034": {
            "instructions": 56472679078,
            "LLC-loads": 377001798,
            "LLC-load-misses": 57009148,
            "LLC-stores": 81146176,
            "LLC-store-misses": 48728778,
            "CPU-utilization": 5.01,
            "user-CPU-utilization": 3.4,
            "sys-CPU-utilization": 1.31,
            "LLC-loads-PKI": 6.675826331513076,
            "LLC-load-misses-PKI": 1.0094996187671392,
            "LLC-stores-PKI": 1.4369103312403682,
            "LLC-store-misses-PKI": 0.8628734955658092
        },
        "450.036": {
            "instructions": 53551598718,
            "LLC-loads": 371199985,
            "LLC-load-misses": 53410961,
            "LLC-stores": 78396143,
            "LLC-store-misses": 47076675,
            "CPU-utilization": 4.97,
            "user-CPU-utilization": 3.29,
            "sys-CPU-utilization": 1.39,
            "LLC-loads-PKI": 6.931632180669718,
            "LLC-load-misses-PKI": 0.9973737904868053,
            "LLC-stores-PKI": 1.4639365560836028,
            "LLC-store-misses-PKI": 0.8790900015497835
        },
        "480.039": {
            "instructions": 57094773475,
            "LLC-loads": 381747110,
            "LLC-load-misses": 55736331,
            "LLC-stores": 78440080,
            "LLC-store-misses": 46401210,
            "CPU-utilization": 5.0,
            "user-CPU-utilization": 3.38,
            "sys-CPU-utilization": 1.34,
            "LLC-loads-PKI": 6.686200623375011,
            "LLC-load-misses-PKI": 0.9762072359286122,
            "LLC-stores-PKI": 1.373857451844457,
            "LLC-store-misses-PKI": 0.8127050371837911
        },
        "510.041": {
            "instructions": 55518472873,
            "LLC-loads": 374902210,
            "LLC-load-misses": 51989146,
            "LLC-stores": 81510281,
            "LLC-store-misses": 44643658,
            "CPU-utilization": 4.95,
            "user-CPU-utilization": 3.3,
            "sys-CPU-utilization": 1.34,
            "LLC-loads-PKI": 6.752747159627371,
            "LLC-load-misses-PKI": 0.936429683844629,
            "LLC-stores-PKI": 1.46816504096676,
            "LLC-store-misses-PKI": 0.8041225864069346
        },
        "540.044": {
            "instructions": 54531538429,
            "LLC-loads": 375816219,
            "LLC-load-misses": 54102523,