{
    "Total-Time-Stats-Collected": [
        90.0,
        810.0
    ],
    "time": {
        "120.002": {
            "instructions": 976088330957,
            "LLC-loads": 15918274173,
            "LLC-load-misses": 1372480338,
            "LLC-stores": 4915437067,
            "LLC-store-misses": 2026500837,
            "CPU-utilization": 87.59,
            "user-CPU-utilization": 7.56,
            "sys-CPU-utilization": 79.54,
            "LLC-loads-PKI": 16.30823120013434,
            "LLC-load-misses-PKI": 1.4061025979629935,
            "LLC-stores-PKI": 5.035852710359409,
            "LLC-store-misses-PKI": 2.0761449273890293
        },
        "150.003": {
            "instructions": 870489996822,
            "LLC-loads": 13386202202,
            "LLC-load-misses": 1191753780,
            "LLC-stores": 4418439099,
            "LLC-store-misses": 1765282318,
            "CPU-utilization": 79.45,
            "user-CPU-utilization": 10.11,
            "sys-CPU-utilization": 68.65,
            "LLC-loads-PKI": 15.37777832125651,
            "LLC-load-misses-PKI": 1.369060855783381,
            "LLC-stores-PKI": 5.075806861803024,
            "LLC-store-misses-PKI": 2.027917982337216
        },
        "180.004": {
            "instructions": 981049067745,
            "LLC-loads": 16049259040,
            "LLC-load-misses": 1368909617,
            "LLC-stores": 4915879337,
            "LLC-store-misses": 2020258656,
            "CPU-utilization": 87.25,
            "user-CPU-utilization": 7.5,
            "sys-CPU-utilization": 79.28,
            "LLC-loads-PKI": 16.359282698153095,
            "LLC-load-misses-PKI": 1.3953528544158555,
            "LLC-stores-PKI": 5.010839415300034,
            "LLC-store-misses-PKI": 2.059284007724186
        },
        "210.005": {
            "instructions": 885905898209,
            "LLC-loads": 13727639208,
            "LLC-load-misses": 1193202885,
            "LLC-stores": 4495474255,
            "LLC-store-misses": 1783733537,
            "CPU-utilization": 80.31,
            "user-CPU-utilization": 9.65,
            "sys-CPU-utilization": 70.01,
            "LLC-loads-PKI": 15.495595227159692,
            "LLC-load-misses-PKI": 1.3468731695005642,
            "LLC-stores-PKI": 5.074437662158382,
            "LLC-store-misses-PKI": 2.013457118420931
        },
        "240.006": {
            "instructions": 977147697026,
            "LLC-loads": 16062369089,
            "LLC-load-misses": 1326447155,
            "LLC-stores": 4903428027,
            "LLC-store-misses": 2023975048,
            "CPU-utilization": 87.04,
            "user-CPU-utilization": 7.5,
            "sys-CPU-utilization": 79.06,
            "LLC-loads-PKI": 16.438015601824226,
            "LLC-load-misses-PKI": 1.3574684349531918,
            "LLC-stores-PKI": 5.018103242655987,
            "LLC-store-misses-PKI": 2.071309234172146
        },
        "270.007": {
            "instructions": 875025038424,
            "LLC-loads": 13497333776,
            "LLC-load-misses": 1188021285,
            "LLC-stores": 4418406690,
            "LLC-store-misses": 1761594072,
            "CPU-utilization": 79.53,
            "user-CPU-utilization": 9.86,
            "sys-CPU-utilization": 68.99,
            "LLC-loads-PKI": 15.425082921409803,
            "LLC-load-misses-PKI": 1.3576997603859826,
            "LLC-stores-PKI": 5.049463153600672,
            "LLC-store-misses-PKI": 2.0131927598012416
        },
        "300.008": {
            "instructions": 1001620707224,
            "LLC-loads": 16464982013,
            "LLC-load-misses": 1372621738,
            "LLC-stores": 5026325081,
            "LLC-store-misses": 2084392018,
            "CPU-utilization": 88.52,
            "user-CPU-utilization": 7.21,
            "sys-CPU-utilization": 80.93,
            "LLC-loads-PKI": 16.438340276163853,
            "LLC-load-misses-PKI": 1.370400719653882,
            "LLC-stores-PKI": 5.01819206087552,
            "LLC-store-misses-PKI": 2.0810192949953175
        },
        "330.009": {
            "instructions": 859921069293,
            "LLC-loads": 13205408494,
            "LLC-load-misses": 1205330339,
            "LLC-stores": 4347418407,
            "LLC-store-misses": 1722762920,
            "CPU-utilization": 78.9,
            "user-CPU-utilization": 10.17,
            "sys-CPU-utilization": 68.04,
            "LLC-loads-PKI": 15.356535576988561,
            "LLC-load-misses-PKI": 1.4016755514444885,
            "LLC-stores-PKI": 5.055601685134091,
            "LLC-store-misses-PKI": 2.003396569194893
        },
        "360.01": {
            "instructions": 985997823969,
            "LLC-loads": 16206286829,
            "LLC-load-misses": 1342959537,
            "LLC-stores": 5006370271,
            "LLC-store-misses": 2058063472,
            "CPU-utilization": 88.17,
            "user-CPU-utilization": 7.03,
            "sys-CPU-utilization": 80.71,
            "LLC-loads-PKI": 16.436432652319453,
            "LLC-load-misses-PKI": 1.3620309338960803,
            "LLC-stores-PKI": 5.07746584150413,
            "LLC-store-misses-PKI": 2.0872900750587315
        },
        "390.01": {
            "instructions": 861339565621,
            "LLC-loads": 13362490649,
            "LLC-load-misses": 1208257164,
            "LLC-stores": 4328201021,
            "LLC-store-misses": 1724877671,
            "CPU-utilization": 78.51,
            "user-CPU-utilization": 10.25,
            "sys-CPU-utilization": 67.57,
            "LLC-loads-PKI": 15.513615282918119,
            "LLC-load-misses-PKI": 1.4027651953139793,
            "LLC-stores-PKI": 5.024964826594837,
            "LLC-store-misses-PKI": 2.002552465770471
        },
        "420.011": {
            "instructions": 988054504298,
            "LLC-loads": 16234542063,
            "LLC-load-misses": 1343605096,
            "LLC-stores": 4992273134,
            "LLC-store-misses": 2052856135,
            "CPU-utilization": 87.83,
            "user-CPU-utilization": 7.12,
            "sys-CPU-utilization": 80.26,
            "LLC-loads-PKI": 16.430816308594668,
            "LLC-load-misses-PKI": 1.359849168396448,
            "LLC-stores-PKI": 5.052629295533596,
            "LLC-store-misses-PKI": 2.0776749926953957
        },
        "450.012": {
            "instructions": 847226485343,
            "LLC-loads": 13146622935,
            "LLC-load-misses": 1200770181,
            "LLC-stores": 4202739149,
            "LLC-store-misses": 1696706587,
            "CPU-utilization": 77.59,
            "user-CPU-utilization": 10.41,
            "sys-CPU-utilization": 66.45,
            "LLC-loads-PKI": 15.517247350544743,
            "LLC-load-misses-PKI": 1.417295377060678,
            "LLC-stores-PKI": 4.9605851820113,
            "LLC-store-misses-PKI": 2.0026599927563495
        },
        "480.014": {
            "instructions": 986227190209,
            "LLC-loads": 16187065496,
            "LLC-load-misses": 1352199365,
            "LLC-stores": 4993440116,
            "LLC-store-misses": 2059496283,
            "CPU-utilization": 87.71,
            "user-CPU-utilization": 7.07,
            "sys-CPU-utilization": 80.18,
            "LLC-loads-PKI": 16.41312027968896,
            "LLC-load-misses-PKI": 1.371083030790749,
            "LLC-stores-PKI": 5.063174251910249,
            "LLC-store-misses-PKI": 2.0882574557324407
        },
        "510.016": {
            "instructions": 850958619138,
            "LLC-loads": 13055100848,
            "LLC-load-misses": 1218667066,
            "LLC-stores": 4121173911,
            "LLC-store-misses": 1673161389,
            "CPU-utilization": 77.37,
            "user-CPU-utilization": 11.35,
            "sys-CPU-utilization": 65.26,
            "LLC-loads-PKI": 15.341640068496508,
            "LLC-load-misses-PKI": 1.432110843691177,
            "LLC-stores-PKI": 4.84297804654079,