{
    "Total-Time-Stats-Collected": [
        90.0,
        810.0
    ],
    "time": {
        "120.01": {
            "instructions": 1068735719899,
            "LLC-loads": 17159155114,
            "LLC-load-misses": 2327317375,
            "LLC-stores": 5431425817,
            "LLC-store-misses": 2131560157,
            "CPU-utilization": 99.51,
            "user-CPU-utilization": 6.58,
            "sys-CPU-utilization": 92.77,
            "LLC-loads-PKI": 16.05556434066002,
            "LLC-load-misses-PKI": 2.1776359970638404,
            "LLC-stores-PKI": 5.082103756682983,
            "LLC-store-misses-PKI": 1.9944689012560013
        },
        "150.011": {
            "instructions": 1060687629481,
            "LLC-loads": 15918447115,
            "LLC-load-misses": 2265616155,
            "LLC-stores": 5381573535,
            "LLC-store-misses": 2101676667,
            "CPU-utilization": 98.14,
            "user-CPU-utilization": 7.15,
            "sys-CPU-utilization": 90.85,
            "LLC-loads-PKI": 15.007667358946177,
            "LLC-load-misses-PKI": 2.135988100576395,
            "LLC-stores-PKI": 5.073664842903119,
            "LLC-store-misses-PKI": 1.9814284701598355
        },
        "180.012": {
            "instructions": 1032572780138,
            "LLC-loads": 14532306380,
            "LLC-load-misses": 2223666166,
            "LLC-stores": 5496618211,
            "LLC-store-misses": 2134067124,
            "CPU-utilization": 97.53,
            "user-CPU-utilization": 6.83,
            "sys-CPU-utilization": 90.57,
            "LLC-loads-PKI": 14.07388095012325,
            "LLC-load-misses-PKI": 2.1535200314914498,
            "LLC-stores-PKI": 5.323225942742162,
            "LLC-store-misses-PKI": 2.0667474148551435
        },
        "210.013": {
            "instructions": 990411595293,
            "LLC-loads": 13991354450,
            "LLC-load-misses": 2386717664,
            "LLC-stores": 5784130826,
            "LLC-store-misses": 2249231832,
            "CPU-utilization": 99.15,
            "user-CPU-utilization": 4.46,
            "sys-CPU-utilization": 94.6,
            "LLC-loads-PKI": 14.126808002344566,
            "LLC-load-misses-PKI": 2.4098240320923563,
            "LLC-stores-PKI": 5.840128340065366,
            "LLC-store-misses-PKI": 2.2710071678175323
        },
        "240.014": {
            "instructions": 985406920058,
            "LLC-loads": 13882950940,
            "LLC-load-misses": 2506578904,
            "LLC-stores": 5776208654,
            "LLC-store-misses": 2226605352,
            "CPU-utilization": 99.86,
            "user-CPU-utilization": 5.45,
            "sys-CPU-utilization": 94.27,
            "LLC-loads-PKI": 14.088546221273608,
            "LLC-load-misses-PKI": 2.5436993113996658,
            "LLC-stores-PKI": 5.861749635023894,
            "LLC-store-misses-PKI": 2.2595795774084317
        },
        "270.015": {
            "instructions": 991819397831,
            "LLC-loads": 14578427296,
            "LLC-load-misses": 2333260334,
            "LLC-stores": 5855381568,
            "LLC-store-misses": 2263541891,
            "CPU-utilization": 99.8,
            "user-CPU-utilization": 4.67,
            "sys-CPU-utilization": 95.0,
            "LLC-loads-PKI": 14.698671278139365,
            "LLC-load-misses-PKI": 2.3525052434975398,
            "LLC-stores-PKI": 5.903677202528077,
            "LLC-store-misses-PKI": 2.2822117574531386
        },
        "300.016": {
            "instructions": 1023726377372,
            "LLC-loads": 15494168311,
            "LLC-load-misses": 2257483362,
            "LLC-stores": 5671814759,
            "LLC-store-misses": 2223939628,
            "CPU-utilization": 99.81,
            "user-CPU-utilization": 5.93,
            "sys-CPU-utilization": 93.66,
            "LLC-loads-PKI": 15.135067976635474,
            "LLC-load-misses-PKI": 2.2051628363774,
            "LLC-stores-PKI": 5.540362038497115,
            "LLC-store-misses-PKI": 2.1723965281709923
        },
        "330.017": {
            "instructions": 1043493154822,
            "LLC-loads": 16828845700,
            "LLC-load-misses": 2296768905,
            "LLC-stores": 5573091905,
            "LLC-store-misses": 2190683671,
            "CPU-utilization": 99.85,
            "user-CPU-utilization": 5.62,
            "sys-CPU-utilization": 94.06,
            "LLC-loads-PKI": 16.12741360327436,
            "LLC-load-misses-PKI": 2.201038784381662,
            "LLC-stores-PKI": 5.34080351102127,
            "LLC-store-misses-PKI": 2.0993752195467814
        },
        "360.018": {
            "instructions": 782760447318,
            "LLC-loads": 8345663634,
            "LLC-load-misses": 1388774257,
            "LLC-stores": 3008393120,
            "LLC-store-misses": 1198065773,
            "CPU-utilization": 67.67,
            "user-CPU-utilization": 17.87,
            "sys-CPU-utilization": 49.06,
            "LLC-loads-PKI": 10.661836149993327,
            "LLC-load-misses-PKI": 1.7742008576933168,
            "LLC-stores-PKI": 3.8433126383784013,
            "LLC-store-misses-PKI": 1.5305650369854218
        },
        "390.019": {
            "instructions": 964663786874,
            "LLC-loads": 13788057090,
            "LLC-load-misses": 2078719765,
            "LLC-stores": 5567681448,
            "LLC-store-misses": 2143235823,
            "CPU-utilization": 94.68,
            "user-CPU-utilization": 5.42,
            "sys-CPU-utilization": 89.17,
            "LLC-loads-PKI": 14.293121891390054,
            "LLC-load-misses-PKI": 2.154864516824153,
            "LLC-stores-PKI": 5.771628958978664,
            "LLC-store-misses-PKI": 2.221743836725924
        },
        "420.02": {
            "instructions": 956346570879,
            "LLC-loads": 13643430871,
            "LLC-load-misses": 2415912764,
            "LLC-stores": 6094730937,
            "LLC-store-misses": 2325264441,
            "CPU-utilization": 99.84,
            "user-CPU-utilization": 2.77,
            "sys-CPU-utilization": 97.02,
            "LLC-loads-PKI": 14.266199395120966,
            "LLC-load-misses-PKI": 2.526189602770761,
            "LLC-stores-PKI": 6.372931239140842,
            "LLC-store-misses-PKI": 2.4314035432393473
        },
        "450.021": {
            "instructions": 968305408111,
            "LLC-loads": 13454699355,
            "LLC-load-misses": 2507135141,
            "LLC-stores": 5979890089,
            "LLC-store-misses": 2280544056,
            "CPU-utilization": 99.83,
            "user-CPU-utilization": 3.69,
            "sys-CPU-utilization": 96.09,
            "LLC-loads-PKI": 13.89509884205629,
            "LLC-load-misses-PKI": 2.589198738330912,
            "LLC-stores-PKI": 6.175623970401811,
            "LLC-store-misses-PKI": 2.355190869427194
        },
        "480.022": {
            "instructions": 990395301945,
            "LLC-loads": 13402210365,
            "LLC-load-misses": 2611624747,
            "LLC-stores": 5811880000,
            "LLC-store-misses": 2218223410,
            "CPU-utilization": 99.78,
            "user-CPU-utilization": 5.47,
            "sys-CPU-utilization": 94.26,
            "LLC-loads-PKI": 13.532182895738606,
            "LLC-load-misses-PKI": 2.63695187353083,
            "LLC-stores-PKI": 5.868242699239655,
            "LLC-store-misses-PKI": 2.23973539216484
        },
        "510.023": {
            "instructions": 970421208390,
            "LLC-loads": 13510809242,
            "LLC-load-misses": 2577050669,
            "LLC-stores": 5904114469,
            "LLC-store-misses": 2278155154,
            "CPU-utilization": 99.79,
            "user-CPU-utilization": 3.94,
            "sys-CPU-utilization": 95.79,
            "LLC-loads-PKI": 13.922623624864325,
            "LLC-load-misses-PKI": 2.6556001112913803,
            "LLC-stores-PKI": 6.084074026777876,