{
    "Total-Time-Stats-Collected": [
        90.0,
        810.0
    ],
    "time": {
        "120.005": {
            "instructions": 179286062506,
            "LLC-loads": 1426218109,
            "LLC-load-misses": 426586165,
            "LLC-stores": 547793836,
            "LLC-store-misses": 187066640,
            "CPU-utilization": 26.94,
            "user-CPU-utilization": 16.84,
            "sys-CPU-utilization": 7.99,
            "LLC-loads-PKI": 7.954985954093727,
            "LLC-load-misses-PKI": 2.3793604423976005,
            "LLC-stores-PKI": 3.0554178520244286,
            "LLC-store-misses-PKI": 1.0433975591032882
        },
        "150.007": {
            "instructions": 179931737702,
            "LLC-loads": 1432974085,
            "LLC-load-misses": 429064412,
            "LLC-stores": 546757300,
            "LLC-store-misses": 190397274,
            "CPU-utilization": 27.24,
            "user-CPU-utilization": 17.05,
            "sys-CPU-utilization": 8.02,
            "LLC-loads-PKI": 7.963987361547457,
            "LLC-load-misses-PKI": 2.3845954998256587,
            "LLC-stores-PKI": 3.0386929342367073,
            "LLC-store-misses-PKI": 1.0581639261180973
        },
        "180.009": {
            "instructions": 178604215625,
            "LLC-loads": 1428666516,
            "LLC-load-misses": 423557520,
            "LLC-stores": 544150934,
            "LLC-store-misses": 185911368,
            "CPU-utilization": 27.01,
            "user-CPU-utilization": 17.05,
            "sys-CPU-utilization": 7.83,
            "LLC-loads-PKI": 7.999063801493067,
            "LLC-load-misses-PKI": 2.371486689257702,
            "LLC-stores-PKI": 3.046685836030361,
            "LLC-store-misses-PKI": 1.0409125414505456
        },
        "210.01": {
            "instructions": 180892813990,
            "LLC-loads": 1437714053,
            "LLC-load-misses": 439328375,
            "LLC-stores": 546259996,
            "LLC-store-misses": 197200632,
            "CPU-utilization": 27.25,
            "user-CPU-utilization": 17.15,
            "sys-CPU-utilization": 7.95,
            "LLC-loads-PKI": 7.947878200841515,
            "LLC-load-misses-PKI": 2.4286668182644706,
            "LLC-stores-PKI": 3.0197993162414845,
            "LLC-store-misses-PKI": 1.0901518288664662
        },
        "240.012": {
            "instructions": 179626274107,
            "LLC-loads": 1419803045,
            "LLC-load-misses": 421770681,
            "LLC-stores": 550180894,
            "LLC-store-misses": 185691837,
            "CPU-utilization": 27.15,
            "user-CPU-utilization": 17.07,
            "sys-CPU-utilization": 7.95,
            "LLC-loads-PKI": 7.904205841035537,
            "LLC-load-misses-PKI": 2.348045591307868,
            "LLC-stores-PKI": 3.062919924911806,
            "LLC-store-misses-PKI": 1.033767681944941
        },
        "270.014": {
            "instructions": 178140611301,
            "LLC-loads": 1415624273,
            "LLC-load-misses": 425872238,
            "LLC-stores": 543785183,
            "LLC-store-misses": 185771354,
            "CPU-utilization": 26.84,
            "user-CPU-utilization": 16.84,
            "sys-CPU-utilization": 7.88,
            "LLC-loads-PKI": 7.946667874671503,
            "LLC-load-misses-PKI": 2.39065216454441,
            "LLC-stores-PKI": 3.052561563747971,
            "LLC-store-misses-PKI": 1.0428355030516119
        },
        "300.016": {
            "instructions": 176583855149,
            "LLC-loads": 1417022904,
            "LLC-load-misses": 422125397,
            "LLC-stores": 543671256,
            "LLC-store-misses": 185457097,
            "CPU-utilization": 26.75,
            "user-CPU-utilization": 16.87,
            "sys-CPU-utilization": 7.8,
            "LLC-loads-PKI": 8.024645870395839,
            "LLC-load-misses-PKI": 2.390509577695051,
            "LLC-stores-PKI": 3.0788276512666157,
            "LLC-store-misses-PKI": 1.050249451420759
        },
        "330.018": {
            "instructions": 177935765438,
            "LLC-loads": 1420082174,
            "LLC-load-misses": 432198341,
            "LLC-stores": 542829225,
            "LLC-store-misses": 190101273,
            "CPU-utilization": 26.99,
            "user-CPU-utilization": 16.96,
            "sys-CPU-utilization": 7.91,
            "LLC-loads-PKI": 7.980869784691003,
            "LLC-load-misses-PKI": 2.4289571010983475,
            "LLC-stores-PKI": 3.050703289829293,
            "LLC-store-misses-PKI": 1.0683702207482226
        },
        "360.02": {
            "instructions": 178667984804,
            "LLC-loads": 1425194166,
            "LLC-load-misses": 427336246,
            "LLC-stores": 543878187,
            "LLC-store-misses": 187298430,
            "CPU-utilization": 27.05,
            "user-CPU-utilization": 16.94,
            "sys-CPU-utilization": 7.98,
            "LLC-loads-PKI": 7.976774168933777,
            "LLC-load-misses-PKI": 2.391789701265119,
            "LLC-stores-PKI": 3.0440718721747384,
            "LLC-store-misses-PKI": 1.0483043742026177
        },
        "390.022": {
            "instructions": 176183316626,
            "LLC-loads": 1415581837,
            "LLC-load-misses": 424857543,
            "LLC-stores": 538884516,
            "LLC-store-misses": 185288510,
            "CPU-utilization": 26.81,
            "user-CPU-utilization": 16.76,
            "sys-CPU-utilization": 7.9,
            "LLC-loads-PKI": 8.034709892565942,
            "LLC-load-misses-PKI": 2.4114516126511734,
            "LLC-stores-PKI": 3.0586580291477774,
            "LLC-store-misses-PKI": 1.051680224599974
        },
        "420.024": {
            "instructions": 177247157394,
            "LLC-loads": 1412090856,
            "LLC-load-misses": 420997067,
            "LLC-stores": 544664813,
            "LLC-store-misses": 184541309,
            "CPU-utilization": 26.63,
            "user-CPU-utilization": 16.64,
            "sys-CPU-utilization": 7.89,
            "LLC-loads-PKI": 7.966789858644022,
            "LLC-load-misses-PKI": 2.3751978490925643,
            "LLC-stores-PKI": 3.072911413689264,
            "LLC-store-misses-PKI": 1.0411524320798327
        },
        "450.026": {
            "instructions": 179668309840,
            "LLC-loads": 1418312205,
            "LLC-load-misses": 418122279,
            "LLC-stores": 541756773,
            "LLC-store-misses": 179828600,
            "CPU-utilization": 26.7,
            "user-CPU-utilization": 16.61,
            "sys-CPU-utilization": 7.96,
            "LLC-loads-PKI": 7.894058814618167,
            "LLC-load-misses-PKI": 2.3271899166433436,
            "LLC-stores-PKI": 3.0153162429281526,
            "LLC-store-misses-PKI": 1.00089214486485
        },
        "480.028": {
            "instructions": 180880993941,
            "LLC-loads": 1412388934,
            "LLC-load-misses": 424375225,
            "LLC-stores": 545598815,
            "LLC-store-misses": 186442043,
            "CPU-utilization": 26.78,
            "user-CPU-utilization": 16.79,
            "sys-CPU-utilization": 7.86,
            "LLC-loads-PKI": 7.808387731774046,
            "LLC-load-misses-PKI": 2.346157082365565,
            "LLC-stores-PKI": 3.0163413143227427,
            "LLC-store-misses-PKI": 1.0307442420446558
        },
        "510.03": {
            "instructions": 179737234989,
            "LLC-loads": 1418168416,
            "LLC-load-misses": 427925970,
            "LLC-stores": 541264785,
            "LLC-store-misses": 187716677,
            "CPU-utilization": 26.74,
            "user-CPU-utilization": 16.86,
            "sys-CPU-utilization": 7.73,
            "LLC-loads-PKI": 7.890231626667632,
            "LLC-load-misses-PKI": 2.3808420666212498,
            "LLC-stores-PKI": 3.0114226750685558,
            "LLC-store-misses-PKI": 1.0443950415254153
        },