{
    "Total-Time-Stats-Collected": [
        90.0,
        810.0
    ],
    "time": {
        "120.006": {
            "instructions": 59961931077,
            "LLC-loads": 474059136,
            "LLC-load-misses": 87574092,
            "LLC-stores": 139545933,
            "LLC-store-misses": 47201728,
            "CPU-utilization": 8.11,
            "user-CPU-utilization": 5.28,
            "sys-CPU-utilization": 2.25,
            "LLC-loads-PKI": 7.90600181623967,
            "LLC-load-misses-PKI": 1.4604948577713732,
            "LLC-stores-PKI": 2.327242143365969,
            "LLC-store-misses-PKI": 0.7871949277181549
        },
        "150.008": {
            "instructions": 58565422371,
            "LLC-loads": 466129608,
            "LLC-load-misses": 85204946,
            "LLC-stores": 139310536,
            "LLC-store-misses": 47431748,
            "CPU-utilization": 7.98,
            "user-CPU-utilization": 5.15,
            "sys-CPU-utilization": 2.27,
            "LLC-loads-PKI": 7.959126548207303,
            "LLC-load-misses-PKI": 1.4548677794935732,
            "LLC-stores-PKI": 2.3787164910635528,
            "LLC-store-misses-PKI": 0.8098933821313463
        },
        "180.01": {
            "instructions": 61740803854,
            "LLC-loads": 468272643,
            "LLC-load-misses": 89275223,
            "LLC-stores": 139930905,
            "LLC-store-misses": 50298050,
            "CPU-utilization": 7.94,
            "user-CPU-utilization": 5.15,
            "sys-CPU-utilization": 2.23,
            "LLC-loads-PKI": 7.584492163518568,
            "LLC-load-misses-PKI": 1.445967940603937,
            "LLC-stores-PKI": 2.2664250587164054,
            "LLC-store-misses-PKI": 0.8146646441296915
        },
        "210.012": {
            "instructions": 58380347646,
            "LLC-loads": 464439205,
            "LLC-load-misses": 86512672,
            "LLC-stores": 137707921,
            "LLC-store-misses": 48526494,
            "CPU-utilization": 7.83,
            "user-CPU-utilization": 5.01,
            "sys-CPU-utilization": 2.26,
            "LLC-loads-PKI": 7.955403208905379,
            "LLC-load-misses-PKI": 1.4818800416295144,
            "LLC-stores-PKI": 2.3588061146024235,
            "LLC-store-misses-PKI": 0.8312128302875026
        },
        "240.014": {
            "instructions": 59140456169,
            "LLC-loads": 467329736,
            "LLC-load-misses": 87901792,
            "LLC-stores": 137322819,
            "LLC-store-misses": 47950371,
            "CPU-utilization": 8.0,
            "user-CPU-utilization": 5.21,
            "sys-CPU-utilization": 2.23,
            "LLC-loads-PKI": 7.9020313043334784,
            "LLC-load-misses-PKI": 1.4863225225860872,
            "LLC-stores-PKI": 2.321977676458663,
            "LLC-store-misses-PKI": 0.8107879801091968
        },
        "270.016": {
            "instructions": 57566054348,
            "LLC-loads": 458601218,
            "LLC-load-misses": 89183321,
            "LLC-stores": 134296418,
            "LLC-store-misses": 48114953,
            "CPU-utilization": 7.77,
            "user-CPU-utilization": 5.01,
            "sys-CPU-utilization": 2.21,
            "LLC-loads-PKI": 7.966521645337206,
            "LLC-load-misses-PKI": 1.5492345621061046,
            "LLC-stores-PKI": 2.332909898395109,
            "LLC-store-misses-PKI": 0.8358216234368622
        },
        "300.018": {
            "instructions": 57522242103,
            "LLC-loads": 459155154,
            "LLC-load-misses": 83875171,
            "LLC-stores": 136102580,
            "LLC-store-misses": 47043367,
            "CPU-utilization": 7.75,
            "user-CPU-utilization": 5.01,
            "sys-CPU-utilization": 2.19,
            "LLC-loads-PKI": 7.982219350522384,
            "LLC-load-misses-PKI": 1.4581345916560786,
            "LLC-stores-PKI": 2.3660861437962226,
            "LLC-store-misses-PKI": 0.8178291610358928
        },
        "330.021": {
            "instructions": 59544626890,
            "LLC-loads": 459203799,
            "LLC-load-misses": 88582684,
            "LLC-stores": 135314405,
            "LLC-store-misses": 48078614,
            "CPU-utilization": 7.87,
            "user-CPU-utilization": 5.06,
            "sys-CPU-utilization": 2.26,
            "LLC-loads-PKI": 7.711926717557772,
            "LLC-load-misses-PKI": 1.4876688061820182,
            "LLC-stores-PKI": 2.272487243055089,
            "LLC-store-misses-PKI": 0.8074383283787842
        },
        "360.023": {
            "instructions": 57833660158,
            "LLC-loads": 460805681,
            "LLC-load-misses": 87464266,
            "LLC-stores": 135699542,
            "LLC-store-misses": 47346407,
            "CPU-utilization": 7.88,
            "user-CPU-utilization": 5.1,
            "sys-CPU-utilization": 2.19,
            "LLC-loads-PKI": 7.967776546410711,
            "LLC-load-misses-PKI": 1.512341874283073,
            "LLC-stores-PKI": 2.346376515497593,
            "LLC-store-misses-PKI": 0.8186652352739027
        },
        "390.025": {
            "instructions": 57032215567,
            "LLC-loads": 455851339,
            "LLC-load-misses": 82892331,
            "LLC-stores": 133893196,
            "LLC-store-misses": 46466027,
            "CPU-utilization": 7.69,
            "user-CPU-utilization": 4.89,
            "sys-CPU-utilization": 2.23,
            "LLC-loads-PKI": 7.992874456446065,
            "LLC-load-misses-PKI": 1.4534299636776375,
            "LLC-stores-PKI": 2.3476765661103536,
            "LLC-store-misses-PKI": 0.8147329809660453
        },
        "420.027": {
            "instructions": 57391682704,
            "LLC-loads": 456958668,
            "LLC-load-misses": 86699963,
            "LLC-stores": 133096671,
            "LLC-store-misses": 48055408,
            "CPU-utilization": 7.7,
            "user-CPU-utilization": 4.89,
            "sys-CPU-utilization": 2.24,
            "LLC-loads-PKI": 7.9621061183513895,
            "LLC-load-misses-PKI": 1.5106712142795793,
            "LLC-stores-PKI": 2.3190933725789438,
            "LLC-store-misses-PKI": 0.8373235586739594
        },
        "450.029": {
            "instructions": 56830556136,
            "LLC-loads": 456188609,
            "LLC-load-misses": 85024776,
            "LLC-stores": 133574731,
            "LLC-store-misses": 46021823,
            "CPU-utilization": 7.69,
            "user-CPU-utilization": 4.9,
            "sys-CPU-utilization": 2.22,
            "LLC-loads-PKI": 8.027171296868971,
            "LLC-load-misses-PKI": 1.4961102227563814,
            "LLC-stores-PKI": 2.350403375964598,
            "LLC-store-misses-PKI": 0.8098077184018075
        },
        "480.031": {
            "instructions": 60742110532,
            "LLC-loads": 460102723,
            "LLC-load-misses": 85114765,
            "LLC-stores": 136623722,
            "LLC-store-misses": 48598928,
            "CPU-utilization": 7.86,
            "user-CPU-utilization": 5.03,
            "sys-CPU-utilization": 2.26,
            "LLC-loads-PKI": 7.574691082846223,
            "LLC-load-misses-PKI": 1.4012480675191563,
            "LLC-stores-PKI": 2.249242260491167,
            "LLC-store-misses-PKI": 0.8000862593405812
        },
        "510.033": {
            "instructions": 57381447291,
            "LLC-loads": 453081559,
            "LLC-load-misses": 83331788,
            "LLC-stores": 132656653,
            "LLC-store-misses": 45735656,
            "CPU-utilization": 7.69,
            "user-CPU-utilization": 4.88,
            "sys-CPU-utilization": 2.23,
            "LLC-loads-PKI": 7.895959066739393,
            "LLC-load-misses-PKI": 1.4522427009795933,
            "LLC-stores-PKI": 2.311838743405249,
            "LLC-store-misses-PKI": 0.7970460516281439
        },
        "540.036": {
            "instructions": 56259453096,
            "LLC-loads": 449844008,