{
    "Total-Time-Stats-Collected": [
        90.0,
        810.0
    ],
    "time": {
        "120.005": {
            "instructions": 67603569854,
            "LLC-loads": 526257248,
            "LLC-load-misses": 94923763,
            "LLC-stores": 154201564,
            "LLC-store-misses": 56158096,
            "CPU-utilization": 9.21,
            "user-CPU-utilization": 6.23,
            "sys-CPU-utilization": 2.38,
            "LLC-loads-PKI": 7.784459446986765,
            "LLC-load-misses-PKI": 1.404123527869934,
            "LLC-stores-PKI": 2.2809677703858138,
            "LLC-store-misses-PKI": 0.8306971972231909
        },
        "150.007": {
            "instructions": 66426510566,
            "LLC-loads": 523664654,
            "LLC-load-misses": 94914938,
            "LLC-stores": 152155538,
            "LLC-store-misses": 55798988,
            "CPU-utilization": 9.13,
            "user-CPU-utilization": 6.18,
            "sys-CPU-utilization": 2.37,
            "LLC-loads-PKI": 7.883368395208682,
            "LLC-load-misses-PKI": 1.42887135258587,
            "LLC-stores-PKI": 2.2905845377625464,
            "LLC-store-misses-PKI": 0.8400108258668697
        },
        "180.009": {
            "instructions": 67069803742,
            "LLC-loads": 520397722,
            "LLC-load-misses": 97338921,
            "LLC-stores": 153762784,
            "LLC-store-misses": 55835991,
            "CPU-utilization": 9.28,
            "user-CPU-utilization": 6.3,
            "sys-CPU-utilization": 2.41,
            "LLC-loads-PKI": 7.759046440658064,
            "LLC-load-misses-PKI": 1.4513076760212,
            "LLC-stores-PKI": 2.292578409674274,
            "LLC-store-misses-PKI": 0.8325056565662017
        },
        "210.011": {
            "instructions": 66287690314,
            "LLC-loads": 517794759,
            "LLC-load-misses": 94153628,
            "LLC-stores": 151110208,
            "LLC-store-misses": 55137246,
            "CPU-utilization": 9.1,
            "user-CPU-utilization": 6.17,
            "sys-CPU-utilization": 2.37,
            "LLC-loads-PKI": 7.811326002569159,
            "LLC-load-misses-PKI": 1.4203787694819516,
            "LLC-stores-PKI": 2.279611905079237,
            "LLC-store-misses-PKI": 0.8317871046467127
        },
        "240.013": {
            "instructions": 65538039854,
            "LLC-loads": 519947900,
            "LLC-load-misses": 94902451,
            "LLC-stores": 149576723,
            "LLC-store-misses": 55028084,
            "CPU-utilization": 9.04,
            "user-CPU-utilization": 6.1,
            "sys-CPU-utilization": 2.39,
            "LLC-loads-PKI": 7.933528392950036,
            "LLC-load-misses-PKI": 1.4480514097067216,
            "LLC-stores-PKI": 2.282288627081526,
            "LLC-store-misses-PKI": 0.8396357920161608
        },
        "270.015": {
            "instructions": 66381600964,
            "LLC-loads": 517954176,
            "LLC-load-misses": 95967784,
            "LLC-stores": 149895985,
            "LLC-store-misses": 54152298,
            "CPU-utilization": 9.12,
            "user-CPU-utilization": 6.21,
            "sys-CPU-utilization": 2.33,
            "LLC-loads-PKI": 7.802676773054877,
            "LLC-load-misses-PKI": 1.4456985460782295,
            "LLC-stores-PKI": 2.258095358099173,
            "LLC-store-misses-PKI": 0.8157727022788712
        },
        "300.017": {
            "instructions": 65477819638,
            "LLC-loads": 511131681,
            "LLC-load-misses": 88409533,
            "LLC-stores": 150689576,
            "LLC-store-misses": 53025125,
            "CPU-utilization": 8.9,
            "user-CPU-utilization": 5.99,
            "sys-CPU-utilization": 2.35,
            "LLC-loads-PKI": 7.806180532977997,
            "LLC-load-misses-PKI": 1.3502210899626779,
            "LLC-stores-PKI": 2.301383534654954,
            "LLC-store-misses-PKI": 0.8098181230400486
        },
        "330.019": {
            "instructions": 64293616207,
            "LLC-loads": 511145275,
            "LLC-load-misses": 93258939,
            "LLC-stores": 147641554,
            "LLC-store-misses": 54906015,
            "CPU-utilization": 8.86,
            "user-CPU-utilization": 6.01,
            "sys-CPU-utilization": 2.29,
            "LLC-loads-PKI": 7.950171496876369,
            "LLC-load-misses-PKI": 1.450516310977798,
            "LLC-stores-PKI": 2.2963641292885537,
            "LLC-store-misses-PKI": 0.8539885954341775
        },
        "360.021": {
            "instructions": 64593930298,
            "LLC-loads": 512747290,
            "LLC-load-misses": 91411923,
            "LLC-stores": 147923234,
            "LLC-store-misses": 53476228,
            "CPU-utilization": 8.81,
            "user-CPU-utilization": 5.94,
            "sys-CPU-utilization": 2.31,
            "LLC-loads-PKI": 7.93801039253182,
            "LLC-load-misses-PKI": 1.4151782153257573,
            "LLC-stores-PKI": 2.29004851257023,
            "LLC-store-misses-PKI": 0.82788317343891
        },
        "390.023": {
            "instructions": 67474445112,
            "LLC-loads": 512716841,
            "LLC-load-misses": 93980619,
            "LLC-stores": 150027891,
            "LLC-store-misses": 54937472,
            "CPU-utilization": 8.84,
            "user-CPU-utilization": 6.0,
            "sys-CPU-utilization": 2.29,
            "LLC-loads-PKI": 7.598681843903239,
            "LLC-load-misses-PKI": 1.3928327805290244,
            "LLC-stores-PKI": 2.223477210534604,
            "LLC-store-misses-PKI": 0.8141967215708105
        },
        "420.025": {
            "instructions": 64893321892,
            "LLC-loads": 514429139,
            "LLC-load-misses": 92090202,
            "LLC-stores": 144804039,
            "LLC-store-misses": 53920477,
            "CPU-utilization": 8.77,
            "user-CPU-utilization": 5.94,
            "sys-CPU-utilization": 2.28,
            "LLC-loads-PKI": 7.927304751884161,
            "LLC-load-misses-PKI": 1.419101369987854,
            "LLC-stores-PKI": 2.2314166508688364,
            "LLC-store-misses-PKI": 0.8309094900356346
        },
        "450.027": {
            "instructions": 64424420620,
            "LLC-loads": 514193219,
            "LLC-load-misses": 92801778,
            "LLC-stores": 145825292,
            "LLC-store-misses": 53295987,
            "CPU-utilization": 8.89,
            "user-CPU-utilization": 6.01,
            "sys-CPU-utilization": 2.33,
            "LLC-loads-PKI": 7.9813402130988385,
            "LLC-load-misses-PKI": 1.4404751662010367,
            "LLC-stores-PKI": 2.263509560452761,
            "LLC-store-misses-PKI": 0.8272637376804709
        },
        "480.029": {
            "instructions": 64210519806,
            "LLC-loads": 518846766,
            "LLC-load-misses": 97935864,
            "LLC-stores": 144425300,
            "LLC-store-misses": 54000530,
            "CPU-utilization": 8.84,
            "user-CPU-utilization": 5.93,
            "sys-CPU-utilization": 2.35,
            "LLC-loads-PKI": 8.080401273305338,
            "LLC-load-misses-PKI": 1.5252308234833603,
            "LLC-stores-PKI": 2.2492467034428913,
            "LLC-store-misses-PKI": 0.8409919459171556
        },
        "510.031": {
            "instructions": 63256332762,
            "LLC-loads": 505970851,
            "LLC-load-misses": 88295351,
            "LLC-stores": 144764684,
            "LLC-store-misses": 51877706,
            "CPU-utilization": 8.64,
            "user-CPU-utilization": 5.72,
            "sys-CPU-utilization": 2.33,
            "LLC-loads-PKI": 7.998738290815873,
            "LLC-load-misses-PKI": 1.3958341741404539,
            "LLC-stores-PKI": 2.288540572604369,
            "LLC-store-misses-PKI": 0.8201187728537516
        },
        "540.033": {
            "instructions": 64227301432,
            "LLC-loads": 504716109,
            "LLC-load-misses": 89365681,