{
    "Total-Time-Stats-Collected": [
        90.0,
        810.0
    ],
    "time": {
        "120.036": {
            "instructions": 1017969789798,
            "LLC-loads": 15021693662,
            "LLC-load-misses": 2219087845,
            "LLC-stores": 5244337877,
            "LLC-store-misses": 2058788041,
            "CPU-utilization": 95.25,
            "user-CPU-utilization": 7.72,
            "sys-CPU-utilization": 87.24,
            "LLC-loads-PKI": 14.756522062389315,
            "LLC-load-misses-PKI": 2.179915226600529,
            "LLC-stores-PKI": 5.151761800358197,
            "LLC-store-misses-PKI": 2.0224451271864696
        },
        "150.043": {
            "instructions": 1006093693044,
            "LLC-loads": 15346586555,
            "LLC-load-misses": 2148963970,
            "LLC-stores": 5480982234,
            "LLC-store-misses": 2163163576,
            "CPU-utilization": 97.17,
            "user-CPU-utilization": 5.85,
            "sys-CPU-utilization": 91.11,
            "LLC-loads-PKI": 15.253635581958509,
            "LLC-load-misses-PKI": 2.135948157569872,
            "LLC-stores-PKI": 5.44778510380772,
            "LLC-store-misses-PKI": 2.1500617596112863
        },
        "180.044": {
            "instructions": 1032615721853,
            "LLC-loads": 15031379959,
            "LLC-load-misses": 2243838926,
            "LLC-stores": 5518341070,
            "LLC-store-misses": 2179140562,
            "CPU-utilization": 98.65,
            "user-CPU-utilization": 7.17,
            "sys-CPU-utilization": 91.11,
            "LLC-loads-PKI": 14.556605754584687,
            "LLC-load-misses-PKI": 2.17296606909441,
            "LLC-stores-PKI": 5.344041305218064,
            "LLC-store-misses-PKI": 2.1103112376495616
        },
        "210.051": {
            "instructions": 1050856796023,
            "LLC-loads": 16104972029,
            "LLC-load-misses": 2226004506,
            "LLC-stores": 5531145698,
            "LLC-store-misses": 2193507659,
            "CPU-utilization": 99.21,
            "user-CPU-utilization": 6.57,
            "sys-CPU-utilization": 92.46,
            "LLC-loads-PKI": 15.3255629976889,
            "LLC-load-misses-PKI": 2.1182757864100825,
            "LLC-stores-PKI": 5.263462841876069,
            "LLC-store-misses-PKI": 2.08735164229931
        },
        "240.052": {
            "instructions": 1044337364739,
            "LLC-loads": 17272667705,
            "LLC-load-misses": 2207128890,
            "LLC-stores": 5630951853,
            "LLC-store-misses": 2214972217,
            "CPU-utilization": 99.35,
            "user-CPU-utilization": 4.15,
            "sys-CPU-utilization": 95.1,
            "LLC-loads-PKI": 16.53935623505798,
            "LLC-load-misses-PKI": 2.1134251866508715,
            "LLC-stores-PKI": 5.391889673896024,
            "LLC-store-misses-PKI": 2.120935525038467
        },
        "270.053": {
            "instructions": 1060414370988,
            "LLC-loads": 17832991091,
            "LLC-load-misses": 2256175415,
            "LLC-stores": 5498624626,
            "LLC-store-misses": 2194934808,
            "CPU-utilization": 99.2,
            "user-CPU-utilization": 5.21,
            "sys-CPU-utilization": 93.91,
            "LLC-loads-PKI": 16.8170024651635,
            "LLC-load-misses-PKI": 2.127635645769206,
            "LLC-stores-PKI": 5.185354684392734,
            "LLC-store-misses-PKI": 2.069884064240807
        },
        "300.054": {
            "instructions": 1013457690147,
            "LLC-loads": 15605297543,
            "LLC-load-misses": 2125100036,
            "LLC-stores": 5263755170,
            "LLC-store-misses": 2063162994,
            "CPU-utilization": 94.71,
            "user-CPU-utilization": 6.12,
            "sys-CPU-utilization": 88.42,
            "LLC-loads-PKI": 15.398075020513666,
            "LLC-load-misses-PKI": 2.096880863069635,
            "LLC-stores-PKI": 5.193857840514786,
            "LLC-store-misses-PKI": 2.035766282162941
        },
        "330.055": {
            "instructions": 1030605906415,
            "LLC-loads": 15724589304,
            "LLC-load-misses": 2097663797,
            "LLC-stores": 5707560768,
            "LLC-store-misses": 2235608668,
            "CPU-utilization": 99.03,
            "user-CPU-utilization": 4.63,
            "sys-CPU-utilization": 94.27,
            "LLC-loads-PKI": 15.257616132531739,
            "LLC-load-misses-PKI": 2.0353694694966378,
            "LLC-stores-PKI": 5.538063320298597,
            "LLC-store-misses-PKI": 2.169217791286143
        },
        "360.056": {
            "instructions": 1019573373362,
            "LLC-loads": 15918591522,
            "LLC-load-misses": 2089905861,
            "LLC-stores": 5839467454,
            "LLC-store-misses": 2296671027,
            "CPU-utilization": 99.69,
            "user-CPU-utilization": 3.91,
            "sys-CPU-utilization": 95.67,
            "LLC-loads-PKI": 15.612992588762022,
            "LLC-load-misses-PKI": 2.0497846605277887,
            "LLC-stores-PKI": 5.727363627342094,
            "LLC-store-misses-PKI": 2.2525804292307328
        },
        "390.057": {
            "instructions": 1022841433526,
            "LLC-loads": 16572323594,
            "LLC-load-misses": 2059195801,
            "LLC-stores": 5858768073,
            "LLC-store-misses": 2296134967,
            "CPU-utilization": 99.76,
            "user-CPU-utilization": 3.02,
            "sys-CPU-utilization": 96.66,
            "LLC-loads-PKI": 16.202241179134578,
            "LLC-load-misses-PKI": 2.013211171844513,
            "LLC-stores-PKI": 5.727933852663071,
            "LLC-store-misses-PKI": 2.244859165593856
        },
        "420.058": {
            "instructions": 1025584333476,
            "LLC-loads": 15954568482,
            "LLC-load-misses": 2088161128,
            "LLC-stores": 5601832224,
            "LLC-store-misses": 2195551648,
            "CPU-utilization": 98.21,
            "user-CPU-utilization": 4.43,
            "sys-CPU-utilization": 93.68,
            "LLC-loads-PKI": 15.556564156869852,
            "LLC-load-misses-PKI": 2.036069643266314,
            "LLC-stores-PKI": 5.4620883345729165,
            "LLC-store-misses-PKI": 2.140781188182394
        },
        "450.059": {
            "instructions": 1004770879268,
            "LLC-loads": 15013914603,
            "LLC-load-misses": 2138467409,
            "LLC-stores": 5714107898,
            "LLC-store-misses": 2228161951,
            "CPU-utilization": 97.63,
            "user-CPU-utilization": 4.85,
            "sys-CPU-utilization": 92.64,
            "LLC-loads-PKI": 14.94262514249816,
            "LLC-load-misses-PKI": 2.1283134823313405,
            "LLC-stores-PKI": 5.6869760219990315,
            "LLC-store-misses-PKI": 2.217582134370047
        },
        "480.06": {
            "instructions": 1014492185628,
            "LLC-loads": 15103818225,
            "LLC-load-misses": 2211935505,
            "LLC-stores": 5803701832,
            "LLC-store-misses": 2289441935,
            "CPU-utilization": 99.78,
            "user-CPU-utilization": 4.36,
            "sys-CPU-utilization": 95.27,
            "LLC-loads-PKI": 14.888057728754509,
            "LLC-load-misses-PKI": 2.180337647086703,
            "LLC-stores-PKI": 5.720795008792838,
            "LLC-store-misses-PKI": 2.2567368851468967
        },
        "510.061": {
            "instructions": 1019837702992,
            "LLC-loads": 15131704729,
            "LLC-load-misses": 2251989789,
            "LLC-stores": 5768705851,
            "LLC-store-misses": 2259762172,
            "CPU-utilization": 99.82,
            "user-CPU-utilization": 5.18,
            "sys-CPU-utilization": 94.51,
            "LLC-loads-PKI": 14.83736547943521,
            "LLC-load-misses-PKI": 2.2081844811121534,
            "LLC-stores-PKI": 5.656494002992603,