{
    "Total-Time-Stats-Collected": [
        90.0,
        810.0
    ],
    "time": {
        "120.002": {
            "instructions": 1058344939623,
            "LLC-loads": 15706312585,
            "LLC-load-misses": 2311038152,
            "LLC-stores": 5524494709,
            "LLC-store-misses": 2152057718,
            "CPU-utilization": 99.43,
            "user-CPU-utilization": 7.55,
            "sys-CPU-utilization": 91.59,
            "LLC-loads-PKI": 14.840447567685116,
            "LLC-load-misses-PKI": 2.183634149394837,
            "LLC-stores-PKI": 5.2199377558019195,
            "LLC-store-misses-PKI": 2.0334180638371064
        },
        "150.003": {
            "instructions": 1032185897479,
            "LLC-loads": 14809476939,
            "LLC-load-misses": 2358016584,
            "LLC-stores": 5290741260,
            "LLC-store-misses": 2056436743,
            "CPU-utilization": 97.37,
            "user-CPU-utilization": 9.67,
            "sys-CPU-utilization": 87.2,
            "LLC-loads-PKI": 14.347683857307596,
            "LLC-load-misses-PKI": 2.2844882784769633,
            "LLC-stores-PKI": 5.125763947097176,
            "LLC-store-misses-PKI": 1.9923123809602703
        },
        "180.004": {
            "instructions": 1069401638895,
            "LLC-loads": 15838586874,
            "LLC-load-misses": 2508232165,
            "LLC-stores": 5346555182,
            "LLC-store-misses": 2033654663,
            "CPU-utilization": 99.53,
            "user-CPU-utilization": 8.92,
            "sys-CPU-utilization": 90.29,
            "LLC-loads-PKI": 14.810700019466795,
            "LLC-load-misses-PKI": 2.3454538255540043,
            "LLC-stores-PKI": 4.999576386963959,
            "LLC-store-misses-PKI": 1.9016752817971656
        },
        "210.005": {
            "instructions": 1073298396918,
            "LLC-loads": 17264468243,
            "LLC-load-misses": 2343987193,
            "LLC-stores": 5474460937,
            "LLC-store-misses": 2123037994,
            "CPU-utilization": 99.44,
            "user-CPU-utilization": 6.75,
            "sys-CPU-utilization": 92.53,
            "LLC-loads-PKI": 16.085431872977075,
            "LLC-load-misses-PKI": 2.1839100847730797,
            "LLC-stores-PKI": 5.100595466013957,
            "LLC-store-misses-PKI": 1.9780500931486995
        },
        "240.006": {
            "instructions": 1075793092514,
            "LLC-loads": 17541335346,
            "LLC-load-misses": 2331176652,
            "LLC-stores": 5487515026,
            "LLC-store-misses": 2125591638,
            "CPU-utilization": 99.61,
            "user-CPU-utilization": 6.34,
            "sys-CPU-utilization": 93.13,
            "LLC-loads-PKI": 16.305491704736635,
            "LLC-load-misses-PKI": 2.166937739442367,
            "LLC-stores-PKI": 5.100901896642906,
            "LLC-store-misses-PKI": 1.9758368526356178
        },
        "270.007": {
            "instructions": 1045958412561,
            "LLC-loads": 15429739950,
            "LLC-load-misses": 2227383992,
            "LLC-stores": 5056425205,
            "LLC-store-misses": 1913297114,
            "CPU-utilization": 94.4,
            "user-CPU-utilization": 8.84,
            "sys-CPU-utilization": 85.35,
            "LLC-loads-PKI": 14.751771929651307,
            "LLC-load-misses-PKI": 2.129514869091509,
            "LLC-stores-PKI": 4.834250716163259,
            "LLC-store-misses-PKI": 1.8292286681985237
        },
        "300.008": {
            "instructions": 1050751137853,
            "LLC-loads": 16156419868,
            "LLC-load-misses": 2270662867,
            "LLC-stores": 5624439784,
            "LLC-store-misses": 2160024651,
            "CPU-utilization": 99.69,
            "user-CPU-utilization": 5.63,
            "sys-CPU-utilization": 93.94,
            "LLC-loads-PKI": 15.376066973396208,
            "LLC-load-misses-PKI": 2.1609901576120545,
            "LLC-stores-PKI": 5.352780103091222,
            "LLC-store-misses-PKI": 2.0556957524819617
        },
        "330.008": {
            "instructions": 1036977000046,
            "LLC-loads": 15132990204,
            "LLC-load-misses": 2203202209,
            "LLC-stores": 5370594731,
            "LLC-store-misses": 2045235728,
            "CPU-utilization": 96.86,
            "user-CPU-utilization": 7.6,
            "sys-CPU-utilization": 88.95,
            "LLC-loads-PKI": 14.593371119444988,
            "LLC-load-misses-PKI": 2.124639417173444,
            "LLC-stores-PKI": 5.179087608270735,
            "LLC-store-misses-PKI": 1.9723057771862578
        },
        "360.009": {
            "instructions": 1038816202340,
            "LLC-loads": 16575337940,
            "LLC-load-misses": 2250386411,
            "LLC-stores": 5692751882,
            "LLC-store-misses": 2194175572,
            "CPU-utilization": 99.84,
            "user-CPU-utilization": 4.72,
            "sys-CPU-utilization": 94.97,
            "LLC-loads-PKI": 15.955987115586945,
            "LLC-load-misses-PKI": 2.1662989140243103,
            "LLC-stores-PKI": 5.480037632428828,
            "LLC-store-misses-PKI": 2.112188438202522
        },
        "390.01": {
            "instructions": 871262368391,
            "LLC-loads": 12367413892,
            "LLC-load-misses": 1888811594,
            "LLC-stores": 4242328692,
            "LLC-store-misses": 1591860938,
            "CPU-utilization": 81.35,
            "user-CPU-utilization": 9.96,
            "sys-CPU-utilization": 70.87,
            "LLC-loads-PKI": 14.19482160676751,
            "LLC-load-misses-PKI": 2.167902187131248,
            "LLC-stores-PKI": 4.8691747123596105,
            "LLC-store-misses-PKI": 1.8270741349012494
        },
        "420.011": {
            "instructions": 978788736585,
            "LLC-loads": 15074191851,
            "LLC-load-misses": 2048125874,
            "LLC-stores": 5788778285,
            "LLC-store-misses": 2224109850,
            "CPU-utilization": 97.38,
            "user-CPU-utilization": 3.62,
            "sys-CPU-utilization": 93.7,
            "LLC-loads-PKI": 15.400863626193686,
            "LLC-load-misses-PKI": 2.092510668998832,
            "LLC-stores-PKI": 5.914226501213207,
            "LLC-store-misses-PKI": 2.2723083816431453
        },
        "450.012": {
            "instructions": 941126872932,
            "LLC-loads": 12971530632,
            "LLC-load-misses": 2193472240,
            "LLC-stores": 5427933372,
            "LLC-store-misses": 2065600946,
            "CPU-utilization": 93.4,
            "user-CPU-utilization": 6.06,
            "sys-CPU-utilization": 87.18,
            "LLC-loads-PKI": 13.782977625097782,
            "LLC-load-misses-PKI": 2.330687076404933,
            "LLC-stores-PKI": 5.76748313974899,
            "LLC-store-misses-PKI": 2.1948166664976823
        },
        "480.013": {
            "instructions": 968493837773,
            "LLC-loads": 13666599657,
            "LLC-load-misses": 2441608284,
            "LLC-stores": 6026440176,
            "LLC-store-misses": 2273877669,
            "CPU-utilization": 99.83,
            "user-CPU-utilization": 3.32,
            "sys-CPU-utilization": 96.44,
            "LLC-loads-PKI": 14.111189069024556,
            "LLC-load-misses-PKI": 2.5210364679390715,
            "LLC-stores-PKI": 6.222486856351589,
            "LLC-store-misses-PKI": 2.3478493928558812
        },
        "510.014": {
            "instructions": 979297199566,
            "LLC-loads": 14023081169,
            "LLC-load-misses": 2378321051,
            "LLC-stores": 5989192737,
            "LLC-store-misses": 2268959238,
            "CPU-utilization": 99.78,
            "user-CPU-utilization": 3.8,
            "sys-CPU-utilization": 95.91,
            "LLC-loads-PKI": 14.319535658035862,
            "LLC-load-misses-PKI": 2.4285998694308657,
            "LLC-stores-PKI": 6.115807070268617,